user_id,age,education,income10k,asset10k,debt10k,children,exp_years,risk_label,action_mean,action_std,avg_mkt_ret,q_sentiment
672,48,本科,22.030501084000683,135.29665161779775,49.81739244450904,2,7,1,0.1375,0.641854335069647,0.0005342589151154751,0
951,33,高中及以下,6.221766417874037,42.84660479945616,18.365210965734697,2,3,0,-0.16666666666666666,0.6315728302329228,0.00034093561345093323,-1
1483,25,大专,20.17999241381697,141.4850505685986,29.61602016575681,0,8,1,0.23333333333333334,0.6498578323229783,0.0005785224331242638,-1
721,61,大专,17.116455331259854,94.47634511490357,40.213736706676414,1,1,0,-0.175,0.6553608990089285,0.0001714854974801408,0
1405,26,大专,14.145197857526458,103.7048476339495,30.75722864063968,1,7,1,0.2833333333333333,0.6093186170854438,0.00043438427755638267,1
154,39,本科,13.47317393659084,83.30298568192688,37.42154435831841,1,6,0,-0.2125,0.6664792274853403,-0.00043780010039569747,1
463,38,大专,9.480603552095626,63.445347835496754,25.28274735099981,1,2,0,-0.15416666666666667,0.6445647661766611,0.00041848103243811237,0
465,63,本科,8.708786689437323,34.51522291255232,24.16065603878662,1,8,0,-0.10416666666666667,0.6796375890433998,0.0002808671266699586,1
1242,63,大专,11.44561455835426,72.33786158426419,26.625691646073427,1,8,0,-0.1125,0.6658511399598068,-0.00031260305987823876,0
1509,50,本科,17.814196075330585,143.28695345863454,51.36562592440256,2,7,0,-0.1,0.6324555320336758,0.0006078464407206353,-1
1594,51,大专,14.94355481705609,95.3027594156464,41.63924191950308,1,9,0,-0.10416666666666667,0.6857663255639964,-0.00039789818586024716,1
595,56,本科,10.298228120757948,68.67243240751822,32.08391234675868,1,5,0,-0.17083333333333334,0.6784051977051482,0.0008903536936176378,1
110,32,高中及以下,7.538764556173069,10.570259455805086,7.39918161906356,1,0,0,-0.1375,0.7040305361388093,-8.84195419952082e-05,0
1223,49,高中及以下,11.80598942026998,34.11694396431865,23.881860775023053,1,8,0,-0.12916666666666668,0.6753143800149313,0.0003842234896394069,0
460,52,本科,12.764541396167727,76.92347747167005,34.66457748931665,1,1,0,-0.1375,0.6736601454975643,0.0013363249509007677,-1
1116,64,大专,14.305074277071029,83.45595806068027,34.07668139360965,3,4,0,-0.20416666666666666,0.6033235472364147,-0.0005059516655858272,0
249,21,硕士及以上,24.439729169085183,219.0528487250604,53.131447849304784,0,6,1,0.30833333333333335,0.6108617047378255,0.00038168261843805776,1
586,51,大专,17.28409263360069,88.8917891038737,30.328553577824888,0,7,0,-0.16666666666666666,0.5975309495786169,0.00012326627141069648,-1
1818,26,大专,15.251616465952315,89.35011715739692,20.722096504185235,0,5,0,-0.19166666666666668,0.657061205804256,0.0008758093046475108,0
1793,32,硕士及以上,26.39232107673036,254.1832014288134,83.15075884440047,1,5,1,0.25833333333333336,0.6067380833713261,-0.0005472463586787896,0
82,27,硕士及以上,25.16643487344925,220.2093040109442,48.93971500632148,0,0,1,0.31666666666666665,0.5855060155811633,0.000835367067665562,-1
1246,58,大专,10.071614858662484,44.15526960012626,18.741883627884437,3,6,0,-0.13333333333333333,0.6524281436037599,-0.00027033228638709516,0
1568,60,本科,23.42804701487029,185.73033947535487,64.27096587332265,1,9,1,0.25,0.6102335104191623,-0.00014953509464882885,0
350,43,本科,24.52256848557776,185.28190053805417,56.35542897538796,2,1,0,-0.09166666666666666,0.6783666493999622,0.0002692372937817371,0
100,57,高中及以下,11.785643381356603,58.13739626672097,18.742626876455592,1,9,0,-0.10833333333333334,0.6108617047378254,-0.00021066039651072786,-1
34,59,大专,10.591927237347832,46.91300642004188,20.025555613723466,1,8,0,-0.14583333333333334,0.6963618346391337,8.0081258842242e-05,0
1120,20,大专,11.291998492830396,97.59238433570654,28.473128619241,0,5,0,-0.12916666666666668,0.6564639436743582,0.0001589325697376047,1
357,60,大专,12.91428193461843,84.69030886607338,30.003665123826256,1,5,0,-0.12083333333333333,0.6386958251337141,-0.00023381732643282417,1
283,42,本科,11.415374631835268,68.16661374888746,24.6456556515404,2,5,0,-0.09166666666666666,0.6467923212546907,-0.0014014615079376068,1
1558,64,大专,9.482587313880796,50.59875822053253,27.29749150541596,3,4,0,-0.2125,0.6789189659621361,0.0013958479011528862,1
1385,30,本科,13.261568321804122,79.0312765865234,25.728995952370408,0,3,0,-0.0375,0.7164022735678759,-0.0012323538447606105,1
1409,32,硕士及以上,27.594464217253197,257.6840591793318,68.45433447309398,0,5,1,0.25,0.6170519735608287,0.0010643715750621313,0
1173,27,高中及以下,3.0,11.066297121945798,0.0,0,3,0,-0.08333333333333333,0.6543492514072999,-0.0016487199821531254,0
228,44,硕士及以上,30.733335163082423,254.3968265508697,88.66648699822433,1,5,1,0.24583333333333332,0.580347008203079,0.0005496090565205945,0
390,53,硕士及以上,31.89414858560516,274.4400598355126,75.40577207686836,0,8,1,0.19583333333333333,0.6264592448796001,2.926362624970397e-05,-1
1082,63,本科,17.43479814564308,107.35291695666216,44.892488016823705,1,8,0,-0.15833333333333333,0.6596034479197866,0.0002560615860567949,-1
241,46,大专,17.884038494325733,138.2007194560505,50.949128948757405,2,3,0,-0.24166666666666667,0.6783666493999622,0.000343302618958817,0
648,63,硕士及以上,38.27272547310389,351.81005824896323,125.63191136092745,1,8,1,0.3125,0.6582673465861647,-0.00037381639271564084,1
1125,57,大专,16.94367811440573,98.15386102266535,38.9690361983858,1,9,0,-0.07916666666666666,0.689113897507369,0.0007451759872775879,1
1619,64,硕士及以上,24.557739411978925,217.1448493487436,78.1463989646238,3,4,1,0.3458333333333333,0.5938873895952188,-1.4206769972420789e-05,0
329,44,高中及以下,11.652597642937977,65.7200318204813,14.790456540299562,0,7,0,-0.11666666666666667,0.649213664480222,0.00047314478337361337,0
1463,22,本科,18.32991650959123,145.82946634703748,29.604335058715,0,2,1,0.25,0.6753272877699334,0.0005331608396615052,-1
753,62,本科,11.936406004787049,106.54426041940629,32.87965484370401,1,2,0,-0.13333333333333333,0.6898345363833045,0.0011946276293355604,-1
490,61,高中及以下,5.107795599792827,24.9371171319142,8.961385303115494,1,8,0,-0.16666666666666666,0.6638714062772432,0.00016361986481701555,0
428,21,本科,6.703930612111943,48.99188336289304,16.409376447000874,0,8,1,0.3,0.6217804103227184,-0.00037606755415697557,0
818,49,大专,10.840921554586096,69.91575412594932,29.03568137646253,1,6,0,-0.18333333333333332,0.7024563398137218,0.0003745875248062686,1
1812,50,本科,19.262246572961963,139.78426923464315,52.074577322245005,1,5,0,-0.22083333333333333,0.6247872720261781,0.000325112011321339,0
412,32,本科,16.838163803116146,107.84338800499448,41.06972250091548,2,8,0,-0.09166666666666666,0.6659165933842548,-0.00047615202585736793,-1
1534,56,硕士及以上,26.425316796214272,240.01982578028267,86.18944749748043,2,0,0,-0.1875,0.6223269196966169,0.0001150165423121268,0
596,46,高中及以下,9.43918049944708,46.634106222485904,14.523125978258552,0,9,0,-0.15833333333333333,0.6203769043789027,0.0009915482185390333,1
218,40,本科,13.455011527431411,92.93509128707068,34.77156565494948,2,1,0,-0.175,0.6617145221215953,0.0007829500604647275,-1
1849,27,大专,9.748963124304712,41.18154471202435,14.21587785178015,0,0,0,-0.1125,0.6658511399598067,0.0019477062179645737,0
234,42,大专,10.90178508492994,48.91878220787208,18.811960284638683,2,2,0,-0.22083333333333333,0.6824023320719926,-0.00013265977989877556,1
268,47,大专,19.817479071532368,111.72988300670328,41.01375145542725,1,0,0,-0.16666666666666666,0.6249128251617212,9.795535296438688e-05,1
1508,58,本科,7.2087516862603636,52.97603377472307,13.706017673787407,1,0,0,-0.17916666666666667,0.651023761957422,-0.0005489280793976696,0
1148,51,本科,22.303087611684816,123.07887254414926,54.70109394089276,1,7,1,0.2375,0.6642783229765734,0.000529516102298572,0
1202,64,本科,14.954484280883396,104.37395653359133,33.174042408212685,0,3,0,-0.11666666666666667,0.6556268626167311,0.0005340644200311068,0
267,35,硕士及以上,25.131651545707903,229.97005138149285,80.83443713191836,2,8,1,0.22083333333333333,0.6314486013308871,0.0005219309034629311,-1
1962,26,高中及以下,9.548551269465928,34.989761843241695,11.700059447732494,0,7,0,-0.11666666666666667,0.6556268626167312,0.0012355130919052089,-1
1610,54,本科,13.166032394169829,107.97285070164384,35.358750579554545,2,7,0,-0.12916666666666668,0.6304538888746826,0.0012843631198402046,0
1156,25,高中及以下,13.773218085863045,58.580491113220624,32.012720865993344,0,6,0,-0.125,0.66044868734766,0.0006939187070505276,0
1510,35,大专,8.898683539407896,52.02865913521529,10.392810052180906,0,7,0,-0.12083333333333333,0.6452135753996934,-0.0005247527084270704,0
1676,26,大专,11.839441197734937,61.610083168677626,21.56262628652393,0,8,0,-0.17083333333333334,0.6845449679240813,0.00023008508531219212,0
806,44,高中及以下,7.629597633168194,55.16597489629925,17.90330472018004,1,6,0,-0.075,0.59513368281287,0.00010992949122403792,1
1204,49,大专,15.008287713172402,58.78063998922342,28.047969183923342,0,7,0,-0.14583333333333334,0.6465092404965451,8.964452831419255e-05,1
1298,43,高中及以下,13.523239161103238,80.58497373843103,21.61400171869665,2,4,0,-0.15416666666666667,0.6700272689552674,0.0013190086606492987,0
535,26,大专,21.10537969034892,132.20879275038646,37.83784676802612,0,9,1,0.2791666666666667,0.5938873895952188,0.00105202701117683,-1
1666,53,本科,27.452294966372257,211.15506916295809,57.0070844566136,0,2,1,0.20833333333333334,0.6389823673857102,0.0011281183388808687,0
328,26,大专,8.53908836456521,64.78518666460333,14.946299554021737,1,8,0,-0.2,0.6545623597833808,0.00026116710232145624,0
1869,54,高中及以下,9.928329977440445,47.79394545081864,5.932716116749127,0,9,0,-0.14583333333333334,0.6334333401185792,-0.00015409766804221843,0
852,63,本科,11.921718157640193,109.98827699003314,24.811389721195443,2,6,0,-0.2,0.6481386286963373,-7.607702312871915e-05,0
73,25,硕士及以上,18.13158661795699,138.41138963302257,40.78460852107334,0,3,1,0.26666666666666666,0.6235722884191053,0.0009416861439080018,-1
1142,61,本科,13.876887143976935,58.24746227680452,40.77322359376316,2,6,0,-0.15416666666666667,0.6314486013308871,-0.000708852432745158,-1
1579,47,硕士及以上,34.36119430886049,315.452848176327,75.72940979408912,0,3,1,0.23333333333333334,0.6433871318224357,0.0009351030755398871,1
439,37,硕士及以上,20.613960182694843,184.5411814159548,72.12286502103814,1,4,1,0.26666666666666666,0.6235722884191053,0.0006512600586299005,-1
1583,38,高中及以下,14.045587441928,53.01893983771805,13.194763177342097,0,6,0,-0.09583333333333334,0.6163593791286771,0.0005995972657699862,0
807,24,大专,6.062535881343494,47.8606481764426,7.123609910895169,0,6,0,-0.10833333333333334,0.597005544900181,-0.00015658190779461363,-1
1569,64,硕士及以上,21.461665508075303,235.15627861139265,72.10228458219895,1,3,0,-0.15,0.6487838639270016,0.000568994486584796,0
1290,30,硕士及以上,22.037590366087613,209.71923360460357,71.6964807951043,1,0,0,-0.15416666666666667,0.6762431086380652,0.00020153953109918257,1
421,51,大专,12.27421566378551,73.57286839856391,15.85287404182191,0,0,0,-0.1375,0.6418543350696468,5.328902355783123e-05,0
1138,53,本科,17.213410835757667,100.51168951492896,43.15778536499624,1,5,0,-0.0875,0.6633328427351131,1.321558355979387e-05,0
141,29,本科,24.338117804019525,188.94957289823856,39.31742389466629,0,2,1,0.25416666666666665,0.5980996171394155,0.0002346091501058426,1
273,63,本科,20.39845265298765,120.74418693985896,48.59064328323164,1,8,1,0.3125,0.6389141546961766,0.0007218297318772217,0
799,39,本科,32.2264719745382,246.1464714338921,82.8425538539954,1,5,1,0.2375,0.6049395695812833,0.0005763413321822168,0
1960,57,本科,13.832020584650518,110.9448733499088,36.30166716709109,1,1,0,-0.175,0.6680077167394334,0.0004817634725003634,0
1399,33,本科,25.642804071469325,175.77328038071977,56.03654219068585,0,0,1,0.30833333333333335,0.6176732333135556,0.001254306230921525,1
958,63,本科,10.932413381736737,102.11599785278877,26.765654484459382,1,3,0,-0.2791666666666667,0.647802314147444,5.280875053942373e-05,0
844,20,高中及以下,12.299501331538853,64.05691291198048,22.687521661840137,0,2,0,-0.15,0.629139014512365,-0.00029043373886969155,1
1473,29,本科,15.333739086586515,100.81179611906344,37.741176454528,1,5,1,0.25,0.6237959112659636,0.0005460758641005713,0
63,63,本科,11.94973575155483,78.49931383333082,33.376352877092266,1,7,0,-0.15416666666666667,0.6510237619574216,0.0001619464228610011,0
1521,52,本科,20.94925123157636,146.319131722719,48.87418654020472,3,0,0,-0.05416666666666667,0.6413108742084169,0.000307739896698792,-1
772,20,本科,16.839371547523214,121.27869610285356,22.85496820835436,0,9,1,0.22916666666666666,0.6081587319406867,0.0003264293324986425,0
637,33,硕士及以上,31.62853991659361,297.62553601863056,93.2059905632453,2,5,1,0.2,0.6350962764295885,-0.0007793240194320457,1
1431,28,本科,7.067967799914246,41.62407496219741,12.542523904333262,1,2,0,-0.15416666666666667,0.6445647661766613,0.0009284181849844627,1
563,28,硕士及以上,33.01738145438832,288.14598367295486,78.8749765082891,0,0,1,0.3125,0.5983327603016646,-0.0003102248967979191,0
349,27,高中及以下,7.214147364734503,21.14862826650124,10.05391293513587,0,9,0,-0.0875,0.6569948701582273,-0.00030435459922170487,0
904,40,本科,17.309764623592333,109.60816347006384,46.7291582601776,2,1,0,-0.175,0.6926089177672429,0.0007022994802441874,0
808,37,大专,10.211941377288763,78.25638740194276,26.12005811576022,2,4,0,-0.1,0.6709763073469289,-8.036951699877126e-05,0
1920,37,硕士及以上,19.189998814981937,153.32046730486908,61.17524376364491,1,0,0,-0.1375,0.6674202505131075,-0.0013292472682764694,0
127,54,本科,23.892254251591652,151.5193651231237,65.19047608971229,1,6,1,0.31666666666666665,0.6335571798499882,0.0003857724443993232,-1
1153,60,本科,13.90864980540771,109.02087457892192,30.929186394411424,2,4,0,-0.1875,0.6486629312103165,0.0005138498659867437,1
1637,47,大专,13.4870702689571,70.34455347980273,29.445827751622303,2,0,0,-0.09166666666666666,0.6532292918040731,0.000525678075595129,1
946,63,大专,15.481915100583771,110.264830635442,37.901095132082574,1,9,0,-0.175,0.642465179037861,0.0005469650831814111,0
1165,24,大专,16.18139726616432,112.06540216633093,31.002909848679103,0,4,1,0.2791666666666667,0.6214298310087015,2.7668401748754293e-05,0
1919,43,本科,28.185639484799065,197.0365526693608,78.398294832134,1,9,1,0.24166666666666667,0.6203769043789029,7.270503128345828e-05,0
305,26,硕士及以上,32.54579801106938,281.8682087474915,109.33419269721898,1,5,1,0.2708333333333333,0.6383681907813036,0.00011022879712056623,-1
737,35,大专,16.43941671009783,90.3081110980339,39.02499039643173,1,4,0,-0.18333333333333332,0.6134248915955481,-0.00014135588683979018,1
1506,61,硕士及以上,23.18763698159457,229.98068492657544,55.46659673431671,0,8,1,0.2,0.6672243134949656,0.0008257260796474617,-1
1663,44,大专,12.201691606663465,69.67944974778594,36.212679947877,1,3,0,-0.09583333333333334,0.6621754224505988,0.001173362325578258,1
887,28,高中及以下,14.794033280054803,68.230262487311,23.11197685864797,0,2,0,-0.16666666666666666,0.6511442562127722,0.0005454120390561291,0
689,55,大专,9.58287421956182,67.43621757374967,20.41720753803658,1,9,0,-0.15416666666666667,0.6380403881883604,0.0009176692324214775,0
642,58,大专,4.510322407492518,25.8230625187777,15.243077407390205,2,5,0,-0.14583333333333334,0.6780967499048496,0.0007394301209810956,1
1866,24,大专,11.869572148844671,94.0190247293211,20.98041205338571,0,8,0,-0.12916666666666668,0.693652733264572,0.0006812121650294847,-1
178,60,大专,20.07741208248847,116.93998259246312,44.6716944058045,1,7,1,0.30833333333333335,0.6244104611462258,-0.0002015024809677999,-1
1614,22,大专,20.2141519193412,146.60484313807416,34.616018903151975,0,5,1,0.30833333333333335,0.6244104611462256,-2.350083076058107e-07,0
1470,60,大专,21.73544743065805,109.68899698101214,46.54243837555836,2,0,0,-0.09583333333333334,0.6621754224505988,0.0008543015490480685,-1
1259,56,大专,16.881445958591055,81.39344573080615,30.58381808962873,2,4,0,-0.16666666666666666,0.6381633338928556,-0.0003230754357159717,0
980,46,本科,11.39788426577795,77.48193502789509,32.37792582411608,1,0,0,-0.19166666666666668,0.6570612058042561,0.0006448772253091452,0
1945,25,大专,16.61497664123664,99.70556763865793,19.796600815753077,0,0,0,-0.175,0.6742421749343859,8.120991636147489e-05,0
397,28,硕士及以上,28.09495593320054,258.66898997152606,63.07506192642344,0,1,1,0.275,0.5923147981299149,-0.0006474683014362145,1
792,52,大专,20.93496364954419,128.5390133746107,51.9957387308965,2,3,0,-0.1375,0.6418543350696471,-0.00018722116514282251,0
1248,34,大专,14.396075239020696,99.06158196092402,33.920688678521444,1,0,0,-0.17083333333333334,0.6659558623510428,-1.6911405681289093e-05,1
46,40,高中及以下,21.498320348074195,96.80552864008858,43.15619608634959,2,9,0,-0.15833333333333333,0.6467923212546905,0.00014779591695320148,-1
1987,29,本科,16.31261798436692,135.24766669381862,44.70779295574308,1,7,1,0.23333333333333334,0.5890682428209311,-3.0189267942313e-05,0
115,45,高中及以下,14.44491590202324,72.1795848580581,17.21909333453147,0,1,0,-0.16666666666666666,0.6575386249002445,-0.000641941708797753,0
342,47,大专,8.340067799615195,22.35222367828881,14.317939059226845,0,0,0,-0.20833333333333334,0.6257492022817178,0.0006147606352927566,-1
227,46,大专,13.742160802618931,81.65435283612742,23.735114719381723,0,1,0,-0.14583333333333334,0.6842392878725545,0.0006052424547699423,1
145,58,大专,7.705967701578317,58.95358060397177,12.440175826512704,0,6,0,-0.175,0.6424651790378608,0.0005850460692071237,1
1504,46,大专,18.090350466372428,124.93517706962524,31.823408034605613,0,6,0,-0.12083333333333333,0.6254565975106471,-0.0007497989459903901,1
1518,42,本科,16.765570720863586,122.09271385900554,43.30202109038588,2,6,0,-0.17083333333333334,0.6403314823218057,2.769183572674729e-05,0
1348,53,高中及以下,3.0,53.57895217862512,7.186866434600377,1,2,0,-0.14583333333333334,0.6593258676262138,0.00041445624088977954,1
802,43,高中及以下,7.768973678263688,10.96754932520374,7.677284527642619,1,7,0,-0.175,0.6021231612014524,0.001552941584150197,0
1264,30,本科,9.803050472677157,76.93377558497268,24.262380785093946,1,5,0,-0.19166666666666668,0.6696759140409507,-0.00024069575906819073,1
1482,33,高中及以下,5.665738200383227,13.11629561981295,0.7710931067014641,2,6,0,-0.1,0.6647112186386662,8.082340380587954e-05,1
1584,48,高中及以下,9.201936662396635,32.76510472027357,22.935573304191497,1,7,0,-0.125,0.6604486873476598,-5.641514303728141e-05,0
1794,41,本科,12.711726019385676,85.77827026745112,36.55160254761199,1,2,0,-0.18333333333333332,0.6657594943548085,-0.0002005196746874549,0
25,48,大专,14.92183353587832,98.6643589639254,38.507345575089445,1,9,0,-0.19583333333333333,0.6590084898384991,0.0004068063715837778,-1
1175,35,本科,25.34381872327291,196.98188839560677,47.84288898615444,0,8,1,0.2,0.654562359783381,-0.00069721371819887,1
1905,31,本科,24.002101999551,188.7617410947888,47.76307257464495,0,5,1,0.3,0.5653894869614461,-0.000282694406727007,1
1799,43,本科,29.209189000054927,199.4985650283033,74.86307411906138,2,5,1,0.23333333333333334,0.6100049157265862,0.0008958001032351205,-1
197,25,本科,21.342088426430045,135.34565172085658,33.97787217726496,0,1,1,0.22083333333333333,0.5903542420460898,0.00010189761207339166,0
550,56,高中及以下,16.550198464334752,104.00515855853348,23.32695996133191,0,2,0,-0.1,0.701462906506838,0.00043227115783447793,0
1928,28,大专,16.976430301690197,82.43407713302469,27.548500678120455,0,7,0,-0.15,0.6291390145123651,0.0009220459307175548,1
1126,58,大专,13.5079129567111,97.56536574095458,33.34506440639988,1,6,0,-0.15833333333333333,0.606738083371326,-0.0002511362133192363,0
77,30,大专,25.79885967164806,166.5071317015262,43.41070042079018,1,7,1,0.17083333333333334,0.5785417873594438,-0.0013136364168831538,0
828,58,硕士及以上,31.796926044153714,294.6684645583456,98.90599404440148,1,2,0,-0.125,0.641161341714226,0.0009498655817845365,1
735,50,本科,9.328071187755494,55.59511456709489,30.53189710920831,1,2,0,-0.08333333333333333,0.6855756318608435,-0.0005070810902874809,1
118,31,大专,9.328804679260202,58.19617451831338,28.810477085250863,2,4,0,-0.1875,0.6018190695455065,-0.0002895563051311043,0
370,35,高中及以下,14.879949749079206,92.2730109351482,20.062449026509636,0,6,0,-0.15,0.6487838639270017,-0.0005506975993643866,0
1872,47,高中及以下,3.3580239726844514,10.0035147707315,0.7259019727830749,2,6,0,-0.12083333333333333,0.6768615530994179,-0.00047345113967784877,0
461,26,本科,20.91893272646474,150.74218812389307,53.03528443703941,1,5,1,0.2916666666666667,0.6771319449344914,-3.1485738614854254e-06,1
442,25,高中及以下,6.958760264004415,48.25422320532243,11.577054913034502,0,0,0,-0.16666666666666666,0.6446864676430429,-0.0009450392109617373,1
67,36,本科,24.24511348436748,165.8465129919564,63.36292684934352,1,0,0,-0.125,0.6279740953535794,0.0012934312617181288,0
494,33,大专,16.62547986986299,101.2366114006246,33.15457394463559,1,2,0,-0.12083333333333333,0.676861553099418,0.00039680888688365756,-1
1783,62,大专,18.342909688669565,103.49385852725544,35.55560659155598,2,8,0,-0.09583333333333334,0.6363988425117918,0.0007120913627707196,1
908,36,本科,17.560362952900512,118.72867336754068,32.18138976593241,2,0,0,-0.14166666666666666,0.663398544624393,0.0008147336498062864,-1
1995,20,大专,21.478533605900143,117.51575814764388,43.03298248626607,0,8,1,0.29583333333333334,0.6271267858884679,-0.0005993243621824259,0
1389,60,高中及以下,3.0,16.54034656431699,0.0,0,2,0,-0.041666666666666664,0.6519469821262206,0.0004899902104327342,1
1535,21,本科,30.133338793656847,249.83659158663755,53.10104936288472,0,7,1,0.22083333333333333,0.6637532224455365,0.0004185291640206025,0
1846,38,大专,14.157828336449574,108.30038902015892,26.50049048982181,2,8,0,-0.20416666666666666,0.6304538888746825,0.000770602323489035,-1
1383,60,高中及以下,13.06522104885393,64.39659704875241,21.96614282706648,1,8,0,-0.1,0.6709763073469289,0.0004930028460613286,-1
1978,22,本科,20.50232262492559,134.62269815954002,38.07455843608098,0,2,1,0.2,0.648138628696337,0.0006388150824094857,0
1949,34,本科,14.858400073057936,115.93725379106124,44.22666517186349,2,1,0,-0.07916666666666666,0.6321108733493006,0.0001056683705951563,1
1001,53,大专,15.982434087054592,72.13135943924976,37.63980871251262,1,7,0,-0.12083333333333333,0.6891138975073687,8.20110510491875e-05,1
1548,42,大专,13.790401443788356,72.81655468990797,33.05361443397123,2,0,0,-0.06666666666666667,0.6433871318224355,8.137716140258396e-06,0
885,53,大专,21.80175464937229,137.38748226788363,50.20539911815557,3,2,0,-0.19583333333333333,0.6526285228538506,0.0006569250778878454,-1
712,52,硕士及以上,20.61346122841334,155.70301361169987,66.1638341130027,1,6,1,0.24583333333333332,0.6221027688020568,0.0006758274779136834,1
1358,24,硕士及以上,20.13070534732057,203.46860781379257,44.6865176123489,0,9,1,0.2833333333333333,0.5739583372883585,-0.00026665136255418927,0
1415,55,高中及以下,12.03564901604138,69.79973985121265,16.57530152966156,1,6,0,-0.1875,0.6677336301526383,-0.0006005440553538542,-1
1669,52,大专,13.72962411981046,92.00340445407056,33.17908151836226,2,5,0,-0.19583333333333333,0.6461855677787757,0.0008034265307057669,0
174,51,本科,18.6589921350541,124.9144175837504,33.65766659616783,0,4,1,0.25,0.5963627550114559,-0.0005517525922957106,1
1300,54,硕士及以上,35.03879402627099,342.4736326538448,115.09971401107742,1,8,1,0.30833333333333335,0.617673233313556,-0.000850210362479165,1
1767,41,本科,21.9642355925884,141.97003525858278,50.851349050014576,2,8,1,0.24166666666666667,0.6596034479197868,-0.0004328599611815952,0
1776,34,本科,20.7586413452189,167.80789137496447,49.90273921537574,2,1,0,-0.10833333333333334,0.669675914040951,0.0005607700197319194,1
704,25,大专,20.68189728938412,141.3539799735856,49.77586272198332,1,7,1,0.24583333333333332,0.5945914997743453,0.0013399697679874899,0
1117,46,高中及以下,14.447067282622626,61.2477755832539,29.783362368142623,2,6,0,-0.11666666666666667,0.6492136644802216,0.0009361589251418805,0
409,20,本科,26.437765197433198,186.882964552188,55.46004759177926,0,3,1,0.19583333333333333,0.6129557763994709,0.00013628196318364716,-1
964,62,本科,26.954492856164578,213.7910674222177,67.69563905489602,2,9,1,0.25,0.6304677150726704,0.0005444419660199966,0
504,32,本科,18.500848189967368,128.36295324897452,31.52463777798124,0,7,1,0.22916666666666666,0.6545490425426079,0.0006526730177243473,0
1221,44,大专,10.57378596410488,89.89510044302543,26.32649437282393,0,1,0,-0.1375,0.6674202505131076,-0.0002735487407570781,-1
910,54,高中及以下,19.25231616921877,103.45756857893151,45.30067237849809,1,9,0,-0.2,0.6012539198630042,0.0011575827223513824,0
573,22,本科,17.093844827266494,111.95513398512882,43.58097373654775,1,3,0,-0.17916666666666667,0.6762431086380654,0.0005359926443953449,1
1612,50,大专,14.10599321756183,84.04221858078425,33.828526686752326,1,7,0,-0.18333333333333332,0.6530691407882706,-0.0002143491662005334,0
1314,60,大专,16.504065667730554,91.59566470347848,33.6206349140534,1,1,0,-0.12083333333333333,0.689113897507369,6.20886728096942e-05,1
440,63,大专,11.080565304538904,57.12277022904526,24.97772911617065,1,5,0,-0.14583333333333334,0.646509240496545,2.6795775322786198e-05,0
615,48,大专,10.195676274759116,66.23645473083728,16.848332314880793,2,8,0,-0.1375,0.673660145497564,0.0012828460069184348,-1
1576,44,本科,21.02762602612155,153.16315054629408,48.73767244519144,2,7,1,0.19583333333333333,0.6461855677787758,0.0004943362304306582,0
1251,38,本科,17.855291338426177,140.13232544676555,47.95866125621443,1,3,0,-0.1375,0.6611214638462127,-0.001258438757222004,1
1032,52,大专,9.979250192125203,78.19584309245136,6.125646282241757,0,1,0,-0.125,0.6791885387208085,0.0006375142265535329,0
1544,30,本科,15.416876190126306,76.33504415774938,35.15999558810871,2,1,0,-0.11666666666666667,0.6093186170854437,0.00042900928194270914,1
988,31,硕士及以上,26.419375640157565,263.3848109664914,78.85818503881535,1,4,1,0.24583333333333332,0.5945914997743453,0.00042878728403761046,1
872,25,硕士及以上,14.87426657951599,128.2098641041998,37.382680805630336,0,4,1,0.26666666666666666,0.5746868651939936,-0.00014995567730284365,-1
1311,35,高中及以下,11.110661212747258,78.82096305712021,11.416368722982956,0,0,0,-0.15,0.6615564252319603,0.00047006564019889767,-1
934,39,本科,26.32116625748819,204.1192182868261,64.4673437164238,1,6,1,0.24583333333333332,0.6287925379550916,0.00014738265192716397,0
1324,58,大专,19.587870984665777,117.71240776938676,41.33898632459784,2,7,0,-0.0875,0.6441318636277713,-0.0005142552453590002,1
1339,38,高中及以下,11.972997106852702,67.91724738323153,31.2277392265104,1,7,0,-0.2,0.6734660239059194,-0.0009424824071382607,1
1982,22,高中及以下,10.511551669044302,39.920527706690606,15.479117089478004,0,7,0,-0.1625,0.6425058813204598,0.0009995384337634515,0
429,52,大专,15.077539846508785,119.31964738539348,21.785061874401727,0,7,0,-0.07916666666666666,0.5980996171394153,0.00021781119043976754,1
488,54,本科,17.42332502596332,103.97064276837688,52.927911684969686,1,1,0,-0.17916666666666667,0.6510237619574221,0.000627210816131864,1
1824,54,硕士及以上,32.27192330339186,272.3104901603124,111.21261829821212,2,2,0,-0.09166666666666666,0.6337222618469315,0.0005930395142599226,-1
18,57,高中及以下,13.774309462370216,56.424271578738136,35.63408936076239,1,2,0,-0.1625,0.6489853683775938,-1.4879401659944648e-06,1
436,45,大专,14.623486388256737,114.4693617175143,38.09911729158627,2,1,0,-0.15,0.5949578938021494,0.00031860699679839673,1
972,41,本科,30.23158929455162,208.0254183838993,62.49340740557001,0,6,1,0.25,0.6370696512829455,0.00014308701096020138,0
592,30,硕士及以上,35.84103223531916,301.4199877676558,113.2181402439069,1,0,0,-0.22083333333333333,0.6380403881883604,0.0008986121079308483,0
575,36,大专,16.729394188695725,102.9430736101434,28.45301642186404,0,3,0,-0.10416666666666667,0.6481251794650668,-3.428394808609075e-05,0
279,23,本科,21.520740708198925,142.4037796607615,46.279399996882674,0,6,1,0.2708333333333333,0.6115890316659665,-8.358722072112865e-05,1
383,30,硕士及以上,27.191394984793764,256.1081120379194,79.87599558532781,2,6,1,0.21666666666666667,0.6093186170854439,0.00026103776174918206,1
374,59,硕士及以上,31.52007537160827,279.0126896810005,98.92147756552264,2,0,0,-0.16666666666666666,0.6381633338928554,-0.00031916755996833844,0
1115,42,硕士及以上,27.11493206961781,256.49374183965784,78.98605406270546,2,3,0,-0.0375,0.6021665903306662,0.0008690902382292239,0
447,63,本科,19.129299181582763,152.28251609757717,54.29630114402445,2,6,0,-0.19166666666666668,0.6376714088482268,0.0009657065901961684,0
833,26,高中及以下,14.62349598384896,65.81074276328039,21.009045711569154,0,7,0,-0.11666666666666667,0.6745006934726743,0.00016256320986792662,0
1028,45,本科,24.701272004759144,151.86854387226765,58.989419728095896,1,9,1,0.2916666666666667,0.5984055989117464,0.000682817021943348,1
1955,38,大专,13.140706005065011,78.29904417538651,32.649150836133266,2,1,0,-0.17916666666666667,0.651023761957422,0.000591579695369847,0
345,31,本科,14.168423251921473,92.57762760464333,21.56907837158393,0,1,0,-0.125,0.6729999036351246,0.0011198658809289275,0
794,39,硕士及以上,31.16188096282899,272.30517375590955,97.21437712137676,2,6,1,0.15833333333333333,0.6067380833713262,-0.0005971605524441303,1
401,54,高中及以下,10.28102826544576,67.94213904274966,4.67195142422613,1,3,0,-0.15416666666666667,0.6824023320719926,0.0009326907263553718,0
324,63,大专,22.22150855116845,114.70801563621576,54.515726146095,2,3,0,-0.18333333333333332,0.6594448449163514,0.0013413469291346384,1
1474,63,大专,15.223881418993283,87.60776792480266,43.31435479329288,2,9,0,-0.1,0.6771834359003036,-7.850205636524331e-05,0
433,25,高中及以下,10.1500326926547,42.499929787685176,18.224315925744797,1,9,0,-0.12083333333333333,0.6321108733493006,-0.0005258051281242852,0
567,31,高中及以下,8.782359791375693,36.51643512614219,12.509693315188589,1,7,0,-0.075,0.6553608990089282,-0.0005364723915799767,0
585,61,硕士及以上,28.062892511759166,264.7474757961015,94.86257273616948,1,3,0,-0.21666666666666667,0.6619779330321204,-0.00024546716867404736,0
1976,61,本科,17.52577696535749,157.5975188039013,45.946491902709965,1,3,0,-0.14583333333333334,0.6465092404965455,0.0007607703731018992,0
1422,46,本科,14.246510317479194,96.8925394827872,42.0629704796244,2,6,0,-0.125,0.6411613417142262,0.0008932247447081283,0
982,44,本科,16.779456407389493,122.16567213921466,32.883912580841006,0,1,0,-0.09583333333333334,0.6429398786723132,0.0007090683793901088,0
655,43,大专,10.00171288851178,57.199289017510914,30.826808144962644,1,3,0,-0.17916666666666667,0.682402332071993,-0.0008327902029197273,1
1154,33,本科,9.418756612577242,76.6032510615539,20.38058503143559,0,3,0,-0.18333333333333332,0.6335571798499882,0.00031689734242622817,-1
664,46,硕士及以上,25.144320428201315,215.55559712714287,73.8589957631077,1,8,1,0.175,0.6021231612014523,0.0006643889966465275,0
1321,32,高中及以下,6.047327751385403,33.52823813622599,9.325498743079956,1,0,0,-0.1875,0.6550815210057296,0.00019658707474912485,0
1602,57,大专,15.831684844670304,116.15761668026096,48.97867077726286,2,1,0,-0.058333333333333334,0.6506621453074725,0.0005240559583369887,0
59,50,本科,17.704788913474722,115.47540224603618,45.007167811594506,1,1,0,-0.12916666666666668,0.6690899125066312,-0.00016502210219597024,-1
1913,54,本科,22.511837085676603,153.0952574118924,54.59069264480611,3,1,0,-0.09166666666666666,0.6467923212546905,-0.0005913234214660306,-1
57,26,大专,17.203645551014603,79.81636119694119,39.36766162227551,1,7,0,-0.15833333333333333,0.6337222618469311,-0.00014877718835231343,1
524,34,本科,13.284200378153052,112.10826262779143,19.31761061036921,0,8,1,0.2875,0.6176026670872666,-0.0002678799081927435,0
734,29,本科,12.497173334849242,84.68764740398292,14.508481524172002,0,4,1,0.3125,0.5841795018455964,0.0017588935339794866,-1
1532,61,本科,20.692489268205414,126.31123519894862,53.28873181948775,2,0,0,-0.17083333333333334,0.6659558623510428,1.4590157803080877e-05,0
1456,64,本科,25.98513929925491,188.21773620311444,48.39899846163162,0,3,1,0.2375,0.6320005428735552,-0.0005932358192740179,1
568,48,大专,20.610679470392384,90.28362901588456,49.58441781145405,2,8,0,-0.125,0.6145039159854931,-0.0008425241080274088,1
89,57,大专,16.009641415394064,90.04841469581422,28.54921819051902,0,8,0,-0.20833333333333334,0.6583335540136983,-0.0007466195783223983,-1
1574,26,本科,12.95976064562986,92.33361931183356,19.72396953659662,0,1,0,-0.10833333333333334,0.6633985446243932,0.0005452321746602241,1
1763,47,大专,17.580978698563378,101.1458473675855,41.1515282569008,1,9,0,-0.14166666666666666,0.6820573520754857,0.00046901068665132495,0
194,63,本科,20.064456976112,161.04882260111373,51.94578406999543,2,0,0,-0.13333333333333333,0.6058754630355216,0.0006666433995119449,1
1065,37,硕士及以上,24.751981452025845,225.8153302193482,77.91720494362747,2,3,0,-0.15416666666666667,0.6574193026296183,0.0003894262051206244,0
1921,44,高中及以下,8.826615920388695,37.83932196217846,15.021670436496963,2,4,0,-0.09166666666666666,0.6659165933842547,0.0014893688504531964,-1
1136,52,大专,3.0,5.0,3.5,1,2,0,-0.05416666666666667,0.6214298310087016,0.00047517354531206104,1
1235,35,本科,17.529394677160905,121.70393255769416,40.61835993761608,1,2,0,-0.10833333333333334,0.6633985446243931,0.0002925459619802277,0
1900,44,大专,9.941999744039464,42.57803870010858,21.395685450115216,2,0,0,-0.12916666666666668,0.6500590038663189,0.0005350982039028094,-1
452,42,本科,20.13061973409713,158.1041927633683,50.587094936775806,2,1,0,-0.03333333333333333,0.6651307271806713,-0.00016432875230044892,-1
836,56,高中及以下,13.752117772017884,71.00285037118206,20.625120945297773,0,7,0,-0.11666666666666667,0.6619779330321203,0.000544925307656528,0
763,62,高中及以下,6.503739509179766,36.24953145068413,13.435438000172852,2,9,0,-0.15416666666666667,0.6247872720261781,0.0007572626352459005,0
1012,31,高中及以下,9.74706299283285,21.385557811322403,14.969890467925682,2,3,0,-0.1375,0.648340333686343,0.00015435154128250536,0
102,56,本科,20.434092735746415,120.96998862662136,47.012728793674285,1,3,0,-0.1375,0.6611214638462124,-0.0008192055223981607,0
932,31,本科,12.537228648082936,63.02460556619259,32.80785047737679,1,5,0,-0.18333333333333332,0.6401272537365443,-0.00032642263118968357,-1
1937,44,高中及以下,4.062367120064133,18.74566998328557,8.587396497636142,1,9,0,-0.15416666666666667,0.6247872720261779,-0.000479917716561453,0
876,44,大专,16.016881212633624,80.93579697525291,29.313369633116235,1,2,0,-0.24166666666666667,0.6467923212546903,0.0006295719749963243,-1
617,31,本科,14.286605726494235,110.78556446632544,39.43981058238892,1,4,0,-0.19583333333333333,0.6653272807543962,0.0005426298026659036,0
588,57,大专,14.201682027773453,94.81462768162676,24.557239327466423,0,2,0,-0.17083333333333334,0.6532693234234108,-7.670396091273255e-05,1
48,50,本科,25.7261607584828,183.0204011276015,51.51379937470761,0,0,1,0.24583333333333332,0.6354118795118847,0.0007732993455571455,0
660,27,高中及以下,12.240710723133532,67.10066716287902,16.034972566173426,0,3,0,-0.1125,0.6336534829081851,-0.0006216839761988513,1
1993,48,本科,23.979920891908847,147.62931139775256,63.57748690344317,2,2,0,-0.10833333333333334,0.6820573520754858,0.00038908837921934993,1
113,40,硕士及以上,30.426516415315703,287.3956496788628,99.33783291691054,2,7,1,0.18333333333333332,0.6466305759961479,0.00041372952944218253,-1
1161,42,大专,16.759774481527995,107.52539625159928,36.60676349982071,2,0,0,-0.15,0.6487838639270017,-0.00041169976172606787,-1
1291,58,本科,14.553273738913292,102.23088249023678,37.46346567081725,1,9,0,-0.0875,0.6569948701582272,2.111997591216001e-05,1
65,34,硕士及以上,32.09723786308949,289.6212507494744,95.92936575916023,2,7,1,0.25833333333333336,0.5927855431262388,0.0007693955631190083,1
1729,24,本科,20.834853297918617,105.24891014412908,50.71199969968032,1,7,1,0.2708333333333333,0.6115890316659661,0.0011145687861919614,1
1839,44,高中及以下,8.297469524840805,41.93360879408696,12.294618723737251,1,5,0,-0.1125,0.6595373679701204,7.8266505184698e-05,0
306,33,本科,12.24203233296022,82.91006230861578,32.93931744469048,2,2,0,-0.15833333333333333,0.6135953900168499,-0.0008333981227565168,0
1302,51,大专,16.997922598951888,98.42228101763212,26.45723561666246,0,7,0,-0.1875,0.6550815210057294,0.0009835875368271352,1
1328,50,本科,23.595435424255133,172.324841037978,61.81934005790099,1,3,0,-0.12083333333333333,0.6050548345886801,-0.0002905245344025844,0
609,58,大专,13.229833417120668,88.41429308611181,22.002135529921716,0,6,0,-0.1875,0.6550815210057294,-0.00010182626416570832,1
351,22,本科,14.2974208974944,104.5584148250868,18.34299932388202,0,9,1,0.275,0.6199271113856549,0.0010689394233992435,0
142,32,本科,13.714117981112851,96.58450215125836,34.04983328206824,2,8,0,-0.1375,0.621990663062749,0.0007887955357413922,1
714,61,大专,12.034735312069852,59.518895745459,29.19057806052135,2,0,0,-0.2,0.6672243134949657,-0.0006379585722917499,-1
323,61,本科,14.762702857602404,110.64634727060188,31.996686740924687,1,9,0,-0.07083333333333333,0.6461855677787754,1.469575517074424e-05,0
483,55,大专,14.575656837539048,96.63911482671104,22.885727439750987,1,1,0,-0.0875,0.6633328427351131,0.0005736678831731286,0
387,57,大专,5.968715908523089,46.23262328709664,15.393480145479169,3,4,0,-0.17916666666666667,0.631448601330887,0.0006252730152850869,1
827,60,大专,11.779392728172423,106.8450169636298,24.72945433528109,0,1,0,-0.1625,0.6680468627863327,0.0007430328929655116,1
925,62,高中及以下,7.959134120055229,56.8487001020346,8.354579909363263,0,0,0,-0.15,0.6224529691027024,-0.0006462407494755736,-1
1487,20,本科,23.781706484495118,165.93226494859334,36.73291653918422,0,4,1,0.275,0.592314798129915,-0.0001844605720903076,-1
1038,39,本科,19.09701334876953,136.32348275783357,42.74734623799646,1,3,0,-0.15416666666666667,0.6574193026296186,-0.000855527225238697,0
917,55,本科,20.955532572152784,161.8254065988953,62.85299058809407,2,9,1,0.29583333333333334,0.627126785888468,-0.0002048035620444439,1
791,40,大专,13.496110420270066,83.24686652647152,39.15824296413569,2,7,0,-0.17083333333333334,0.6468327512497035,0.00023391752178507973,0
198,35,大专,10.651592859638985,64.08850015578241,11.09189182316285,1,3,0,-0.13333333333333333,0.665130727180671,0.001454197593570496,0
817,24,大专,12.589854761050276,81.36118241592435,27.81159100151502,1,3,0,-0.1875,0.680150426384091,-0.00030263017750217335,0
594,34,本科,11.382058492993052,82.92883680516924,31.68703820866653,1,7,0,-0.125,0.6540827682965107,0.0003779178837535801,0
1715,59,大专,14.850121571272853,74.61887925895915,26.682068086032967,0,8,0,-0.041666666666666664,0.6324003992669726,0.0004382857784706065,-1
1381,32,大专,13.856608561626004,109.55318716167014,29.637126347566685,2,1,0,-0.25833333333333336,0.6467923212546904,0.0010835732479666492,-1
1486,27,本科,24.79092073552489,172.10622757123343,46.471900869017325,0,9,1,0.26666666666666666,0.6235722884191053,0.00106776789898394,-1
1213,59,大专,14.471600781905488,79.1106221021707,30.074154166658168,1,5,0,-0.1,0.6122870221469175,0.0007571561835256892,0
711,43,大专,12.630041175514984,92.7239598665018,26.405672426660303,1,0,0,-0.08333333333333333,0.6479234074954185,-1.1162597420072852e-05,0
1266,22,本科,19.59145601326557,139.1906801427672,58.53502976703075,1,6,1,0.2916666666666667,0.6324003992669727,-5.7463775306985294e-05,0
1377,53,本科,19.631494717157803,145.9207216246709,51.81039647544606,1,3,0,-0.15833333333333333,0.6467923212546904,0.0005563186628625737,-1
728,41,高中及以下,12.012203766717608,63.72464498204662,20.838824442580428,0,3,0,-0.15,0.6552012690226344,6.822876827514437e-05,-1
834,58,大专,16.23070502123837,122.16410768908032,33.4154430557712,2,6,0,-0.11666666666666667,0.6361933514853781,0.0007191876629612282,0
680,52,本科,15.682776931873018,131.54228871925852,37.30225249367975,2,5,0,-0.20833333333333334,0.6709243400070882,0.0003447201039052159,0
1193,51,高中及以下,15.050318484324638,86.97769584234044,29.94703028308742,1,1,0,-0.09166666666666666,0.6845067653828932,3.856427009307541e-06,1
456,26,大专,11.445827204734922,64.66227539968065,29.5980657289014,1,0,0,-0.25,0.6370696512829458,-9.018226435436212e-05,0
1346,58,本科,13.207704471523682,60.11982812191251,14.667194170232056,0,9,0,-0.13333333333333333,0.6394732839553253,0.0006721428797499396,-1
977,45,硕士及以上,34.76296954878273,337.2341936283959,104.56655598269404,2,4,1,0.3,0.6150143720469204,-0.0005512359665255702,0
1160,46,大专,8.07517395857893,40.66836405225591,6.874960894995019,0,0,0,-0.1875,0.6677336301526382,0.0002865666365179695,-1
565,30,大专,12.842766011556044,87.90554196669281,19.8842081743593,2,2,0,-0.09166666666666666,0.684506765382893,0.0005707965405508114,0
1515,61,本科,25.001829584406654,168.20953343126232,60.83833671459652,2,1,0,-0.1375,0.6798427704025536,0.0003797288182052555,0
1749,52,高中及以下,6.883854082769325,13.657419008718676,9.560193306103072,1,7,0,-0.12083333333333333,0.6580554380549527,-8.581353800910546e-05,-1
1455,22,本科,9.8550121746985,60.934014317739965,22.73098274689989,0,7,1,0.20416666666666666,0.6237819371866987,-0.00047455307169385166,0
1685,43,本科,31.65644354579776,238.1578555531297,79.67851555374477,1,8,1,0.275,0.6131406222019076,0.0006730353843324817,1
423,46,大专,10.89269016211113,36.31612403640483,25.421286825483374,2,0,0,-0.16666666666666666,0.644686467643043,0.0009203381404450012,1
1549,20,大专,16.155272462998255,91.80892756226852,21.76596347405497,0,0,0,-0.20416666666666666,0.6875942942815855,-8.714822265909417e-05,0
1771,36,本科,21.626620315733128,136.13868288153148,33.0187937698028,0,3,1,0.25416666666666665,0.6452135753996933,-0.00023346498426813332,1
877,53,大专,15.33770143063277,120.40874103979073,42.351591270869605,3,1,0,-0.23333333333333334,0.6626096919794944,-2.7501991950650932e-05,-1
1566,63,高中及以下,7.498925706218687,70.941555259018,20.981014931689653,1,6,0,-0.17916666666666667,0.6180541517125288,0.0003792719717700075,-1
1092,57,本科,13.176307784943289,99.7136925033807,43.37867592266027,1,2,0,-0.15416666666666667,0.6700272689552673,0.0003443957626619421,0
1845,47,本科,17.642772984761972,104.98187669644464,41.886812637696735,1,5,0,-0.19583333333333333,0.6461855677787754,0.000258791938415086,0
1145,41,硕士及以上,26.02178222937,264.9732314034144,78.77741433539214,1,4,1,0.24583333333333332,0.6085026321040405,-0.0019045616566752137,0
231,58,本科,14.775698466813353,89.85226341653984,35.84544254580766,1,1,0,-0.08333333333333333,0.6348766339272801,0.0010411810527109562,0
652,29,大专,24.16168512355169,147.33911097383054,34.13770672357281,0,9,1,0.2791666666666667,0.6146599336467957,0.0011605125691684687,0
61,53,本科,15.573018985429384,115.44234970980888,38.79460082334676,1,4,0,-0.15833333333333333,0.6659165933842548,-0.0002879421051342199,1
1616,55,高中及以下,5.904626679999775,15.168968165162326,5.600395313707505,0,8,0,-0.125,0.641161341714226,1.3844778775750783e-05,0
1992,32,大专,19.612799350746744,102.98588360093892,41.98466740626099,2,7,0,-0.125,0.666753829727334,0.000965973515559024,0
1301,38,本科,24.146624656577067,166.67829393031303,68.80081482716207,1,3,0,-0.13333333333333333,0.6524281436037598,0.0007470892422201226,-1
1411,45,硕士及以上,25.19836383585116,212.00460446161225,87.65658444328359,1,3,0,-0.175,0.6359192601575537,0.0002198765659579866,1
217,24,本科,19.352426930551,159.87545563881056,39.78398493860652,0,2,1,0.2791666666666667,0.679329700807262,-0.000540592915081288,-1
1130,38,大专,10.857961106515672,72.6331056498602,21.825136555591502,1,0,0,-0.24583333333333332,0.654868581575942,-0.00020252111577331923,1
1260,31,本科,12.983413048191576,87.57064323907817,31.75959608074098,2,5,0,-0.13333333333333333,0.6262504923901998,7.67511961254666e-05,0
1159,35,高中及以下,6.173222424398478,25.84052678096262,11.661522135914918,2,3,0,-0.19583333333333333,0.6653272807543961,-0.0007422638694877404,0
1307,30,大专,14.155674264724889,101.97149332110128,30.055435553560663,2,2,0,-0.11666666666666667,0.6361933514853783,0.000227298584137494,1
930,44,本科,26.213671509688147,190.73523305965367,46.8303271922108,0,9,1,0.23333333333333334,0.6235722884191052,-0.0004094380271871366,0
570,62,大专,8.047581226558224,37.14844395299567,9.416535471506212,0,9,0,-0.19166666666666668,0.6244104611462258,0.001181466987116564,0
1608,30,本科,19.36166700564164,145.27983864188002,42.59312211387305,2,9,0,-0.125,0.6604486873476598,0.00021999643284365079,1
1916,32,大专,14.12274916201994,103.82282737638036,28.93884325348135,2,8,0,-0.14166666666666666,0.6310757678961079,0.0008840018223979491,0
150,58,高中及以下,7.387937842844884,33.62740743096948,5.894895275736038,1,0,0,-0.2125,0.6343134528648712,-0.0004166315227005334,0
1450,33,本科,14.53992525383893,84.21312699132142,34.59640107886159,1,4,0,-0.09583333333333334,0.6429398786723133,-0.0004604602976305204,0
392,36,高中及以下,11.419530005877368,81.51545955979779,18.866077580202404,0,0,0,-0.16666666666666666,0.6044927100810594,0.000256587483591468,0
1989,61,本科,18.93570993385108,129.54677739262007,40.287706384847205,0,6,1,0.30416666666666664,0.6163593791286772,0.00015289413778513914,1
157,45,高中及以下,16.190801507449248,85.52405002407365,18.523057935508163,0,1,0,-0.075,0.6680077167394333,-0.00042611566981494604,1
1060,54,硕士及以上,24.54835210411112,216.22603211578232,53.79251892837622,0,0,1,0.29583333333333334,0.6204190557534323,0.0004682262562056154,0
489,47,大专,19.32156093123591,113.25409406975194,43.11147762577242,1,4,0,-0.175,0.6742421749343862,0.0003481968600709425,0
1139,44,本科,17.198535285884905,132.32164512425038,44.092912801694105,2,9,0,-0.17083333333333334,0.6659558623510428,0.0005765929391966618,0
1809,63,高中及以下,9.476066731760946,35.70771939463674,14.952136589655783,2,0,0,-0.15416666666666667,0.6762431086380655,-0.0006434154139364884,0
1024,56,大专,18.91619984722702,125.20531572580964,35.08449843157412,0,4,0,-0.0875,0.6176026670872671,0.00021186458465637334,1
1435,24,硕士及以上,27.31386649081872,231.6930160896069,59.51731235250368,0,1,1,0.225,0.6199271113856549,-0.0006020094703519594,0
820,21,硕士及以上,31.788883804680932,303.3273837208337,73.53767298466042,0,8,1,0.22916666666666666,0.667211248981224,0.0005969375018189456,1
914,46,高中及以下,23.69752066554153,140.1791649768547,35.85048367758711,2,6,1,0.325,0.6021231612014526,-3.556161063973126e-05,1
152,61,高中及以下,13.696630128374515,88.05412613919538,28.26156187239747,2,9,0,-0.12916666666666668,0.6500590038663192,-0.0005422854885047538,0
1094,34,硕士及以上,31.17355321045002,270.9056446865656,59.76532784605248,0,9,1,0.275,0.5923147981299152,-9.210763467748597e-05,1
1315,33,大专,10.863395370415606,92.38641327721444,18.360190225285827,2,3,0,-0.18333333333333332,0.690440806782776,-5.458235874826705e-05,0
1036,60,硕士及以上,22.826395046576277,228.33210341898305,55.22602240245061,0,9,1,0.2875,0.560791804236425,0.0002928881230195767,0
1228,26,高中及以下,3.3603374300327937,7.253147239466443,5.07720306762651,0,7,0,-0.17916666666666667,0.5973996417295824,0.00013999027156064042,0
1365,20,本科,26.387847249377053,199.41843727647927,67.73361678632723,1,1,1,0.25,0.6033379951583306,0.0008436182557512798,0
636,30,大专,18.254304519295964,112.46480808243533,36.44639886460429,1,3,0,-0.11666666666666667,0.6161472047844883,0.0006166809744589739,0
190,50,大专,16.730559154462235,99.1398995745501,32.202339054557115,2,9,0,-0.22916666666666666,0.6609104704347369,-0.00042869561832198025,1
104,55,高中及以下,9.520581987170146,36.03546850435156,19.20425764521341,0,1,0,-0.1375,0.641854335069647,0.0005052046311292076,0
1095,23,大专,13.155354218376308,91.7522216076274,34.35571390722237,1,7,0,-0.19583333333333333,0.6060912332187776,-4.330492819157461e-05,0
557,59,大专,7.938158534701372,43.811435407109,8.518381874727211,1,0,0,-0.1625,0.6554008004305615,0.0006633044202652194,0
1475,33,高中及以下,9.722619918718326,31.66616861915085,13.474966753266235,2,2,0,-0.1375,0.654762085891768,-9.244938030618759e-05,0
1961,64,硕士及以上,23.72582541533608,212.14705563545652,68.98205533345224,3,3,0,-0.15,0.6487838639270015,0.000867537258794302,1
43,35,本科,14.078707455424102,100.77363535603992,45.393646028683314,2,6,0,-0.15,0.6615564252319605,0.0003784388978931627,0
505,40,本科,16.579504973196084,120.9044987652532,52.13308976632324,1,8,0,-0.12083333333333333,0.6516661405327699,0.000692166518813988,1
1899,35,大专,8.56248940119275,65.18115388226566,21.654651427882754,1,8,0,-0.15833333333333333,0.6596034479197869,0.000646655617848567,0
538,44,本科,16.48399191644751,108.21378634500968,33.87904612725868,1,4,0,-0.23333333333333334,0.6433871318224358,-0.0008098080016173248,0
41,54,本科,18.595619646831388,123.4738602023932,44.98221299024095,1,4,0,-0.14166666666666666,0.6376714088482268,-1.4249544566027417e-05,-1
1526,34,硕士及以上,29.06056850565612,275.1025018800479,91.21784082704654,1,8,1,0.25416666666666665,0.6254565975106472,0.0011407165804796493,0
40,27,高中及以下,7.079853333889961,5.0,3.5,0,9,0,-0.2125,0.6664792274853403,0.000174515021008392,-1
656,54,大专,11.264976395775026,52.70186626219232,14.38745426102638,2,0,0,-0.15416666666666667,0.6510237619574216,0.0011448980435473347,1
1442,62,大专,3.0,20.14951752971544,14.104662270800809,1,4,0,-0.12083333333333333,0.6580554380549528,0.0011446611113040278,0
842,60,高中及以下,5.318393624773533,31.353124855858987,11.837303523326014,1,7,0,-0.12916666666666668,0.6628069931596308,0.00035471918533249585,-1
348,28,大专,17.843018827481846,112.80117999546314,31.07922984437258,0,1,0,-0.16666666666666666,0.6763591100489181,0.0010376811709172787,0
422,54,大专,3.0,31.020997482767587,3.654822787260074,0,7,0,-0.21666666666666667,0.6024126295904638,-0.000259322485020412,0
1444,26,大专,13.33827163321257,90.30394814910052,15.390097083105047,0,3,0,-0.1375,0.6353021223094399,-0.0010328485095021562,1
1077,27,高中及以下,11.80800260921792,34.42899389178723,13.0305266739704,0,3,0,-0.1875,0.6801504263840906,0.0004418339853263813,0
36,58,大专,13.837628380412724,88.1196596313041,24.63348418254865,0,8,0,-0.15833333333333333,0.627085085393976,-9.165810271056128e-05,0
1241,54,高中及以下,4.645465020777404,48.89384850933008,6.190271372139879,1,6,0,-0.14583333333333334,0.6593258676262143,0.0001742483448758818,0
736,52,本科,18.684366603446925,138.6337612278925,46.12906460287855,2,3,0,-0.14166666666666666,0.6820573520754857,-5.242330722301544e-05,0
1237,25,大专,19.307593852068784,135.73749916296296,39.456770233631794,1,6,1,0.2791666666666667,0.6078146371994207,0.0009827280932326035,-1
1276,49,本科,16.282321405871507,104.65560072038788,43.585982832029785,2,0,0,-0.21666666666666667,0.6229009381920673,0.0003628419653088174,0
667,58,大专,18.841227961856468,138.39470707775405,40.75205751838814,2,1,0,-0.1625,0.622662994741875,3.3965739480733514e-05,-1
294,44,大专,13.686266580156625,77.98796129550891,30.085373645995627,2,3,0,-0.15416666666666667,0.682402332071993,0.0009075886604792864,-1
1931,41,大专,9.648131628544592,53.55132379510837,24.744940935793643,1,4,0,-0.22083333333333333,0.6314486013308869,-0.00037401613171850006,0
493,47,本科,19.90414626418837,129.06026851690075,52.85661073749473,2,7,0,-0.10833333333333334,0.6506621453074727,0.000426381589468794,1
996,43,大专,10.222296406297358,63.91424548949117,26.88746651381928,1,3,0,-0.04583333333333333,0.6737636541442008,-0.00044991534946063714,1
750,63,本科,15.758551131778832,97.18321328953138,28.469736102741805,0,0,0,-0.14583333333333334,0.640004685303631,-0.0005616336432625448,-1
1604,25,高中及以下,11.503572709088642,40.39963486203087,10.408802551463229,0,6,0,-0.15416666666666667,0.6510237619574218,-3.195043915874925e-06,1
1044,51,硕士及以上,26.730812194372334,232.1097022651457,86.7785632032687,1,9,1,0.25416666666666665,0.5980996171394154,-0.0006461996919562018,1
386,23,本科,21.86945590454933,156.88716009016332,33.42314986820817,0,9,1,0.2375,0.6253450930131685,0.00013934110455765251,1
1702,50,大专,8.002990870879824,45.29959364340032,17.745016106637085,1,2,0,-0.1625,0.6680468627863326,-5.236779883031117e-05,1
1822,33,高中及以下,6.955745459273212,42.11237747273312,11.798688275600467,1,5,0,-0.1375,0.698062171284965,0.0015730508254785391,0
70,55,本科,10.260835836300444,78.25309478394061,17.115570761073975,0,5,0,-0.11666666666666667,0.668268647071145,-0.0006371913140088282,1
1738,20,本科,15.769371958235585,118.10736726208523,29.779794652541437,0,3,1,0.22083333333333333,0.6380403881883603,-0.0010628073543056218,-1
1964,56,大专,20.27579208352361,103.60074927770988,38.21696861524632,0,1,0,-0.09166666666666666,0.6783666493999623,-7.616509222421516e-05,0
1203,54,高中及以下,16.914361195203668,68.69224695671289,34.04144137756481,1,7,0,-0.1875,0.6550815210057297,-0.0003609507153588596,1
558,55,本科,13.223442455900956,57.2458379769283,30.43024011627441,1,4,0,-0.0875,0.6505951572040831,0.0009343778291420787,0
719,46,本科,22.26616331434538,167.5200700895506,58.38930898902285,2,5,1,0.19583333333333333,0.6331029824064477,0.0001138438021040644,0
1182,51,本科,14.956215381773369,126.4748296530033,40.36253816623837,2,0,0,-0.125,0.7033988018734375,-1.2121646764397275e-05,-1
1379,44,本科,18.21725012175729,128.69418306765357,37.63937905995899,2,2,0,-0.12916666666666668,0.637055968368581,-0.0005422278089035653,1
662,21,本科,30.463694333192592,218.0502355924565,53.09131477731085,0,7,1,0.2708333333333333,0.6251220243502501,0.0007924086811020736,0
1606,26,本科,21.452786591371265,145.3964090576101,35.8362350936951,0,4,1,0.25,0.6102335104191623,-0.00010569948863161147,0
1406,35,本科,16.7506387045722,117.70816940484472,37.90431004308409,2,6,0,-0.13333333333333333,0.6328964212695375,-0.0013134955535701945,-1
1967,41,大专,3.588793781850629,5.531074127742777,3.871751889419943,0,9,0,-0.17916666666666667,0.663753222445537,1.5586784329778137e-05,-1
1759,46,本科,19.32658840038992,116.8069104714664,48.746005097202655,2,8,0,-0.10833333333333334,0.6570612058042563,-0.00024190855699631812,0
1238,33,大专,17.03526717385276,74.50525925431201,39.103669119327776,1,3,0,-0.18333333333333332,0.6594448449163511,0.00041970804542950464,0
1403,34,本科,18.75794922409761,136.9957320629469,46.647347981821625,2,5,0,-0.12916666666666668,0.5892901670453103,-7.037183141868324e-06,0
823,49,本科,17.00584198510564,106.32342067991192,40.26358170940215,2,3,0,-0.1625,0.6742809590337557,0.0002712720783582797,-1
1700,31,本科,12.111051161495643,64.73643180463841,28.889783155618677,1,7,0,-0.1875,0.6421801908261727,0.0006620746062683142,1
679,62,本科,15.102799572091502,95.47346289650535,43.18188534876629,2,4,0,-0.14166666666666666,0.6570612058042559,-0.00014366001654663498,-1
1758,45,本科,19.465383266334584,142.84227247061486,40.31886668987699,0,4,1,0.23333333333333334,0.6100049157265863,-0.0008838687432302642,-1
492,53,本科,19.87628739083368,129.73453834314776,36.790274989579736,0,8,1,0.30833333333333335,0.6570612058042559,-0.0001968968352300264,1
540,51,本科,20.752167554673925,139.46807979196385,51.38972505160745,1,5,1,0.14583333333333334,0.6267931042512828,0.0006375356274283503,1
1720,23,本科,15.759686329288758,93.91009718555974,22.8665715136382,0,3,0,-0.14583333333333334,0.633433340118579,0.0004679893196230475,0
1448,53,本科,19.56269956991289,123.51758717886877,53.49340666264823,1,3,0,-0.10833333333333334,0.6441995238272865,-0.00021532483619106507,0
1114,28,高中及以下,7.169053625699997,27.84075439110974,18.65569459340849,0,4,0,-0.15,0.6615564252319601,-4.2799784658551677e-05,0
120,39,本科,17.62114261770088,112.38731119588785,45.44826324502293,1,1,0,-0.12916666666666668,0.6370559683685811,-1.8208405240312165e-05,1
1745,64,本科,13.302186290736206,101.33661959638556,18.07999829269557,0,9,1,0.29583333333333334,0.5785417873594438,-0.000383281188063313,1
1333,56,高中及以下,6.003317678375131,36.44863665938431,9.754007231468794,0,2,0,-0.05416666666666667,0.6793297008072621,0.0006869511994068081,1
1906,33,硕士及以上,30.017940351405517,268.6088334362037,97.03555405129656,1,6,1,0.22916666666666666,0.6150001984329146,-0.00013607106755810338,0
1588,58,大专,15.591796132873668,104.84280414136856,19.678516159256557,0,5,0,-0.1625,0.6986613021076535,0.0011615988227927341,0
1626,46,本科,11.715081623153257,79.5190976122647,17.62977479723381,0,9,0,-0.17083333333333334,0.6468327512497035,7.046619047397811e-05,0
1706,64,本科,14.972752560640174,115.33275000358825,36.53799821207059,0,8,1,0.225,0.6266401074522618,1.0697345621153246e-05,1
266,40,高中及以下,7.908658048180953,36.248822962143535,12.61865743799226,2,6,0,-0.14166666666666666,0.6881645387238746,0.00017961238577948429,0
634,28,硕士及以上,22.04828255915815,180.2411835142955,53.07301621933234,0,5,1,0.2791666666666667,0.6146599336467955,0.0008901763211130935,-1
1220,49,大专,9.805719452437412,55.76892516658023,27.55866244730899,1,4,0,-0.14583333333333334,0.6465092404965453,0.0012613383931686301,1
1582,43,高中及以下,14.77313896826153,52.03234102162632,23.103184356939074,2,7,0,-0.13333333333333333,0.6588100510792684,0.0009302059879559258,0
1312,55,大专,13.865220817823964,102.02206182056018,32.93941114623971,1,8,0,-0.22916666666666666,0.6217663909454614,-0.0002880945690090307,1
1910,23,本科,12.304219622328596,85.23451014789225,30.137539113301543,0,3,0,-0.175,0.680419511255425,0.00016505584405962013,0
343,43,本科,22.80546743060108,161.48791308084444,68.13627375610005,2,0,0,-0.17916666666666667,0.6574193026296188,-0.00014242327226337542,1
111,55,大专,15.004251486379651,58.11904576403998,36.92945484244707,2,4,0,-0.12083333333333333,0.689113897507369,-0.00014587925137347668,1
1757,47,本科,23.535796427216475,161.02677200103267,65.9482413881198,2,6,1,0.24166666666666667,0.6402906418160511,-0.0011071809759593313,0
1834,38,本科,23.298768054091177,162.37621115443017,52.24011559327933,1,8,1,0.2375,0.6118170344817219,-0.0006400160251707951,-1
690,64,本科,23.260374430118716,137.52547041797885,51.86069608458224,0,2,1,0.25416666666666665,0.6452135753996935,-0.00031982435620965294,0
68,23,高中及以下,13.43846092558891,62.70001626607033,17.995289757210497,0,7,0,-0.1375,0.6219906630627492,9.81788213492496e-06,1
1833,23,本科,13.054021141846606,119.46166812747305,23.78726018507143,0,3,1,0.22916666666666666,0.6150001984329148,0.00033495125988791896,1
1984,48,高中及以下,9.743285708275153,42.4601051342465,20.22784945266836,2,4,0,-0.12916666666666668,0.6690899125066313,0.0009734914506203781,1
414,20,高中及以下,10.88795558461796,75.95005219418265,19.07306707551324,0,0,0,-0.1625,0.6159066521674371,-0.0003382208247624052,0
1882,28,本科,6.212562705063419,44.15075645983772,17.010776234243245,0,3,0,-0.1875,0.6677336301526379,-0.0004960339963813121,1
304,44,本科,21.706408834925107,156.98254693776312,39.7535897188373,0,9,1,0.225,0.626640107452262,0.0005013587767667968,-1
1693,37,硕士及以上,25.3010584849352,235.354287812511,80.62758583904274,2,3,0,-0.15,0.6615564252319602,0.001389760602754888,-1
1726,62,本科,13.275330821899503,65.77063018792184,21.27208414453656,0,7,0,-0.19166666666666668,0.6441995238272864,0.00038410167355851417,1
1152,39,本科,17.90121070082074,104.72076164812924,53.12901628751946,2,7,0,-0.15,0.6487838639270018,0.0005616817772630737,0
394,52,本科,18.32068401189077,116.03047478713616,44.64493828447606,1,8,0,-0.06666666666666667,0.6433871318224356,-0.0002486843604044527,0
250,28,高中及以下,12.82458640636456,109.06651846279492,21.048540274442896,0,5,1,0.22083333333333333,0.5760049734404844,-0.0010277621670431245,1
1023,57,大专,10.200660373275424,47.528668094728985,21.62687712565665,1,7,0,-0.1625,0.6554008004305615,0.0006257194838255078,0
673,24,高中及以下,3.0,11.757416650170516,0.0,0,6,0,-0.19166666666666668,0.6176732333135557,-0.0006992785810242716,0
518,41,高中及以下,13.520951725615834,54.54955336321767,22.815624094606896,1,9,0,-0.1875,0.6550815210057294,-0.00020936536732250188,0
1331,52,大专,10.644256024346642,64.63885459595424,27.450486573173283,3,4,0,-0.075,0.6742421749343859,0.0003663829903745344,0
379,31,大专,13.129127188894008,86.15371615370869,28.32326224711798,2,6,0,-0.11666666666666667,0.649213664480222,0.0006931705294698167,0
858,50,大专,21.74362779231431,130.8840154072489,43.379696638322905,3,2,0,-0.16666666666666666,0.6381633338928555,-0.00042730750772042325,0
28,44,本科,17.86283322908138,134.43847845043473,38.39757203462874,2,2,0,-0.08333333333333333,0.6976749591858912,0.0009506785899852826,0
1789,53,大专,13.745766914453592,73.69684033882157,31.006937850639417,3,7,0,-0.10416666666666667,0.6481251794650669,0.00023893162936530437,0
80,62,大专,14.59332084861998,112.6764003276493,44.70455435405711,1,2,0,-0.175,0.64894507249302,0.0004156689912227529,1
265,46,本科,23.123783668753862,152.86640656061024,60.05626760950457,1,7,1,0.26666666666666666,0.6302464595069616,0.0011737702519902399,0
1174,20,大专,20.382354413904643,158.9838056549983,30.20780879058207,0,6,1,0.2791666666666667,0.6146599336467959,-3.280724826535874e-05,-1
1279,58,本科,20.76938160139416,160.29394026192796,32.51140134128242,0,8,1,0.25416666666666665,0.583940707905071,-0.00015841821256471812,1
963,29,高中及以下,3.1593857687334745,24.43797139708824,2.0514016348789927,0,9,0,-0.1875,0.6223269196966168,0.0005003974613915124,-1
177,27,大专,15.175599715758326,88.23367422330163,38.708143812672446,1,7,0,-0.13333333333333333,0.6262504923902,-0.0006107083422321849,1
1719,43,本科,20.134202400107128,128.38391200239153,45.38996130657444,1,0,0,-0.14166666666666666,0.6570612058042562,0.0006110115640994215,0
1352,42,大专,22.46157578058906,115.55914591341838,42.29366881620279,1,4,1,0.23333333333333334,0.6626096919794942,-0.0003363187700888917,0
508,32,大专,14.232565851073709,65.44702976983352,19.68576158774948,0,4,0,-0.13333333333333333,0.6651307271806711,-2.491891945606606e-05,0
5,58,大专,11.99372530340088,82.45745095069823,23.433924137207185,3,6,0,-0.10416666666666667,0.673453080476959,-0.00032417318583924056,1
1633,59,本科,3.0,38.55099606329483,9.2043291736549,1,1,0,-0.12916666666666668,0.6753143800149315,0.0006934338921031609,0
320,34,大专,18.830648405020533,135.15882693672663,27.56583023240277,0,2,0,-0.09166666666666666,0.678366649399962,-0.0009623722176754363,0
1468,54,本科,15.672066102056998,95.3435718232831,30.674756255240823,0,6,0,-0.13333333333333333,0.6713919012593973,0.0005271165224077892,-1
398,32,本科,17.82660374990705,130.77092077043787,52.40918848383378,2,1,0,-0.15416666666666667,0.651023761957422,0.00043043358321678084,1
697,46,本科,21.63436431848212,121.50193643757792,47.86837599775917,2,1,0,-0.2,0.6796504146930749,0.00032832804480077124,0
875,42,本科,17.505684420188572,114.10426519747216,44.41157893016376,2,0,0,-0.14166666666666666,0.6310757678961079,-8.739270765966671e-05,0
163,38,高中及以下,16.642394053958654,99.34755464218918,37.46776337895759,2,2,0,-0.14166666666666666,0.663398544624393,-0.00016865100565065819,0
884,56,大专,14.916711069992106,85.46480915604273,33.69282943743301,1,6,0,-0.13333333333333333,0.645983189974343,0.00014957645365246074,1
1823,59,硕士及以上,28.84102903555628,252.7613634446937,63.20886805147807,0,2,1,0.25,0.6628201444834446,0.00028926545340763726,0
1525,22,高中及以下,7.121207377808922,29.975110885241143,9.219048211541704,0,2,0,-0.2125,0.6473715765763861,-7.48397242412706e-05,0
981,51,大专,3.0,25.92028019541784,0.9643789038080008,1,9,0,-0.125,0.6791885387208083,0.00161033672736034,-1
187,37,硕士及以上,29.667745058181023,269.5783178926378,90.29990846601213,1,9,1,0.30833333333333335,0.6441995238272864,-0.0004142066091319754,1
738,53,本科,20.633490210522883,150.22663498854303,56.11355011659813,2,3,0,-0.17083333333333334,0.5998459820916703,0.0009931878188981368,1
1599,51,硕士及以上,36.97115889664293,350.0306732320099,120.12361749420772,1,3,0,-0.1625,0.6293468088881843,0.0010076022460269946,0
1306,31,本科,21.20392567126321,140.46747635275605,52.69044222158705,1,6,1,0.25,0.6102335104191625,1.2408757187333262e-05,0
464,20,本科,16.698856847184395,134.527278978756,40.26420410143403,1,6,1,0.2916666666666667,0.625749202281718,0.0005967701399965949,0
271,21,大专,16.144826955635995,72.10129534798301,27.06556817254802,0,9,0,-0.19583333333333333,0.6396777213322022,-5.271836286411784e-05,0
797,40,大专,10.321240048748402,29.564082677961096,20.694857874572765,2,6,0,-0.14583333333333334,0.6334333401185794,0.00051096099446445,1
691,55,硕士及以上,27.680647074377536,241.8523237777153,57.68177063562418,0,5,1,0.25,0.6436038699561976,-0.00018961102487896145,1
1754,48,本科,10.497897988897456,57.19047755406002,17.691589068148822,0,6,0,-0.13333333333333333,0.6524281436037601,-0.0005465059989717112,0
1734,58,大专,17.976215060368794,120.03367683940314,27.638309576557447,0,5,0,-0.13333333333333333,0.6195332746367607,-9.834118228257507e-05,1
1467,37,本科,17.75758049764672,140.55902519263765,47.2238226578384,1,5,0,-0.13333333333333333,0.6328964212695374,0.00018078369168982375,0
1840,39,本科,21.2697391046147,144.92810634828595,49.01878931382793,0,0,1,0.23333333333333334,0.6100049157265863,0.001126938674717689,1
1766,42,大专,14.039946544539712,98.48487780948366,16.794601663267947,2,3,0,-0.17083333333333334,0.672209350899362,-0.00020219360242230335,1
1230,56,大专,7.272644510335528,36.47458774089754,11.175806749863291,0,9,0,-0.12083333333333333,0.6386958251337141,1.479653752377388e-05,0
371,49,硕士及以上,43.442560974301415,413.6652021405415,92.843171728801,0,9,1,0.2708333333333333,0.6183925488643395,-0.00010329183628959291,0
1530,24,本科,14.915102481226112,115.74303993140836,22.36036560572727,0,9,1,0.25,0.6370696512829458,0.0008203320592273145,1
229,27,高中及以下,12.773982608626568,88.11413934658873,18.372580707147684,0,6,0,-0.10416666666666667,0.6284597407520743,0.0002489217823179439,0
147,30,本科,15.667917469962829,94.914694444452,46.27435803954206,1,3,0,-0.2125,0.672727850996431,0.0006777749868378841,1
1941,31,大专,8.794384320256047,34.58154449715691,8.451394667931945,0,2,0,-0.05416666666666667,0.6975625025109538,8.451295364762332e-05,0
1181,61,硕士及以上,23.956847650637226,222.19387670616047,69.26982057177109,2,1,0,-0.14166666666666666,0.657061205804256,-0.0008236603711575381,-1
1088,49,本科,19.809064723024917,113.04213747997454,54.8718520296066,1,4,0,-0.15833333333333333,0.6402906418160509,0.00018547867100327135,1
66,60,大专,12.329396333098458,60.58539486002062,22.260043188765582,1,4,0,-0.1125,0.6467249323130458,-0.0007065543948453851,1
1841,24,大专,12.814880634801169,59.3730050448307,18.865426974225443,1,5,0,-0.07083333333333333,0.7079814943724022,-2.439990287191154e-05,0
546,39,大专,14.0919710778566,69.76698393263939,27.96958862600824,0,2,0,-0.19583333333333333,0.6264592448795999,0.00035184174453591,0
155,49,高中及以下,10.770399960744344,32.30840852902891,22.615885970320235,2,3,0,-0.14166666666666666,0.6570612058042558,0.00021488671095154036,1
507,31,大专,23.911301500727948,143.38129581162593,50.82690469036333,1,8,1,0.24583333333333332,0.6354118795118846,0.0010930354873807488,-1
998,63,本科,21.776258879880505,142.052519809738,53.840942990516496,2,7,1,0.25416666666666665,0.6187307609395021,0.0006876520632534812,0
161,49,本科,27.131046734534,197.55604690793427,45.45645700947601,0,5,1,0.2625,0.6083880203156522,0.0007842377284167062,-1
1387,34,高中及以下,6.420712781093833,11.526930538604642,8.068851377023249,0,4,0,-0.1,0.6122870221469174,0.00012316867175845702,1
694,24,本科,13.369609798247538,27.75054981476022,19.425384870332152,0,6,1,0.23333333333333334,0.6168259057849466,1.2492049349338614e-06,0
700,43,硕士及以上,27.36373345507356,260.34358527146327,90.04040244328215,2,5,1,0.22083333333333333,0.631448601330887,-5.416618043780467e-05,-1
1008,53,高中及以下,8.478296975410391,20.137984586277906,14.09658921039453,1,2,0,-0.12083333333333333,0.6951590929957085,0.0001651527343538442,0
740,56,大专,4.337054895296948,21.46330922397954,5.011529905261051,1,5,0,-0.19166666666666668,0.6506621453074726,-0.0003431781283849612,0
1061,50,大专,17.009478243032206,87.56408887710667,40.21978266053984,1,0,0,-0.14166666666666666,0.631075767896108,-0.0001904262970577521,1
136,47,大专,9.773397675112156,76.93983547232875,19.55893912183873,0,9,0,-0.125,0.6076568619909481,0.0014068693578362503,0
1417,39,本科,17.001840876611837,124.75808339305812,38.077018285964286,0,9,1,0.2833333333333333,0.6295822262718176,0.0008949155948183777,1
816,21,本科,24.4967346527677,169.5298399942856,53.027768691169285,0,9,1,0.30416666666666664,0.6026296396347,0.0002904613459619942,0
1076,52,硕士及以上,33.83144153266243,310.64754042941206,113.7559315563133,2,9,1,0.2708333333333333,0.6513450304370448,0.0008309376872905663,1
1494,38,本科,11.047437831847027,60.326689539727184,15.822212866866272,0,2,0,-0.19166666666666668,0.6696759140409511,-0.0005004616494203477,-1
970,33,大专,12.84470160050255,79.09959938169825,30.050255671243136,1,9,0,-0.15416666666666667,0.6762431086380652,-0.00043757404041288006,1
316,52,本科,18.92917288759458,119.36534400193602,50.61286252464314,2,3,0,-0.05,0.6948706270123378,-3.37285710475595e-05,-1
975,30,大专,8.796995725792478,63.5314403518522,13.881769238078334,0,7,0,-0.14583333333333334,0.6529490017484059,9.296052005575228e-05,0
752,23,本科,19.33887098746256,109.36326086379296,54.68085857327147,1,3,0,-0.1625,0.622662994741875,-0.0005572053132317108,0
1922,57,高中及以下,16.058744535980782,80.4650904103236,32.28506901562294,2,1,0,-0.12916666666666668,0.5963481380981333,0.0007951116960429952,-1
1876,30,大专,13.670983394639078,76.1728209553365,25.828976100888244,2,2,0,-0.09583333333333334,0.6930492726218888,-9.454091318188922e-05,1
1856,36,本科,20.896349059494057,136.932130868616,52.98234124485439,1,9,1,0.15,0.6487838639270019,-0.0010407719652181862,0
1589,21,大专,13.31058905528882,95.94207867447278,15.36573132905274,0,9,0,-0.1875,0.6862745830549755,-0.000565864177688213,-1
758,25,硕士及以上,27.57196351129426,242.8718841788235,59.56780328674204,0,1,1,0.24583333333333332,0.6221027688020571,-0.0005223556800861233,0
903,59,高中及以下,12.890774584322608,78.34952413911174,11.687177994771746,0,2,0,-0.12083333333333333,0.6321108733493007,0.0008055815049168767,0
1091,40,本科,13.563049889987733,74.8951979121344,31.365687462540635,2,7,0,-0.2125,0.6343134528648716,-0.0012658140976158365,1
381,62,高中及以下,15.437273100742322,76.78991618260115,32.95572522109305,3,4,0,-0.09583333333333334,0.6494150355696956,1.8311265441054836e-05,1
537,25,本科,10.273500272356213,67.45733084804135,18.395792690548607,0,4,1,0.2625,0.5944742059921173,0.00013423231358637835,0
1630,45,高中及以下,8.862661861963314,37.54829086811466,20.559733742643093,1,0,0,-0.12916666666666668,0.6564639436743582,-0.00014679260869209342,1
1499,57,大专,16.644137466923063,96.8232844665811,33.833581138595775,1,7,0,-0.10416666666666667,0.6081587319406869,0.0016377276444852413,0
1452,22,本科,16.09783619508994,143.80162428777143,26.57003918876132,0,2,1,0.2125,0.6276825277547047,0.0009689254838203735,0
498,61,大专,21.017351923837523,130.83424180982382,37.21321485805157,0,3,0,-0.17083333333333334,0.6468327512497035,0.0009841697679015982,1
968,61,大专,17.3126306489064,98.9574179539702,22.403540893142612,0,2,0,-0.18333333333333332,0.633557179849988,0.0004640045358212804,0
106,55,高中及以下,9.640007037801055,31.337927416539877,18.07667132215875,2,4,0,-0.14583333333333334,0.6529490017484059,0.001144510345879638,0
1272,61,本科,16.713410573671638,92.53400968196046,40.38385089162207,1,0,0,-0.14583333333333334,0.5924766589097489,0.00032982272387510863,-1
1372,40,大专,14.001350520440898,115.47076233331391,27.04165593821533,2,0,0,-0.14166666666666666,0.669675914040951,1.4960834404354842e-06,0
1998,32,硕士及以上,23.44344255633164,223.18651906029908,82.60828221454973,2,3,0,-0.12083333333333333,0.683015199611968,-0.0011996439295936167,-1
1227,64,高中及以下,3.341776199712584,21.00778420797182,9.193724223325583,1,3,0,-0.125,0.6007317713321533,-0.0005047322028082242,0
101,28,大专,19.45791809688736,131.9559610928655,43.09287889776193,1,5,1,0.23333333333333334,0.6168259057849468,0.0015610986528072897,0
1646,35,本科,21.804727629405583,159.97748556392511,51.74005718513285,2,7,1,0.25,0.6102335104191623,-0.0004136581681548033,0
39,48,高中及以下,9.846280838697352,64.06737351411985,5.308717681540443,0,3,0,-0.15833333333333333,0.6467923212546905,-0.00020404008662804556,0
769,36,本科,14.294907101105526,109.04686229757972,38.1177028440269,1,8,0,-0.2,0.6918533716519049,-0.0010748967367850651,0
16,43,本科,23.84635054535086,179.5874716778493,61.31224755963123,1,8,1,0.2833333333333333,0.6295822262718176,0.0012681438074058776,1
757,37,硕士及以上,31.591739434470814,311.49467013362414,101.01811628020636,1,1,0,-0.1125,0.6595373679701205,0.0015760806326967727,0
1050,42,硕士及以上,21.161230506014704,201.01724958247385,65.54588272570572,1,7,1,0.22916666666666666,0.6481251794650668,-0.0006661015939095704,0
1820,34,大专,6.852508808182658,50.11245448100571,11.082671998944676,0,6,0,-0.20833333333333334,0.6190265449230642,0.00027492298586613995,1
1062,26,本科,14.60605913078911,80.19455117391675,37.00722486504535,0,7,1,0.3333333333333333,0.6446864676430429,0.0007444139773324145,0
78,45,本科,16.23378154086196,94.57217822495032,50.144927029112864,1,3,0,-0.25416666666666665,0.6580554380549527,-0.00010194138681779194,1
448,43,本科,19.624423594122923,127.36370745233488,44.21304411474565,1,5,0,-0.08333333333333333,0.6414331930479228,-9.226349737636574e-05,1
1725,55,本科,14.894941225963128,120.33906618007798,22.00153326817048,0,5,1,0.2625,0.6014713479682786,0.000673304814384642,0
1363,29,本科,16.69289396413481,98.08104824610338,29.46469836948886,0,5,1,0.21666666666666667,0.6361933514853784,0.0005554689778900713,0
1344,28,本科,16.802506822066267,142.2975377774333,37.28993451566284,0,4,1,0.19583333333333333,0.5850145130457857,0.0020956653182510874,0
125,45,本科,14.64076130119397,103.57835267578515,19.797259134546383,0,7,1,0.2375,0.6186180441264453,-0.00042276030968329284,-1
287,45,大专,21.134923836132344,140.6942123377055,51.057507284030926,2,6,1,0.2791666666666667,0.6214298310087015,-0.00069067785402754,0
459,24,大专,10.021605791647069,35.84665535067956,12.694824967675784,0,9,0,-0.09583333333333334,0.6558262645402433,0.0009544954092076252,-1
620,39,大专,5.479501871762972,23.384359407796083,11.297659878385574,1,1,0,-0.06666666666666667,0.6562647355056799,0.0008083528479272937,1
1104,33,本科,17.912010353721808,133.54118119482123,32.550428923322706,0,9,1,0.25,0.589304959022095,0.00011228972923899008,0
1391,43,本科,13.333872246553325,97.53440970116011,22.651321866821117,1,6,0,-0.18333333333333332,0.6530691407882708,0.0011554111769267578,0
1645,33,本科,15.614395489909594,85.25576720644058,43.8412523664392,1,0,0,-0.15833333333333333,0.6467923212546904,-4.7846200478410615e-05,1
521,26,本科,25.308995837736525,166.28205699973208,47.29220540747658,0,2,1,0.20416666666666666,0.5821466311329733,-0.00030534889495341795,0
259,46,硕士及以上,28.431269181125028,260.7954313941922,60.22137068493769,0,8,1,0.25416666666666665,0.6254565975106472,9.18814918296896e-05,1
1932,57,本科,18.43255395393648,136.24548900767343,47.11225477235028,1,7,0,-0.15416666666666667,0.6510237619574218,0.00043053442252005984,0
764,36,高中及以下,9.171747621579891,39.9032761142186,18.881249156336285,0,2,0,-0.15833333333333333,0.6783666493999623,-0.00013087776651328584,0
863,54,本科,9.702015808367976,102.0039955219758,16.86974590231343,0,3,0,-0.05,0.6640814589343828,-1.6754969461554628e-06,0
112,45,本科,16.132430014095764,133.512821610824,48.08379934904546,1,3,0,-0.1375,0.6674202505131075,0.0012068011219164502,0
1105,28,本科,14.534065269287773,89.62979980312318,26.056510480830745,0,6,1,0.25416666666666665,0.6386958251337138,-0.0002371532457568588,1
744,55,本科,21.054205155683444,153.1228625172095,53.16175911713349,1,0,0,-0.15416666666666667,0.6247872720261782,0.0001866223548378292,0
960,26,本科,12.718267682482711,106.8312439463652,27.54244204406459,0,0,1,0.3416666666666667,0.6067380833713261,0.0011652041395486116,1
503,59,大专,10.743128549662238,55.61970841201348,9.568586002040922,0,7,0,-0.18333333333333332,0.6466305759961478,0.000185342091986792,1
1071,29,大专,21.14893726235209,82.1062855624637,24.574352790495624,0,2,0,-0.17083333333333334,0.6596430927121887,0.0001393033379820066,1
675,52,硕士及以上,31.932583756659152,290.8351009266023,74.66314421634549,0,3,1,0.22916666666666666,0.6081587319406869,0.00014731678473434428,1
1418,58,高中及以下,4.260485624049956,9.049709584617954,6.334796709232568,2,6,0,-0.2,0.6545623597833812,0.0005206053775235474,1
1325,28,硕士及以上,35.55568283179567,303.2853006904003,76.54950373041453,0,0,1,0.3,0.5871710776911506,0.00030256438260218367,0
1423,50,高中及以下,14.21969535445778,83.20493350711334,30.655125094851535,1,5,0,-0.21666666666666667,0.5883575227839423,0.0002150745612660251,0
1419,41,硕士及以上,28.444677704446427,287.05807847367714,89.66159901309848,1,4,1,0.23333333333333334,0.5961288413899798,0.0006575408952677279,1
1170,48,大专,23.252061611875128,165.64707736419427,52.706184915768034,2,2,0,-0.016666666666666666,0.6335571798499878,-0.00038454030685274005,0
146,21,本科,23.240147888086263,152.39806102380808,40.38105641338573,0,3,1,0.275,0.6131406222019076,0.0006090699809592755,1
926,44,大专,15.974056355730454,115.57288756554696,32.646269724994625,2,2,0,-0.17083333333333334,0.6403314823218055,0.0004579169835769495,0
1629,25,大专,15.592390333982904,100.4776507733166,34.47092112342479,0,8,1,0.2875,0.5755205029991416,0.00035993142373183897,0
516,59,高中及以下,9.811224827757346,51.47025618802749,14.892852212812342,1,4,0,-0.15416666666666667,0.73551801497222,-0.0003302953529447209,0
1755,34,本科,17.024978111727904,141.57437021398167,36.29265240864471,1,9,0,-0.2375,0.618618044126445,0.00017281575389335523,1
443,41,高中及以下,13.126059652897329,65.43362679953658,24.434689087712748,2,8,0,-0.12083333333333333,0.6643832932807054,0.0002413352293076746,0
353,39,大专,7.205613770384922,29.060338358275636,20.342236850792943,2,7,0,-0.24166666666666667,0.6467923212546903,0.0010095139495261835,0
1033,34,大专,9.026134404856776,42.184620857344136,18.16995616871468,1,9,0,-0.08333333333333333,0.628251652978338,0.0008217267748848125,1
994,43,大专,6.891189654764422,54.78384559414539,8.733317724805765,2,1,0,-0.15416666666666667,0.6885064586872908,0.000564713570109048,0
1343,45,大专,17.83091983425142,118.1396240070038,37.9646868443823,1,2,0,-0.1625,0.6226629947418749,-0.0010285707375052237,0
1858,43,本科,3.0,15.3689975403715,10.75829827826005,0,2,0,-0.19583333333333333,0.6461855677787759,-0.0007672473791997356,1
1605,60,高中及以下,4.46708753106061,18.82115212039258,10.226900051684463,1,4,0,-0.15416666666666667,0.6574193026296186,0.0001354064510238629,-1
1662,28,大专,18.343513376158416,102.19833666312546,37.15540965520336,0,7,1,0.24166666666666667,0.6067380833713258,0.0001888902288180844,0
1340,44,高中及以下,19.220582066971343,142.63119739102967,44.88252766906456,2,0,0,-0.1875,0.6614378277661475,0.0005737306823777914,0
705,45,硕士及以上,29.18669051896924,268.1385197280467,90.4694054712112,1,0,0,-0.19166666666666668,0.657061205804256,-0.0009124015005775796,0
1958,49,大专,6.663790032566167,34.36551185310973,14.248239127420778,1,2,0,-0.09166666666666666,0.6659165933842547,-0.0002142984005625354,0
1478,30,大专,13.32423196483792,81.03926516478452,32.85370039079726,2,0,0,-0.11666666666666667,0.6295822262718175,-0.0005168186091172368,1
693,62,本科,18.2315498239707,133.65557963814413,39.10418382970962,0,7,1,0.24166666666666667,0.6337222618469311,0.0007876406228530274,1
770,49,本科,14.09404486926497,98.96293418326088,32.88272593229093,2,6,0,-0.17916666666666667,0.7005551693676627,-0.0006118243143981522,0
219,60,高中及以下,12.092495372751925,61.16187950566989,27.98499075027051,1,1,0,-0.15,0.6487838639270015,-0.0006035577732762425,1
649,58,本科,18.39225065388956,151.2774817971461,31.379507033530103,0,0,0,-0.1125,0.6844430897424815,0.00015120036792530377,1
499,39,本科,16.295517102774912,97.77059432591,31.600858411202715,0,6,0,-0.15833333333333333,0.6337222618469314,0.0008020703508948454,0
1243,42,大专,16.049677924902834,84.78113415344546,31.13188544279628,2,4,0,-0.14166666666666666,0.6441995238272864,0.0006476820980540134,0
859,56,大专,12.12605423640871,66.11842843536978,27.66935689178039,1,2,0,-0.17916666666666667,0.6380403881883605,-0.0005627454042477549,0
1868,21,硕士及以上,30.713381732801643,292.17844034381227,71.94780737901053,0,4,1,0.25833333333333336,0.6135953900168499,0.0010925068544680556,0
1357,26,本科,15.790721088535651,102.33832675652972,27.4709657675616,0,5,1,0.2375,0.6049395695812835,0.001086223744238727,0
438,23,硕士及以上,20.318638429778776,187.47437130674533,42.42297704082432,0,6,1,0.275,0.6062781719287953,-0.0007110825076779496,0
987,34,本科,19.615416289689502,133.670462146656,60.36892651504674,1,5,0,-0.1625,0.6425058813204597,0.0008296607942194534,1
1965,53,本科,19.54087544362541,121.28369513347178,45.82887095916436,2,2,0,-0.13333333333333333,0.6524281436037601,-5.694305060292772e-05,0
653,56,高中及以下,4.881761191500545,15.944107391084096,11.160875173758868,1,0,0,-0.14583333333333334,0.640004685303631,0.0005835296309505578,0
895,47,高中及以下,11.176448545849349,50.01428017943682,28.433346830387155,2,3,0,-0.13333333333333333,0.677595222764689,0.0003025667255376881,-1
1895,58,高中及以下,16.4192256341465,76.1067622444839,19.518476062929327,0,3,0,-0.09583333333333334,0.6746945173715799,0.00021703343395691494,-1
1261,61,硕士及以上,34.38765095870137,302.6529834657047,89.58118172157657,0,5,1,0.2375,0.6320005428735553,0.00025768905557108877,0
829,21,大专,15.515241414663585,84.15589935678042,23.76376819335642,1,1,0,-0.13333333333333333,0.6713919012593976,0.0003372728937364209,0
317,52,高中及以下,15.746884204789088,77.27853413583333,17.820460180488574,0,9,0,-0.22083333333333333,0.6112468679774753,0.0017872291543388284,0
1501,31,本科,27.53974246673441,197.887527694509,66.55724883621954,1,6,1,0.2,0.6734660239059193,0.00011735576224385456,1
526,61,大专,17.861057386762525,120.6548103977418,21.71859602818868,0,0,0,-0.19583333333333333,0.6653272807543962,0.0011409816310594526,0
472,39,高中及以下,3.761861004281037,36.14557058388146,7.770340233424463,1,0,0,-0.1375,0.6736601454975641,0.0014978077787759982,1
261,27,大专,13.42098245014117,101.7150132103905,22.34012664859277,0,5,1,0.30416666666666664,0.5956461044357029,-0.0004883439899811004,-1
873,25,硕士及以上,23.841194128685952,200.1472662913461,74.4830760007104,1,5,1,0.2833333333333333,0.636193351485378,-0.002006452999161393,1
628,42,高中及以下,10.566852690126115,90.17307598598096,23.435466764089277,2,1,0,-0.20833333333333334,0.6583335540136983,-0.00027223349434624285,1
1067,48,硕士及以上,29.26602255147675,266.7709538688668,86.43078126384964,1,7,1,0.22916666666666666,0.6350825509986748,0.0014616008252903241,0
815,57,本科,14.365375205349215,89.51750793459794,40.29481427703767,1,6,0,-0.14166666666666666,0.6376714088482269,0.00027898081541346463,0
927,33,本科,11.926658363457191,101.47416557435844,28.103596231594665,1,3,0,-0.1125,0.6965620896731854,0.00019398413020703135,0
1595,27,硕士及以上,24.47920031212742,239.3788808720489,54.84554835584107,0,8,1,0.2625,0.5873937186871665,-2.9560089473707613e-06,0
1326,50,大专,12.152723310881258,58.16263241138539,13.918493061024986,0,6,0,-0.17916666666666667,0.6445647661766611,0.00030288505360597326,-1
1287,30,本科,26.114867243146904,205.0814158760961,59.06011352200478,2,8,1,0.22083333333333333,0.5832237394559595,-4.288093757052868e-05,0
787,50,本科,18.231016379074767,129.90162024173316,43.64898256215714,1,4,0,-0.15,0.6552012690226341,-0.00042479686435050444,1
1128,45,高中及以下,15.317544642257632,63.529743620346935,24.314490156802474,2,3,0,-0.1625,0.6986613021076535,0.000642626153998988,0
1397,49,高中及以下,19.184475849145063,117.51241581389596,25.773416079262905,0,9,0,-0.16666666666666666,0.6446864676430432,-0.0003833587658856751,1
699,24,本科,14.736018530771029,61.57279525600827,43.10095667920579,1,6,0,-0.125,0.6540827682965105,0.0002605505920500686,-1
411,30,硕士及以上,20.658681200655764,184.72215489731377,64.45833281634276,1,1,0,-0.1125,0.6595373679701204,0.00038113687421058773,-1
1304,47,大专,15.130540050221857,71.03361887146099,29.2268187604242,2,7,0,-0.15,0.6423023441146938,0.0004084031693927733,1
708,41,本科,26.32388029374136,156.34631572787418,70.64380230227525,2,5,1,0.2375,0.6515591214179484,5.158280406653207e-06,1
747,34,本科,14.833728988632028,95.86424938582228,30.56976875475662,2,7,0,-0.17083333333333334,0.5998459820916702,-0.0007304970335287205,-1
1724,44,高中及以下,10.35248114510582,48.52895510559037,19.33388246181999,2,4,0,-0.15,0.6487838639270019,0.0011774772839602235,0
1400,58,本科,23.107719329907432,134.99816198793368,63.00926533712031,1,7,1,0.25,0.6237959112659637,-0.0008247162147890233,0
1412,31,大专,15.79229788183384,112.57903610008329,17.437108553999877,0,0,0,-0.09583333333333334,0.6621754224505989,0.00018999623970228417,0
1603,34,本科,13.42722476603039,76.4188955718187,38.86218849742941,2,1,0,-0.13333333333333333,0.6524281436037596,-0.0007945331445396393,0
1083,45,高中及以下,17.54359811661289,103.10697255676786,19.74357968535663,1,2,0,-0.20416666666666666,0.6435903259612056,0.0007398134623680295,0
1361,23,高中及以下,10.373883945677555,34.69100016508694,5.15393117395204,0,7,0,-0.14166666666666666,0.6820573520754855,0.00040685169000845425,0
1090,42,大专,6.287576960992199,46.92924450612384,5.145799993788871,0,2,0,-0.16666666666666666,0.6886203942810616,0.0008970211517992113,-1
514,63,本科,22.89296431832482,159.7403601880276,57.50441424499676,1,8,1,0.25,0.6691029403386856,-0.0005780976514181234,-1
1149,58,高中及以下,10.38928362133652,57.37829274582306,26.599001024728032,1,0,0,-0.1125,0.6595373679701204,-0.000910769704870638,0
1209,63,高中及以下,11.425619206711362,86.55818099119053,12.471213617312532,0,2,0,-0.15833333333333333,0.659603447919787,0.00017085800002878245,-1
396,22,本科,16.69367804479373,125.23771409569083,36.62164491212373,0,7,1,0.225,0.639854847556399,-0.00026030333042905665,0
51,28,高中及以下,3.3931796417736537,5.0,3.5,0,6,0,-0.13333333333333333,0.6394732839553252,-0.0003096787516232905,0
295,43,大专,17.07792643930644,107.97472428913174,35.67784190712467,2,9,0,-0.15,0.6487838639270016,0.000783460088241405,0
1146,43,高中及以下,7.4501141183287185,15.511948381873854,10.858363867311695,1,5,0,-0.10833333333333334,0.6820573520754857,0.0007351812883357813,1
906,38,大专,13.152068137513549,57.5120075056146,21.04887853383465,1,0,0,-0.15416666666666667,0.6314486013308869,7.972961627705117e-05,1
1798,41,本科,16.541131404234605,114.28028727742924,42.015019679157405,1,1,0,-0.0875,0.6696108280843925,-6.954850810649448e-05,1
296,58,高中及以下,3.0,10.323781366431716,0.2590277118061728,0,8,0,-0.14583333333333334,0.6842392878725543,0.0003664469712775679,-1
1670,54,本科,20.786982785968117,148.85236694683437,42.23993028368732,0,1,1,0.24583333333333332,0.6548685815759416,0.0007123234614688792,0
1668,43,本科,18.220694483327964,122.95969346377316,48.19908334395758,1,5,0,-0.15,0.6863888891240669,0.0005216691453918358,0
685,56,大专,15.741015079724091,94.9197023125653,31.3636806436382,1,4,0,-0.1375,0.6353021223094398,-5.95730983268774e-05,0
519,46,高中及以下,19.704334695909345,124.88817047975908,39.24292013466472,2,9,0,-0.15,0.6423023441146933,-6.931582019161757e-05,-1
755,39,本科,31.1324245451845,226.9381492595629,78.38295433615453,1,0,0,-0.12083333333333333,0.676861553099418,0.0007240112089627738,1
402,34,硕士及以上,26.593150040471496,223.43604190026943,90.1876620956628,1,5,1,0.325,0.6021231612014523,-0.0010139422311539817,-1
749,27,大专,14.683870586583495,82.40718430175647,28.618610505258665,0,2,0,-0.15833333333333333,0.620376904378903,0.0003274500099047012,0
321,24,大专,12.148146951694464,84.66676631111108,19.406488985652366,0,8,0,-0.18333333333333332,0.6782124342690945,-2.5620407791791737e-05,1
1102,61,本科,18.80831193189777,122.12114517506993,35.02882384117043,0,1,0,-0.15416666666666667,0.6510237619574218,0.0012446915820375373,1
1151,42,高中及以下,15.13094834053432,59.55973939119629,27.85857098417797,0,8,0,-0.12083333333333333,0.6706514454076244,0.00015326511535398722,-1
1948,20,硕士及以上,29.36000553441594,260.7779618274232,61.30576440701942,0,7,1,0.2875,0.6176026670872671,-0.0008826010886389154,0
1373,38,大专,15.298056739516072,65.36108602305347,32.01805337398575,1,2,0,-0.06666666666666667,0.6562647355056804,-0.0002965036300585254,1
1042,38,本科,19.480502948116357,136.4191008987766,54.59879817730281,1,5,0,-0.175,0.6293052555020582,0.0004918822793238833,1
335,56,本科,16.434788570368973,126.15316064022892,29.65460147505381,0,6,1,0.2625,0.6152269370731575,0.0011238601928551227,0
1877,60,大专,14.335905548269906,91.25880251910034,36.31912222956519,2,5,0,-0.1875,0.6223269196966171,-0.0009974196120899113,-1
1688,62,大专,13.790410089126144,66.40358873268234,25.19122784413292,0,6,0,-0.0875,0.663332842735113,-8.155923325720327e-06,0
372,38,大专,16.57979238383922,126.53771155182834,40.16597517506039,2,6,0,-0.19583333333333333,0.6839334711991362,0.0009062430701725725,0
1686,39,大专,16.954410367458184,92.87480542238754,21.5666579714685,0,0,0,-0.1625,0.6742809590337555,-0.0006038048257369096,-1
427,56,高中及以下,9.720272839773658,41.07693585328975,16.43619908925935,3,9,0,-0.14583333333333334,0.6465092404965452,-0.0001757463577252526,-1
1580,33,高中及以下,6.256555633150217,29.21710655404258,18.798411898133413,1,3,0,-0.1375,0.6798427704025537,6.430496425804517e-05,1
407,26,高中及以下,8.259151045816626,44.11686574356869,17.842298141466557,0,6,0,-0.10833333333333334,0.6881645387238748,0.0019454646413188564,1
1986,57,高中及以下,14.863961807178702,54.756325051994864,24.90243411978782,0,0,0,-0.1875,0.6421801908261728,3.3754632686694616e-05,0
1254,49,硕士及以上,26.162022669199068,236.4478215693817,75.90479319964227,2,0,0,-0.15833333333333333,0.6596034479197869,0.0019002392221475642,1
1780,22,高中及以下,5.585672427261997,16.197194031284553,8.690085936798214,0,9,0,-0.15416666666666667,0.6314486013308872,0.0008169493321789816,0
1782,21,本科,26.182126061708324,166.08036884602825,48.206866161485415,0,0,1,0.24583333333333332,0.5945914997743453,0.0009366177243682916,-1
1424,31,硕士及以上,26.186945247815416,246.6958597157308,90.429541952232,2,9,1,0.25833333333333336,0.6067380833713258,0.001355003503832801,-1
330,44,本科,26.05955238733745,190.3906564975034,74.78668887711876,2,2,0,-0.11666666666666667,0.6295822262718174,-0.00019800057106968212,1
603,26,本科,22.687614608748788,145.39905693301074,43.46827938644167,0,7,1,0.2,0.5503897439931879,-0.00026856483726447303,0
408,62,本科,21.82057202750895,155.7510200087064,56.55111772687295,1,3,0,-0.12083333333333333,0.6187307609395025,-0.0004115306644200975,1
336,63,高中及以下,5.907511987948075,18.240694032875997,12.768485823013194,1,5,0,-0.13333333333333333,0.6651307271806713,0.0011726485381513922,1
1073,43,本科,16.409862830964652,99.8168486741913,46.15634115219756,2,0,0,-0.17083333333333334,0.6468327512497036,0.0011391470161261337,0
242,24,大专,5.193552976787276,28.33008733275803,13.609583887941422,1,0,0,-0.17916666666666667,0.6380403881883606,0.00019554486897123852,0
1353,61,本科,14.429344538999745,119.4974671120311,22.561831285543377,0,6,1,0.26666666666666666,0.5890682428209313,0.00014626243114283612,-1
109,51,高中及以下,5.550980053257949,33.396003241726746,14.38232862443541,2,9,0,-0.07916666666666666,0.6119310040322806,-0.0002656644642392537,0
1222,63,大专,11.201498644250933,98.61567462784636,32.429744223559084,1,5,0,-0.22083333333333333,0.6574193026296186,0.0009098979094141563,1
1943,21,高中及以下,14.684844977946009,60.28662557938365,17.823885238133848,0,6,0,-0.15416666666666667,0.6762431086380654,0.00027996107933548806,1
469,61,高中及以下,6.434764591543431,12.322441556269084,3.970688711485522,0,3,0,-0.17916666666666667,0.7005551693676627,-0.0010613208219165244,1
210,31,本科,19.275966758780083,151.11659691359625,35.406499332398774,0,8,1,0.21666666666666667,0.6229009381920675,-0.000654780198749085,0
1930,24,本科,20.54187662508974,144.93773853836387,30.481041223121856,0,0,1,0.20833333333333334,0.6709243400070883,0.0004816501117612934,0
779,58,大专,13.26463250245698,85.33048064771906,24.161144428118227,0,0,0,-0.225,0.6062781719287955,-0.000391443351833054,-1
119,25,本科,13.48232776711864,110.80360558951944,24.69381886717292,0,0,1,0.22083333333333333,0.6180541517125284,0.0011244047421998088,1
1838,30,大专,3.0,49.066238988249225,3.956872557173888,1,8,0,-0.075,0.661714522121595,-0.0002937097232538145,0
1374,59,大专,24.45834544697744,141.5576416523442,60.05898935103948,2,8,1,0.2875,0.6243406563969109,-0.0003450959004722766,0
776,39,本科,16.608731157714136,104.30675330478088,29.502109802658385,0,5,1,0.25416666666666665,0.6386958251337139,0.0010676037435212286,0
966,47,本科,19.60523004582418,144.0545883988014,45.97983936479857,2,0,0,-0.2,0.6416505911877181,0.0007839761589176948,1
1991,39,本科,10.92416613258743,76.01639007092422,29.147029989149413,2,0,0,-0.175,0.674242174934386,0.0011207772521064458,1
97,50,本科,17.50082709752275,139.93378509561245,43.97358280220639,1,1,0,-0.1375,0.6219906630627495,-0.00016660719526444024,0
1661,47,大专,17.785591843372224,97.55444011573888,35.33274327854996,2,1,0,-0.20833333333333334,0.6583335540136982,-4.990453402507369e-05,1
1884,47,本科,17.263558432327212,120.01948953043603,40.12192837997406,1,9,0,-0.175,0.6926089177672426,0.0012749898781246646,0
1716,49,本科,16.81875183688156,92.8163845230656,38.73442496468154,2,8,0,-0.14166666666666666,0.6570612058042561,0.0009981102404610024,0
599,48,大专,20.53499776702008,122.5582270844866,38.97301032826867,1,2,0,-0.19583333333333333,0.6331029824064477,-0.0008958301304444136,0
1573,56,本科,21.74775269463073,143.8457223614902,50.73215646670506,0,5,1,0.2916666666666667,0.5770482287456271,-0.00010905764162814136,0
1127,48,大专,15.224696135222342,83.53719994035978,34.88346884727852,1,4,0,-0.12916666666666668,0.6753143800149316,-0.00039186139754056586,1
410,27,本科,21.9106411954737,123.10082708132086,43.11534001399619,0,5,1,0.25,0.6033379951583303,-0.00029377935242502605,1
466,27,大专,11.528300249086527,86.99484956990324,11.660896477746624,0,2,0,-0.23333333333333334,0.6168259057849467,-0.0001616217846807642,0
616,31,高中及以下,12.842221527973065,49.13451180718465,23.15176548542821,2,7,0,-0.09583333333333334,0.6990604373861744,-3.498722407805355e-05,0
468,28,本科,22.124689448070512,165.8452407835666,37.54141050397467,0,3,1,0.23333333333333334,0.6302464595069613,-0.00025931125786095955,1
185,40,本科,13.879346393302615,86.53845680558757,24.4079329249779,1,0,0,-0.09166666666666666,0.7144162064504498,0.000877332437866209,1
1069,20,本科,19.366606282684373,148.52689836990407,36.13241733613813,0,6,1,0.24166666666666667,0.6270850853939763,0.0004455838425609915,0
480,32,大专,12.209686652144129,87.16651719819662,26.64709639252729,1,0,0,-0.20416666666666666,0.656463943674358,0.00015295958890747623,0
809,64,高中及以下,3.0,23.75287637750013,0.0,2,7,0,-0.14166666666666666,0.631075767896108,0.0004006225805289417,0
99,26,高中及以下,3.8524630132020112,38.04296852149,6.57474305470083,1,1,0,-0.20416666666666666,0.6435903259612055,-0.0004430186882671112,1
1639,32,高中及以下,11.556865645608305,80.09668689687895,11.46469551769167,0,6,0,-0.20833333333333334,0.6454972243679027,0.0006767471320693372,-1
1189,20,硕士及以上,23.00007609594801,221.1655201453061,50.19979870725391,0,4,1,0.22083333333333333,0.6445647661766613,9.568094056078337e-06,0
365,43,本科,15.793088438170251,119.8450971590749,39.75770440502316,1,8,0,-0.20833333333333334,0.63898236738571,0.0003655509557885293,0
1541,30,大专,10.60825060579428,37.56469522676701,24.15095017441951,2,2,0,-0.17916666666666667,0.6700272689552673,0.0005384273452767245,0
1019,25,大专,13.669036836556192,54.89178031543106,19.15293881496505,0,8,0,-0.13333333333333333,0.6898345363833046,-0.0003891856112220704,0
272,26,大专,12.285776735450815,70.19039985608637,22.154183396618063,0,1,0,-0.1625,0.5881056034734068,-1.4596448971441632e-05,0
175,40,本科,11.53247570330812,76.82618183133185,15.488792265536537,0,8,0,-0.15416666666666667,0.6510237619574218,-0.00012392655084623083,-1
544,57,大专,12.885889121213944,86.846474242558,25.42833880160873,1,6,0,-0.10416666666666667,0.635082550998675,0.0010757734021487394,0
1832,46,大专,15.840050182472591,85.55196054962609,33.3297358754364,2,7,0,-0.14166666666666666,0.7061692678582829,-0.0004111740496315377,0
1457,40,高中及以下,10.91194607361938,53.50550153788164,19.38629454503202,2,7,0,-0.16666666666666666,0.6315728302329223,0.0019851854239964686,1
527,26,大专,14.509103065516491,95.42637357234378,21.4704243933632,0,8,0,-0.1625,0.6359603813875208,-0.0007137526251198323,0
457,48,大专,8.631487936410995,75.85507755899629,19.861206122629586,1,1,0,-0.0875,0.7001568861847799,0.0003420291934423501,1
942,61,大专,16.00874459659873,112.7109086839839,33.54676650657071,3,6,0,-0.1125,0.6658511399598066,3.901929091862257e-05,1
1950,61,高中及以下,8.608167798494508,37.365768474614,13.619630556990682,2,5,0,-0.15,0.686388889124067,-0.0005814499611032626,1
1673,54,大专,8.710618677345625,50.078795966112224,21.404286493785,0,9,0,-0.1375,0.648340333686343,0.0005205940265478043,0
354,63,本科,23.366289158945783,152.08020541329566,60.097608221365086,1,9,1,0.25833333333333336,0.5856846415116671,0.00015004109741773074,-1
606,34,硕士及以上,23.929150090069434,197.17920045442344,50.97840501357599,0,1,1,0.2875,0.5898815567942649,0.0012669798754840046,0
124,58,大专,11.627435331904806,63.91752932011755,30.30852385682423,2,1,0,-0.07083333333333333,0.6331029824064477,-0.0005899804943293542,0
1258,44,高中及以下,14.109686005543384,83.37282632518725,34.78037551625724,2,0,0,-0.20833333333333334,0.6954223704779905,-0.0007598066091008616,0
1878,52,本科,16.066581787558587,105.53617747759618,40.603940284881794,1,4,0,-0.11666666666666667,0.6988733711069541,-0.00046194226930419935,1
1565,40,大专,15.202106770640452,97.9810814066702,19.714610514615543,0,1,0,-0.15833333333333333,0.6659165933842548,0.0007169539937967468,0
1772,36,本科,20.87673665903785,146.12195812521568,51.56701708475472,1,3,0,-0.18333333333333332,0.6530691407882708,-0.0004576963570762977,0
686,38,本科,16.67229762685382,123.79632977155592,46.67023954386901,1,1,0,-0.13333333333333333,0.65242814360376,0.0005804872169679156,1
1807,41,本科,16.646631223281528,95.9990470601349,33.06608125938028,1,3,0,-0.1375,0.6483403336863431,-8.136766524487535e-05,0
93,37,大专,17.67866680140082,104.2604721582948,45.54552958362768,1,8,0,-0.12916666666666668,0.6690899125066311,0.0003665213795770356,1
38,32,大专,13.733485655044229,61.198284956542594,25.60428933612256,2,4,0,-0.17083333333333334,0.6596430927121886,0.00014236579819972272,0
166,34,本科,20.956603644262422,131.3649168201865,64.25048338836056,1,0,0,-0.09583333333333334,0.6494150355696955,-0.00025043959734758473,1
922,40,大专,4.63922248783302,23.712523366540864,15.936087558312195,1,1,0,-0.13333333333333333,0.6588100510792685,-0.0005605430049964384,-1
1862,58,大专,9.596410396442792,86.39197470994706,22.548386463935284,3,0,0,-0.2375,0.6049395695812835,0.001448050582721573,1
257,24,本科,10.889741169299338,77.82548110413559,10.97718375896914,0,4,1,0.25,0.6237959112659633,0.00039352273180115043,1
658,23,大专,20.736616208067797,126.97477881050858,40.74028145757643,0,4,1,0.26666666666666666,0.6168259057849466,-0.00015517388207940096,1
1282,37,大专,20.89916164877194,121.06667818878564,51.05701074647813,1,7,1,0.2125,0.6343134528648718,-0.0003583458949157927,0
613,37,大专,22.027416913969823,157.8792216835837,51.01839437865222,2,2,0,-0.15416666666666667,0.6824023320719925,0.00013579587650309027,1
843,21,硕士及以上,23.467844703614183,212.9620036506161,78.93730468777993,1,0,1,0.21666666666666667,0.6427364789017486,-2.969093775808649e-05,-1
1481,20,大专,13.175778092101178,55.09325423510864,15.257376244893376,0,5,0,-0.125,0.6974250308385607,-0.00015833192430372747,1
1296,31,本科,22.52459259346942,155.77859304518697,61.653108777671065,1,2,0,-0.19583333333333333,0.6264592448796,0.00030234201205019335,-1
1742,40,高中及以下,16.60455001334936,73.38634987112025,31.467351882394475,1,1,0,-0.14583333333333334,0.6842392878725543,-0.0002267404787856694,-1
547,46,本科,15.50531225019027,118.5964004089282,34.047887020981115,1,0,0,-0.1125,0.6270155784068315,0.0009406345843758198,1
52,36,大专,11.764637040660675,76.8802813286098,26.7580248549439,1,5,0,-0.09583333333333334,0.6621754224505988,-0.00087033689925118,0
1293,20,大专,15.98617026489496,95.46666987224268,31.357880954761367,0,1,0,-0.175,0.642465179037861,0.0006827916701155815,0
1364,44,本科,14.702511519133653,104.59696925560122,30.68850919854309,1,8,0,-0.1625,0.6425058813204599,-8.945247892441404e-05,0
1384,37,高中及以下,7.289596014027495,28.462312330648977,11.347492064568415,0,8,0,-0.16666666666666666,0.6511442562127718,-0.0003622553391223213,0
1029,35,本科,20.58495236080571,168.01871887575044,43.662155592369366,0,4,1,0.2375,0.6451054858440665,0.0004582667605689297,-1
1907,27,高中及以下,10.937338360862638,81.29942515686972,12.730885250456444,0,7,0,-0.19166666666666668,0.597005544900181,0.001551087835902221,1
1632,24,本科,18.5905173250323,138.99942340986323,38.1307107338868,0,2,1,0.18333333333333332,0.6594448449163509,0.0013176904564911264,1
1815,24,本科,12.746680503834256,88.99470208428775,38.1930361357346,1,7,0,-0.19583333333333333,0.6331029824064477,0.00011805030082753481,-1
1096,57,高中及以下,10.98197302505094,21.876013590576363,15.313209513403454,1,1,0,-0.1875,0.6486629312103166,9.343810344310165e-05,0
765,55,高中及以下,4.689768705767227,14.2717702769392,4.551714375573997,1,7,0,-0.15416666666666667,0.6247872720261785,7.1466307785563015e-06,-1
1704,61,本科,12.780441127052672,92.44464805169947,34.84697420731777,3,2,0,-0.058333333333333334,0.7237262171415125,-0.0001413184094541379,-1
325,30,本科,13.617175879084016,73.00816325287673,32.021879641641426,2,0,0,-0.1625,0.7105378362454753,0.0007387705878656964,0
754,44,大专,16.137405210604193,117.39044212515508,18.85360455078997,0,8,0,-0.1125,0.6783023973563813,-0.00046509203811330273,0
1821,54,本科,26.92474061440069,187.51339946637637,69.89448143382857,1,1,0,-0.15833333333333333,0.6659165933842547,0.0010363800755915512,0
600,47,硕士及以上,29.759653854093287,270.333617346063,103.3881632816896,2,8,1,0.26666666666666666,0.6100049157265862,-9.760215074765793e-05,-1
965,46,高中及以下,6.81751975075873,40.59413558701042,16.8038724296725,0,8,0,-0.17083333333333334,0.6659558623510428,0.0007437750445075654,1
1491,42,大专,8.980559319943236,53.14855859874514,12.04310875027038,0,7,0,-0.17916666666666667,0.618054151712529,4.072606381352742e-05,1
1336,48,本科,17.07943533941418,116.51631247639612,42.13034928781676,1,6,0,-0.2125,0.6664792274853404,0.0009719549231712923,1
909,24,本科,19.480165385213088,136.19179499207914,47.77038940831187,1,2,0,-0.1375,0.6736601454975641,0.0002767986707566758,-1
1378,42,高中及以下,10.189399972447994,69.26908286535352,21.08584287004389,2,0,0,-0.15833333333333333,0.6659165933842547,0.0005711137560718329,1
1177,28,本科,20.793855173688797,141.4527603952522,45.06183355487548,0,1,1,0.1875,0.6223269196966167,0.0009143240206028335,-1
1432,27,本科,22.84370265961779,154.70937483454802,47.1130162706637,0,9,1,0.16666666666666666,0.6315728302329227,0.0012793230042740982,0
481,57,高中及以下,4.47082408923941,42.767644258352846,11.286031998439729,0,0,0,-0.1625,0.6742809590337557,0.0006411577297929504,0
864,58,本科,12.722831095221478,92.1401529003222,22.68855363057596,0,2,0,-0.16666666666666666,0.6381633338928557,0.00021049302012202757,0
1350,22,高中及以下,7.681275311012316,21.087347855985332,13.376861182148126,1,8,0,-0.10833333333333334,0.6506621453074728,-0.0002500248023563305,0
215,32,本科,26.883599235588104,188.21743085553203,69.72429089499171,1,7,1,0.17916666666666667,0.6247872720261783,0.0009703210118055751,1
1777,27,本科,20.132237080991374,158.78353014127424,33.55391777062396,0,2,1,0.2375,0.6320005428735552,-0.0002577823798544413,0
831,30,硕士及以上,27.674771636405957,243.86147717036067,66.25287179458664,0,2,1,0.29583333333333334,0.6136380072201852,0.000620298807206601,0
369,54,大专,18.697102108990904,127.0068787004853,41.660258204869,2,6,0,-0.2,0.6217804103227182,5.5892795608936215e-05,0
309,24,硕士及以上,29.297708827857694,275.5085462396976,71.66849852323686,0,5,1,0.21666666666666667,0.66197793303212,0.0003577329070696552,0
72,40,大专,11.687393080285872,46.26461300767396,23.689534283567745,1,1,0,-0.25833333333333336,0.620376904378903,0.0004343334141083583,1
838,20,本科,11.280505441543331,87.74062995271947,21.72066600919629,0,9,1,0.20833333333333334,0.6454972243679027,-0.0001542042176645694,0
1025,22,大专,10.855273225336129,43.40627178246105,13.583719819585111,0,1,0,-0.2,0.6350962764295883,0.0004038119941809965,0
1543,45,大专,15.288478606382776,91.0151163657402,36.70971348792136,1,0,0,-0.2125,0.6473715765763864,0.0002181232029125588,1
536,40,本科,22.68200208507324,172.64264494444043,63.91952195957504,1,4,1,0.25,0.5963627550114556,0.00021563339910520422,-1
167,27,本科,12.91991735295889,77.27308048778359,22.184581406906645,0,4,1,0.20833333333333334,0.6324003992669729,0.0006921713201538908,0
509,30,本科,18.319888556844276,139.15601215256277,38.605505059938224,2,1,0,-0.15,0.6357547486400791,-0.0001565419267867216,-1
470,53,硕士及以上,33.2592743026376,299.40781917887443,103.82942781313524,1,7,1,0.3,0.5942542177501207,0.0005587340274254599,-1
364,25,大专,13.695384726460324,81.54101758421615,21.17475445813832,0,1,0,-0.16666666666666666,0.6575386249002444,0.0014191117063525375,-1
495,38,本科,27.38568237665821,206.7956338009037,63.11790814708981,1,1,0,-0.17916666666666667,0.6637532224455365,0.00048669128077325575,1
1696,41,本科,12.833312520054854,80.01908235061902,45.55836737361678,1,4,0,-0.17083333333333334,0.6784051977051483,0.0006012428867309389,1
824,48,本科,11.640724077495577,78.66136296716552,24.946045517120822,2,0,0,-0.14583333333333334,0.6780967499048496,0.0005605517879639818,0
393,46,高中及以下,12.92623765679428,94.97002935394492,21.74717019331478,1,0,0,-0.1375,0.6353021223094398,-9.702786062559693e-06,0
581,57,大专,15.78378145154179,88.59308862447347,40.21849923187092,1,5,0,-0.09166666666666666,0.6532292918040732,-0.0003596500938567877,-1
1236,20,高中及以下,12.518251437620268,93.83942157398684,12.924758579787328,0,9,0,-0.11666666666666667,0.6867951566287862,-0.0006526703186160213,-1
500,25,本科,18.535775364196617,145.03259619747746,29.50199634965873,0,5,1,0.22083333333333333,0.6314486013308872,-0.0008020113942276551,-1
589,57,高中及以下,8.438659026966736,30.1022830405602,15.091596357149678,0,5,0,-0.1875,0.5877497688599964,-0.00011712700725907955,0
921,45,大专,14.457632196194306,74.12389088074613,26.92388445709446,2,6,0,-0.14583333333333334,0.652949001748406,0.0008473428930402077,1
1654,27,大专,21.508009363155963,133.32614507442213,32.04226694237328,0,7,1,0.2625,0.6152269370731571,0.0016424313077138787,0
1049,25,大专,12.212349457227324,70.17510783485149,21.48708674408551,0,1,0,-0.03333333333333333,0.6958734715621717,0.0012494506138990523,0
308,34,高中及以下,5.736534426825901,18.201220851907262,8.318618456695265,1,7,0,-0.06666666666666667,0.6626096919794945,0.0003387331183878672,1
1810,31,高中及以下,9.608134859371187,70.24412233142554,19.450228826759076,1,5,0,-0.15,0.6678511096064083,-0.0012490126645859335,1
822,26,本科,15.516376486031472,112.19327705297736,37.98256883154765,0,5,1,0.22916666666666666,0.6416370059619413,0.0004781301301547436,0
886,22,高中及以下,8.498458708818434,47.61765683346464,9.286463111238795,1,6,0,-0.19583333333333333,0.6396777213322025,-0.000345645820910295,0
574,20,高中及以下,12.238575150475342,42.81291552863772,12.746944698800874,0,6,0,-0.08333333333333333,0.6794451752456371,0.0005868762820235412,-1
1660,47,本科,16.536479177892566,133.9737070845571,36.78018908526558,1,9,0,-0.075,0.642465179037861,-0.0001500593800190054,0
1671,45,大专,13.42163578760275,91.32723443958712,26.08804141584611,1,2,0,-0.20416666666666666,0.6500590038663189,-0.00010201490745458107,1
1198,56,大专,10.167397765105648,63.55506951904342,7.157597323790469,1,3,0,-0.08333333333333333,0.6607126029175728,-8.430271318491933e-05,0
1070,50,本科,29.19415833207212,213.4601059856808,74.28373748250286,1,0,0,-0.17916666666666667,0.6885064586872913,-0.00036247736955644604,1
1800,22,硕士及以上,16.796478695010276,130.62065627691032,39.28291564736151,0,3,1,0.29583333333333334,0.627126785888468,-6.113279059854565e-05,-1
1559,58,高中及以下,6.323683691198339,15.197972650528628,10.638580855370035,2,6,0,-0.17083333333333334,0.6966621956040253,-0.0008043338426973244,0
1918,40,高中及以下,8.994051182526249,73.28037010647044,20.74735713578561,2,2,0,-0.15833333333333333,0.6783666493999622,0.0009363645410565616,0
359,53,高中及以下,7.526257847371439,42.715367073788215,15.088273889049267,1,1,0,-0.17916666666666667,0.651023761957422,0.0003306359991582342,0
591,60,高中及以下,5.397721218753501,24.58295655458856,9.625234325822223,1,0,0,-0.1875,0.6550815210057297,-0.00021736219774271865,0
548,43,大专,18.446731268861747,102.68935251764135,35.86060959886782,1,5,0,-0.19166666666666668,0.631075767896108,0.00021304679754232297,0
1735,55,大专,23.264324874692864,137.89740064363733,60.92710062840168,1,9,1,0.24166666666666667,0.6659165933842548,-0.0003097346766736779,0
91,56,本科,17.14795171382509,113.6411381765686,42.113106124339176,3,7,0,-0.12916666666666668,0.6500590038663191,-0.00025776497020349643,0
399,33,大专,4.572135477782647,31.9889504034658,19.067565111611778,2,3,0,-0.11666666666666667,0.6361933514853783,0.00087734183134321,1
1891,31,硕士及以上,31.790399934700456,290.2100109967774,97.64506347236257,2,5,1,0.25,0.5893049590220955,0.0006417202967140594,0
1031,27,本科,16.80264467441838,146.23305227755907,42.10514432644252,1,0,0,-0.175,0.668007716739433,0.00037657996527594163,0
1651,20,大专,12.523916464396695,73.0177273532227,17.85626275933382,0,3,0,-0.175,0.6489450724930199,-0.0003758807052989234,1
1369,48,本科,14.388198205663072,97.14721159644331,40.175683977008624,2,6,0,-0.1375,0.6353021223094397,0.00036928907212308693,1
475,55,本科,20.46715994091848,126.99159021929722,43.68678091730829,1,4,1,0.30833333333333335,0.5970055449001812,0.0009342793124759443,1
1376,63,本科,6.109730186245997,21.06392848233796,14.744749937636572,1,0,0,-0.06666666666666667,0.636850689375367,0.0005486318642818213,0
450,63,本科,14.655453299982902,108.278556894887,35.655006910468096,1,9,0,-0.11666666666666667,0.6928605833828179,-4.273271546618064e-05,0
1601,53,本科,17.96136859447159,103.9768896081472,46.50423958687113,1,9,0,-0.19166666666666668,0.650662145307473,0.0015695751696210446,0
1366,33,大专,13.059040714744595,69.94897190213457,27.51631941136948,1,8,0,-0.09166666666666666,0.678366649399962,0.00036434320952742746,1
733,54,大专,14.047761431284233,89.05049195018056,29.92163803019908,1,4,0,-0.11666666666666667,0.7107463615918402,8.499791449577126e-05,0
756,53,高中及以下,16.75085025631006,70.3129191649136,38.66328381638877,0,4,0,-0.1,0.6520004620477353,-0.001353802856158579,1
1472,40,本科,24.350214669634624,183.00534447180425,61.15761050452598,1,1,0,-0.19166666666666668,0.6633985446243932,0.000761807372368257,0
1438,34,大专,11.050593342230972,98.1091137890237,23.88317731552179,1,5,0,-0.20416666666666666,0.6690899125066311,-0.00019341608855105865,-1
647,44,本科,21.2250834465753,154.38802184324402,41.66393585984793,0,1,1,0.25416666666666665,0.638695825133714,0.00019525190658511123,0
860,63,本科,21.611008544832288,168.15105234939566,47.89322928179568,2,4,1,0.2625,0.6014713479682786,0.00026057654615192994,-1
959,38,本科,6.301259421463014,74.0831507003611,13.559846635630418,1,4,0,-0.0875,0.6696108280843927,0.00036424258535554987,0
718,30,本科,19.283472495215428,113.5305082178725,31.79882449162217,0,2,0,-0.15833333333333333,0.6532292918040731,0.0001758200308076866,1
1542,23,大专,16.56297496715614,86.28946316671338,34.72383479131044,0,4,0,-0.10833333333333334,0.6570612058042564,0.00042211551731209375,-1
992,28,大专,18.44178762417325,96.29343332791726,20.524922868451892,0,6,0,-0.1625,0.6926466734388763,0.00046927334124021065,-1
1698,36,大专,6.174358027497996,31.675333976827694,14.725039860465436,1,3,0,-0.14583333333333334,0.6200817645279849,0.0005458922764180352,1
262,33,大专,19.29276408070908,129.8110826129696,44.07053405506563,1,1,0,-0.20833333333333334,0.6389823673857101,-3.0917110957567016e-06,-1
898,23,高中及以下,20.7172341238849,106.7157992167296,33.1465309652223,0,2,1,0.2875,0.5827452704305759,0.00039771205770983647,0
338,29,本科,16.36878159188086,131.2066848113666,27.95778445059292,0,4,1,0.17083333333333334,0.6136380072201857,0.0003407825573555973,0
1971,61,本科,28.531201488516665,187.1738891202778,54.28414801886412,0,8,1,0.30833333333333335,0.6108617047378253,0.0009290088262806084,0
889,32,大专,13.68122867504676,84.28092790476316,32.11958377502451,1,6,0,-0.17083333333333334,0.6596430927121886,-3.104306662727243e-05,0
1914,34,大专,17.153061812416666,62.98889081714008,29.5640648458278,1,4,0,-0.175,0.6293052555020582,2.466781844783255e-05,-1
1975,22,本科,15.435026254016282,108.83795342614822,34.93313717875175,1,5,1,0.30833333333333335,0.6376714088482269,0.0005766033670555404,0
1347,51,本科,25.04224422123178,183.74669211356365,57.29093541319576,0,2,1,0.2708333333333333,0.6513450304370448,-0.0004932733787023608,-1
1925,25,本科,15.354807512161802,141.07619577978866,35.968143260637106,1,2,0,-0.125,0.6729999036351244,0.00043847164771507885,0
153,33,高中及以下,4.191333205328267,6.319090968116205,4.423363677681343,2,2,0,-0.1625,0.6742809590337557,-0.0003699618511389106,0
1652,22,本科,20.33807413283844,136.8801681441561,38.27306614794213,0,1,1,0.1875,0.6862745830549755,-0.0007510212949487821,1
611,40,本科,16.668014624037458,115.69867809615184,49.51131205264196,1,8,0,-0.09583333333333334,0.6621754224505987,8.810810511388883e-05,0
1286,60,本科,16.067771188867916,102.07319835456514,46.87923729793434,1,5,0,-0.19583333333333333,0.6653272807543963,0.0005807762411958645,0
1134,47,本科,17.626187182933457,134.17243883433903,49.93249625683097,1,5,0,-0.18333333333333332,0.6202082702333387,0.0003493994107268601,0
1598,58,硕士及以上,29.450666635443778,260.469142734218,92.90828954491008,2,1,0,-0.19583333333333333,0.6396777213322022,-0.00043435964344649286,-1
1787,24,本科,4.271930675113108,52.64389159403463,1.180249800250758,0,0,0,-0.09583333333333334,0.6494150355696956,0.0010110394764060817,0
1732,51,本科,22.428428268263666,153.02742131427462,44.90958975746321,0,8,1,0.19583333333333333,0.6396777213322025,-0.000247885284469329,1
1262,40,大专,9.784336709941254,56.62234306907102,23.761877910948133,1,7,0,-0.17083333333333334,0.6337635256273597,0.00010788878274923437,0
511,53,高中及以下,15.530031457513932,95.07617913779012,29.92887274277922,1,0,0,-0.13333333333333333,0.6328964212695375,-0.0006897280935824427,0
676,46,本科,17.805449826068912,131.6811942877198,49.44333786783465,1,5,0,-0.13333333333333333,0.665130727180671,0.0007422762838695686,1
761,44,高中及以下,16.413964280513568,91.95348016978092,35.01498047385138,2,9,0,-0.11666666666666667,0.6492136644802221,-0.0004642806485766905,0
1911,59,高中及以下,9.783950865519923,44.00361807759817,16.027652925449434,0,1,0,-0.1125,0.6203066457229309,0.0004367166066684401,1
923,26,大专,8.25420354730682,61.21953659487941,18.45758938502523,1,9,0,-0.14583333333333334,0.6842392878725543,0.002044689359712628,1
1556,60,高中及以下,8.398796288492836,30.45702817630636,21.319919723414447,3,2,0,-0.17083333333333334,0.60678118219696,-0.0005583167351216621,1
1647,49,本科,16.23451834291097,84.40604986660793,46.90411704155733,1,1,0,-0.16666666666666666,0.6886203942810618,-0.00030350055447309076,0
1121,23,高中及以下,12.86047861799241,62.85666588658475,16.51573971037625,0,9,0,-0.15,0.667851109606408,0.0009251935952640465,0
541,22,大专,7.454524738060072,48.764935260775296,4.859537412753493,1,3,0,-0.225,0.6463609106205622,-0.0004465564970977276,0
1469,22,大专,10.571965038208688,63.7929513265108,12.608659209447268,0,1,0,-0.13333333333333333,0.6713919012593972,-1.6383001431114767e-05,1
1206,43,本科,19.52664143674346,158.4021848063153,43.741592251047614,2,2,0,-0.11666666666666667,0.6427364789017487,8.781019668791993e-05,1
385,25,高中及以下,15.676373658265945,49.40882669572921,21.27566813072345,0,8,0,-0.21666666666666667,0.6682686470711449,0.00039330623577931264,0
1256,29,硕士及以上,38.6083749253297,344.0233314312927,82.01412907210597,0,2,1,0.2375,0.5979830114713698,-0.00012931498080723407,0
243,49,高中及以下,14.315437590226775,103.31163540207145,14.63367338069144,0,2,0,-0.125,0.6604486873476598,-0.0003590375334232404,-1
148,56,大专,8.455985125309804,41.1572678962035,16.075999570083667,2,2,0,-0.0875,0.6505951572040835,-0.0005911329923528805,0
510,64,高中及以下,8.132785168252425,39.86954588631671,15.63912581807372,3,1,0,-0.1375,0.6736601454975638,0.0001282939406882505,0
1689,24,本科,18.33727283033931,149.6445005428047,34.95881962067824,0,8,1,0.22916666666666666,0.635082550998675,0.0006573804629387459,0
1310,43,硕士及以上,24.239818731738534,236.55638976974572,52.81173122344364,0,2,1,0.2833333333333333,0.5954265491672985,-0.0006312444430360374,-1
1999,32,高中及以下,18.65714375516172,95.01896162327556,27.28607213663298,1,6,0,-0.14166666666666666,0.6942180012026938,0.0007561420933554661,1
19,40,大专,12.527156226691943,74.00135434566863,27.17906492608221,1,6,0,-0.225,0.6591804217753156,0.00020504381515487578,0
1528,20,本科,17.733125777857445,138.68034584983332,32.51312582076698,0,4,1,0.3458333333333333,0.6078146371994204,0.0002563979148050838,0
941,38,大专,7.606450161115642,26.447849647871408,18.513494753509985,1,2,0,-0.11666666666666667,0.6361933514853781,0.001306952417898981,-1
533,32,本科,24.812291220001065,185.78773599822895,60.7170677109424,1,0,0,-0.1375,0.6483403336863433,-4.9090538223303354e-05,0
269,46,大专,12.46898960514226,60.77793964308829,26.69901231338496,1,4,0,-0.09166666666666666,0.6659165933842549,0.0005335956901400276,0
1687,38,本科,12.4700752533039,85.18626995701831,30.126393247900467,1,0,0,-0.14583333333333334,0.6400046853036309,0.0008763369221350596,-1
882,40,大专,10.339960335471428,55.84311272087785,17.130971331237255,0,5,0,-0.24166666666666667,0.6467923212546904,8.764884284442923e-05,0
784,41,大专,16.224710312723108,90.40951966549,29.591379083577223,1,5,0,-0.1,0.6709763073469291,-0.0009426703489287283,-1
870,40,大专,15.505565835503468,109.80091102126664,27.699871033531792,1,9,0,-0.09166666666666666,0.6783666493999624,-0.0001330716312348774,0
1672,32,大专,14.94820249511194,69.5246081177872,36.84480318570906,1,7,0,-0.0625,0.6598544913772996,2.6937114079217596e-05,1
1636,27,大专,16.22964174169227,78.74097313829247,27.2354003633391,0,2,0,-0.19583333333333333,0.6590084898384989,-0.0008242625912115775,0
1014,43,大专,4.14992484014212,11.57077966949828,8.099545768648795,2,5,0,-0.0875,0.6881012015672738,-0.0005201615446745861,0
1247,40,本科,24.02253775803078,168.7044201936101,61.64361113401314,1,2,0,-0.12916666666666668,0.6304538888746826,2.9244589830999377e-05,0
614,50,本科,23.24476433180721,177.52319673305476,59.61542674522417,1,1,0,-0.13333333333333333,0.6394732839553253,7.478515588403026e-05,1
1874,38,高中及以下,6.976831317287768,23.499383626542347,13.773731316663888,1,2,0,-0.17916666666666667,0.651023761957422,-0.0006251486959168146,0
32,24,本科,10.000253329578277,71.88931413536042,17.326734057351345,0,8,1,0.24166666666666667,0.5927855431262391,-0.000203451911620837,0
1883,58,大专,23.40438153503925,132.3239858991484,42.76598624580709,0,7,1,0.19583333333333333,0.6264592448795999,-0.00023620920703672346,0
1342,25,本科,16.065517246743738,110.6717452214612,37.410792502037474,1,2,0,-0.1375,0.6152269370731572,-0.0005351071423966904,0
868,40,本科,14.256251880095412,78.88202550436667,36.60573340695692,2,4,0,-0.1375,0.6798427704025537,-9.755902593422324e-05,0
1564,45,本科,7.238170885728575,63.68689521532393,7.032019739910595,1,4,0,-0.14166666666666666,0.6176732333135561,-0.00010929987130292625,1
1144,34,大专,11.595416669129296,56.15841995247245,25.87466306225478,2,5,0,-0.13333333333333333,0.6588100510792684,0.0010903126493038917,0
684,27,高中及以下,6.493279251180792,30.92568705578048,13.975240575081154,0,2,0,-0.17083333333333334,0.6067811821969602,0.0012852243399654017,0
1575,34,本科,13.414587238948467,84.18619602646456,20.912772605253053,0,0,0,-0.2375,0.6705474563469681,-3.5689882028274945e-05,0
1756,35,本科,15.035370648398002,132.55708349687183,28.77550137320569,0,8,1,0.24166666666666667,0.585684641511667,-1.8755189311789338e-05,1
796,63,本科,19.235033537420872,114.61338200654802,52.67047961814102,1,7,0,-0.12916666666666668,0.6500590038663191,0.0007918322690805055,0
1940,27,硕士及以上,22.004948037424946,196.0015367050648,58.14268758193517,0,6,1,0.22916666666666666,0.6150001984329146,0.000415212978980098,0
95,32,大专,9.79525430664771,71.14266703810577,20.90431599713029,1,9,0,-0.08333333333333333,0.6479234074954184,-0.0003830019284232038,-1
24,55,本科,18.568997826701484,98.10783291336512,35.696735846826066,0,2,0,-0.2,0.6609236594963206,-0.0003003260718429428,0
1912,20,本科,22.340883898633344,165.87091739744662,37.11635090780156,0,0,1,0.23333333333333334,0.6562647355056803,0.0009868183003513477,1
566,30,高中及以下,12.97345105685092,53.33906843738343,17.886547597091752,2,2,0,-0.21666666666666667,0.6427364789017487,-0.00040897278538333087,0
935,62,高中及以下,11.575215180580852,64.78720605468122,15.195250119467396,0,0,0,-0.15,0.6487838639270017,0.0012839566259001457,0
92,57,大专,14.066183364008351,45.03459852152885,27.97289174306996,0,3,0,-0.075,0.6293052555020581,-0.0006786049949898816,0
1294,62,大专,23.75069492087509,155.9114448286143,49.89104785932875,2,5,1,0.22916666666666666,0.6150001984329145,0.0005914739892875439,0
332,33,本科,19.975714095158622,138.2553483958404,50.22126650212098,1,0,0,-0.15833333333333333,0.653229291804073,0.0009062409041937423,1
1386,45,硕士及以上,43.11890726311196,402.7246276244383,104.74626797024558,0,6,1,0.225,0.619927111385655,0.0009440369891237817,-1
356,26,本科,12.857478795293652,116.56431739296902,28.91466893628773,0,3,1,0.2125,0.6073555409626846,0.0004302977529331286,1
978,35,本科,30.11223950541748,213.836144408358,80.4196627737233,1,4,1,0.31666666666666665,0.5855060155811634,0.0003874020576068925,0
312,25,本科,19.684783380300956,139.90159858587728,36.46967090782689,0,9,1,0.2708333333333333,0.6383681907813032,0.0010767520632051504,-1
902,29,本科,19.40904274341776,106.18331420058398,48.55998578635266,1,0,0,-0.16666666666666666,0.6249128251617211,0.0010908567702518975,1
1942,59,本科,15.77845273902158,121.8455237684232,42.44955133244076,1,6,0,-0.14166666666666666,0.6881645387238747,0.0008208689061765688,0
767,41,高中及以下,9.74762963609289,44.55921158837138,19.712073142537847,1,1,0,-0.13333333333333333,0.6328964212695376,-1.2581027613632943e-05,-1
1356,35,大专,16.06923692906119,83.54872154448942,34.1611179134447,1,6,0,-0.1375,0.641854335069647,0.001668268462077801,-1
1923,39,本科,10.670542524832308,59.58822430954952,19.69566157108872,0,5,0,-0.15,0.7044390034796701,-0.00023896201495197106,0
244,48,大专,14.88559915002515,110.21638754430182,31.21250420233045,1,7,0,-0.1375,0.6547620858917681,2.573795775053576e-05,1
76,34,本科,21.69815602493281,156.41770950103452,60.54754408196189,1,3,0,-0.14166666666666666,0.6881645387238746,-0.00025362147643239965,1
1600,33,大专,6.505523601949289,62.60406656595728,15.845336781086086,2,9,0,-0.1375,0.6611214638462127,-0.00012408265744802386,0
1699,63,本科,13.51777421937864,87.8180535142093,37.37024075444349,2,9,0,-0.11666666666666667,0.6361933514853781,0.00014637380232943365,1
64,38,大专,25.65512335779035,165.64095649562876,37.51627221506217,0,2,0,-0.20416666666666666,0.6435903259612057,-0.0009387039329359965,0
1000,56,本科,23.495919968926557,164.17002155684892,67.93731893996673,3,4,1,0.225,0.6332819475593808,0.00032985511241473675,1
621,41,本科,22.634279567882707,155.84596028258002,68.38823095249083,1,1,0,-0.10833333333333334,0.624410461146226,0.0010267626494322754,0
441,33,高中及以下,9.958600580352066,50.92987615122562,22.02114657171971,1,2,0,-0.18333333333333332,0.6401272537365443,0.0005841951677705611,0
333,57,硕士及以上,14.252823069807222,105.6686558437477,39.39690448528142,1,3,0,-0.10833333333333334,0.6310757678961081,0.0007414213745919443,-1
1454,45,本科,21.0550097991263,124.80814945382429,45.764190542039785,1,2,0,-0.13333333333333333,0.6328964212695376,0.0008296409222292983,0
1445,21,本科,15.637798939637875,114.3167038298502,30.091991016492315,0,0,1,0.22083333333333333,0.631448601330887,-0.00018405084476804342,-1
1099,39,大专,16.9362883087242,123.21687693885514,43.60615843154163,2,5,0,-0.13333333333333333,0.7136837471418619,0.0003245151744255861,-1
790,24,本科,22.55614002595324,205.59094751402537,39.58286013277915,0,6,1,0.21666666666666667,0.5739583372883587,-0.0011942752793968506,1
172,54,大专,14.223291404817331,73.09159403595316,34.176268080808455,1,6,0,-0.2708333333333333,0.6513450304370447,-0.0009677059429304496,1
207,63,大专,13.053771517158042,75.5914451627205,26.15614043703137,2,6,0,-0.14166666666666666,0.6758949849521027,0.00031994108866940777,1
1590,53,本科,18.37463539283113,137.74839062170477,23.85456379919457,0,3,0,-0.10833333333333334,0.6942180012026937,0.0007110620127404912,1
474,48,本科,26.355606142816235,184.9505312277372,58.19543164320847,2,7,1,0.25416666666666665,0.6050548345886804,-0.00017446108148447642,0
56,44,硕士及以上,34.918601805965,326.6762060207925,113.8888270805608,1,2,0,-0.175,0.6424651790378612,0.00046267695088013177,1
979,45,大专,11.621254403436913,78.34284066981,26.39185598286164,1,5,0,-0.1625,0.6489853683775935,0.001048003972904113,1
1078,38,大专,15.282294554292664,102.26241358161926,41.90226320451668,2,9,0,-0.13333333333333333,0.6651307271806715,-0.0007058191930709244,-1
1002,45,硕士及以上,29.043247909366844,243.96957811346263,86.90709150405996,1,0,0,-0.16666666666666666,0.6511442562127723,0.0010999211115424125,0
569,45,大专,17.17921669132966,86.7154005324387,37.1131238398866,1,8,0,-0.17083333333333334,0.6722093508993618,0.0011103587320368904,1
1354,29,大专,10.599654229857949,49.259686558728816,24.057021812897677,1,9,0,-0.18333333333333332,0.6657594943548086,-0.00032633238010930035,1
837,28,大专,11.802682433265549,88.87282689497499,22.0526629037092,0,3,0,-0.14166666666666666,0.6506621453074726,-0.0007753099708433256,0
1111,30,本科,13.186847624570245,103.95641664766534,35.10001370624161,1,4,0,-0.15833333333333333,0.6532292918040726,-0.0004737768883014165,1
478,49,大专,3.887764719782604,42.63414195631694,7.510584146744954,1,3,0,-0.175,0.6424651790378607,0.00010610973848814829,1
846,27,大专,4.57119194714436,18.439185657372324,2.579078360716183,0,6,0,-0.16666666666666666,0.6181810723524168,0.0003450641701566987,0
670,62,大专,21.290854037395547,133.42212831376807,50.91698077110237,1,7,1,0.23333333333333334,0.6433871318224355,0.0006049299234777854,0
1665,37,本科,23.902636312059848,152.19807981737557,50.935933601806695,0,6,1,0.2125,0.6343134528648714,0.0002927013878813437,-1
238,33,高中及以下,13.443058504894438,65.83465444515676,14.909338794382128,0,7,0,-0.22083333333333333,0.663753222445537,5.4498223494575886e-05,0
1835,26,本科,10.509448291759764,100.09251797002602,31.12458516479093,0,7,1,0.1875,0.6356313370600287,0.0006107204455033546,-1
1795,29,本科,19.624258292555226,164.8393128565476,45.456557447281824,0,8,1,0.24583333333333332,0.622102768802057,0.00036678374169996607,0
14,52,大专,16.112337121186133,101.99120705204864,37.18509970655676,3,4,0,-0.1,0.6709763073469289,0.0009368150075893196,0
723,25,本科,16.835746419422076,88.60320730115906,36.68976225250126,0,8,1,0.24583333333333332,0.6548685815759416,-0.0007989141860868282,0
1733,58,大专,20.521650663302392,116.85412793557548,39.08986885933186,1,8,1,0.2833333333333333,0.5591884935057025,-0.00015218056515450064,0
1625,64,大专,17.957494660424125,100.94704695301373,39.37660686637079,1,8,0,-0.09166666666666666,0.6845067653828931,0.000741475231837292,1
1334,44,大专,15.713235995974015,111.25021740521876,38.068794412507295,2,4,0,-0.17916666666666667,0.6637532224455368,0.000947036951432733,-1
122,49,本科,12.308366365195289,85.89083498198114,30.5336265765275,2,2,0,-0.15833333333333333,0.6659165933842548,0.0005663728440503179,0
1538,51,高中及以下,6.248904648789337,34.98208076326938,13.591891248678776,0,5,0,-0.1375,0.6353021223094399,0.00034084642336685764,0
1107,60,硕士及以上,28.46088553763417,288.1453776087573,85.92383557638104,3,9,1,0.2833333333333333,0.616147204784488,-0.0002145674205857634,-1
31,30,本科,18.141633725414703,117.24735158887796,40.18128876073846,1,9,0,-0.15833333333333333,0.6721704472686308,-0.0003196885942208841,-1
1414,46,大专,3.0,14.476058576275916,0.0,0,3,0,-0.1625,0.6425058813204598,-0.00011807473822362823,1
1169,61,本科,14.109380790697042,90.366628619456,36.02675113626369,3,2,0,-0.1,0.6520004620477353,-0.00024300071580156418,0
798,34,本科,21.50675419172413,151.03201140988253,45.117424605382425,1,0,0,-0.13333333333333333,0.6394732839553254,0.0013321098411842888,1
344,60,硕士及以上,17.45024676560014,149.98911269466484,40.08571455919756,0,7,1,0.2625,0.6418543350696472,-1.0822593199547008e-05,-1
83,57,本科,14.845192014339348,89.90723731068147,37.96555788026292,3,7,0,-0.2375,0.6385866323603155,0.0005930313946587957,1
1870,21,本科,22.86998168879743,169.26356229689412,34.2974702746637,0,7,1,0.25833333333333336,0.6270850853939764,0.0009962433375271238,1
416,63,本科,13.414755267696195,93.45582065970515,32.967007152085074,2,0,0,-0.15,0.6487838639270015,0.0011075140449754127,1
683,63,大专,19.95796807091283,118.13964089119344,41.45763699581249,2,3,0,-0.12083333333333333,0.6187307609395024,0.0006600483616019426,0
375,24,高中及以下,4.955170112058735,45.04071464197071,18.534853498880345,1,0,0,-0.17083333333333334,0.6468327512497035,0.0006608681088407129,0
1212,40,本科,8.794819163535772,54.795270811154,14.0281635226534,0,0,0,-0.10833333333333334,0.6820573520754858,-0.00022932669073793204,0
1064,53,大专,12.771396131689006,100.82999119351445,39.7234245639416,3,0,0,-0.21666666666666667,0.6427364789017486,-0.00018370212255098967,1
322,47,高中及以下,11.710017287105106,39.71518334109195,17.479883563867705,2,5,0,-0.1625,0.6680468627863327,0.00037443493310606836,1
853,30,本科,16.35304231293653,122.51118826443408,31.28941423501942,1,5,0,-0.22916666666666666,0.6416370059619416,6.217372774087466e-05,-1
1288,24,高中及以下,12.712577217677753,58.8253735635914,16.26017988606717,0,9,0,-0.1,0.6258049210122749,-0.0008590029951577833,1
1979,55,本科,19.78454424607852,148.76754417730734,55.47945719902324,1,9,0,-0.1625,0.6617540404423998,7.933693755832176e-05,-1
513,56,本科,15.893313626771503,87.2190744771356,45.16095388302702,1,1,0,-0.2,0.6284736108206198,0.001316669823035637,0
1439,62,本科,12.318485685537349,79.47282023137362,10.211143053706234,0,1,0,-0.16666666666666666,0.6638714062772433,0.001111760624069034,0
314,30,高中及以下,3.250662938521419,32.07132014073832,19.573751923722234,1,3,0,-0.10416666666666667,0.6672112489812243,-0.00011767242446306875,0
849,47,本科,13.273717240633118,75.15800274483223,34.86166709050024,1,3,0,-0.16666666666666666,0.6511442562127723,0.0005620546746547443,0
1135,22,本科,17.530006128856076,105.41481217300309,28.230049628224865,0,9,1,0.225,0.6398548475563988,0.0007301463805675662,0
651,49,大专,15.545011780428505,84.9896766601797,25.68439940582721,0,4,0,-0.15,0.5878832320798661,0.0002875328887228005,0
310,49,大专,15.291230934986135,104.08082534332216,27.94265834605389,1,1,0,-0.16666666666666666,0.6249128251617212,0.0002891162343702096,-1
1017,42,高中及以下,6.3650281379632645,5.0,3.5,1,7,0,-0.1875,0.642180190826173,-0.0002398400847700523,0
1124,57,大专,17.567302312222438,89.62489654363728,25.29845328110187,0,7,0,-0.14583333333333334,0.6132969866739274,-6.778977863216113e-05,0
108,41,硕士及以上,27.40485746699937,234.27922907973036,92.13004023821088,1,0,0,-0.10416666666666667,0.6609104704347367,-4.628154243488985e-06,1
116,21,高中及以下,17.117797361325167,100.88159270964567,27.01882173043253,0,4,1,0.3125,0.5912984789540637,0.0014602962103235058,1
545,22,大专,19.689783847000243,131.4390542130929,26.349211862096418,0,9,1,0.3416666666666667,0.6203769043789029,0.0005319273002417209,1
1785,30,本科,19.436903548217757,107.38109744125173,47.68791404000168,2,2,0,-0.10416666666666667,0.6918407722260703,0.0011136474035026427,1
1490,32,硕士及以上,24.521604402416585,223.76852947655289,77.95662355624886,1,7,1,0.2916666666666667,0.6583335540136981,0.0018704175408712784,1
1337,33,大专,7.643754200437984,51.46413050086145,11.740676820524545,1,2,0,-0.15416666666666667,0.6510237619574222,0.00011099406095954452,0
58,53,本科,26.13700669732343,181.97161505115517,49.38883030685381,0,8,1,0.23333333333333334,0.6368506893753669,2.446387230361671e-05,0
625,30,本科,20.905994059971263,137.65403365192535,50.21154028071442,1,2,0,-0.11666666666666667,0.6295822262718171,-0.0010692235161597588,-1
989,55,高中及以下,4.491890852128691,63.1176557933392,12.024515245706086,3,8,0,-0.11666666666666667,0.6619779330321202,0.0009114929267040286,1
188,30,高中及以下,10.927566532923718,33.29840293337236,18.47071637784653,0,8,0,-0.2,0.679650414693075,5.7392481865812004e-05,0
773,52,本科,17.107140160530733,134.94218670164574,20.128901331433177,0,3,0,-0.125,0.666753829727334,0.00030423726626664817,-1
143,38,本科,17.955330660540145,131.91859707818335,44.65468667915789,2,4,0,-0.1125,0.67210560287993,-0.0005361070309967883,1
991,44,本科,18.06256879710765,107.54591351411268,49.49291302402235,1,9,0,-0.14166666666666666,0.6039733615635563,0.00014279192033404307,0
1295,43,高中及以下,6.65812658350233,23.34784958546107,14.11824608310349,1,0,0,-0.1625,0.6489853683775936,-0.00013505056087048442,0
1249,64,大专,6.91495543448507,12.37002079795031,6.959583232516177,0,8,0,-0.16666666666666666,0.6511442562127723,0.00033384164166968584,1
726,52,大专,14.021538211715798,86.66044319871763,29.310439810202453,1,8,0,-0.1875,0.6290143049374152,0.0007234444769164353,1
1015,57,本科,17.722733125960428,139.7926876092967,45.98421137109677,3,6,0,-0.12083333333333333,0.6321108733493004,0.0007346904714451744,1
856,31,大专,11.535655260877991,89.83516181372778,37.21030655486342,1,1,0,-0.13333333333333333,0.6775952227646889,0.0005557466627640638,-1
528,61,高中及以下,3.0,12.58314723815445,3.7518485246122486,1,2,0,-0.09583333333333334,0.6746945173715798,-0.00015102462963168504,0
1581,29,本科,18.456468860877276,100.28246499038973,37.13422017660503,0,3,1,0.26666666666666666,0.5961288413899797,-0.00018215792650047848,0
1351,37,本科,15.948296342741935,115.86551876547276,31.913014334376413,0,9,1,0.22083333333333333,0.6112468679774752,0.0001608037478413889,0
1939,29,高中及以下,3.241020369683452,13.188059180792964,0.0,0,9,0,-0.20416666666666666,0.6564639436743583,0.0006640969322629459,-1
183,51,高中及以下,6.666245748965721,45.38094209919261,10.884099216626415,0,3,0,-0.14583333333333334,0.5994971160812028,0.00030519930563878043,1
42,51,本科,19.58999347207024,127.82697748618293,59.24399521957339,1,4,0,-0.22083333333333333,0.6510237619574218,0.00026228422313003165,0
732,61,本科,10.090237412810504,69.19919079002887,18.16730644698451,0,0,0,-0.17916666666666667,0.6314486013308872,-0.00032380622631882235,1
1527,26,硕士及以上,29.90845267239807,288.5085599362475,97.86838440206292,1,0,1,0.2791666666666667,0.6214298310087016,-0.00046635069368133143,0
990,35,高中及以下,13.32916548903358,48.58032321715724,10.602934535236017,1,0,0,-0.15833333333333333,0.6721704472686305,-0.0010125032079795235,0
389,26,高中及以下,10.827577310083813,44.31445193076948,17.54124342900259,0,5,0,-0.075,0.6617145221215949,-0.00011485035504200567,0
1003,59,本科,23.99864890172085,151.16705139288106,58.96007604874479,1,7,1,0.23333333333333334,0.6235722884191054,0.00021383978017400963,0
35,22,本科,28.15700082389252,192.1105580450722,53.47085155091565,0,4,1,0.225,0.619927111385655,0.00023464636088107709,1
1040,51,大专,22.503963792141583,134.26542721502992,56.06253183019864,1,4,1,0.2375,0.6451054858440665,0.00016572124697950376,0
55,21,本科,19.10991388838136,126.3507439862454,34.14683169508536,0,2,1,0.2833333333333333,0.6229009381920677,0.00010859207756032639,0
1081,64,大专,14.854776760937526,76.11430611221942,24.55964446573245,0,8,0,-0.14166666666666666,0.6506621453074726,0.00027298963759911333,0
129,48,硕士及以上,40.35904538027735,348.58563030600226,136.28381905037355,1,3,0,-0.225,0.619927111385655,0.0007987947042364485,0
515,24,大专,11.308504523416753,87.29031746476448,21.099916701733065,0,7,0,-0.1625,0.6425058813204598,0.0008239213669189136,1
1560,33,本科,13.150909683690871,91.40926262479448,32.9630319465894,1,0,0,-0.2,0.6796504146930746,0.0015038943083892525,0
233,54,本科,13.619702679447109,66.99695493802096,46.31852876536914,1,0,0,-0.09583333333333334,0.623110812838863,0.0006409972708774854,0
593,64,大专,15.92361657292617,102.36974030711414,36.82164801518893,1,9,0,-0.25416666666666665,0.6706514454076246,0.00040218917847052434,0
1502,30,硕士及以上,32.23936644748671,293.2391818406705,110.4934951903882,1,8,1,0.29583333333333334,0.6403314823218051,0.0005472194817636422,1
650,42,大专,13.691673403967297,66.32740540902518,23.18504997025802,1,4,0,-0.14166666666666666,0.669675914040951,0.0008928765756981234,1
103,20,本科,18.69555869880796,141.56462436972373,28.276674202696874,0,4,1,0.2125,0.6073555409626845,0.0010812212335320488,0
1196,52,高中及以下,5.113768844340718,22.40639852136108,15.684478964952756,2,5,0,-0.1125,0.6595373679701203,0.0011143093507927832,-1
1465,25,本科,12.929654035573602,75.08743878056758,17.123747995389138,0,0,0,-0.15,0.6487838639270015,-1.4695047783563897e-05,0
216,23,大专,15.195746423167304,71.614234680585,22.10102388413841,0,9,0,-0.18333333333333332,0.6657594943548085,0.00041736995694592984,0
1775,25,大专,9.96626874277204,71.81797100196547,20.06798216582258,1,4,0,-0.08333333333333333,0.667015250568482,0.00012486811300257492,-1
1265,21,高中及以下,3.0,5.0,3.5,0,8,0,-0.125,0.6540827682965106,-0.0003738439846613685,0
1119,42,大专,15.995516026491266,78.01728082759905,43.72413391805296,1,5,0,-0.14166666666666666,0.663398544624393,-0.0007511462540627542,0
1053,63,本科,12.380141187852828,84.2406977494331,33.630639158631844,1,4,0,-0.18333333333333332,0.6202082702333387,-0.00017537920262106256,0
1217,52,硕士及以上,26.02041017794701,224.55920501445289,57.02014079568026,0,7,1,0.19166666666666668,0.6506621453074729,-0.00023682684143369598,1
551,37,大专,18.37171214223193,122.34258136373585,43.88918815149189,1,7,0,-0.10416666666666667,0.6734530804769586,-0.00020041537279236876,0
1362,35,大专,16.25543641851911,69.45709621512312,27.05754223383802,0,0,0,-0.0625,0.6724167989159962,-0.0004848188813477673,-1
1168,64,大专,14.8546918556415,78.50047883156523,32.235055577489305,1,3,0,-0.17916666666666667,0.6380403881883606,0.0002021287240470896,1
939,42,高中及以下,7.549308258803103,40.40935967677128,9.582715152313025,1,3,0,-0.21666666666666667,0.6295822262718175,0.0010355273696975493,0
999,43,本科,19.756548379939588,134.63399708328782,47.91113726666536,1,8,0,-0.1,0.6520004620477353,-0.00018337278663465317,1
1226,24,本科,20.280060910545643,156.7854924919923,37.708905151604185,0,5,1,0.26666666666666666,0.6498578323229786,-0.00034162680146289603,0
426,58,高中及以下,10.82806075116326,52.132855889490784,11.901858463199568,0,9,0,-0.1875,0.6614378277661476,-0.00010551855426325411,0
663,29,大专,11.8622275933524,68.35002774073544,20.43992190680229,0,8,0,-0.15416666666666667,0.6762431086380654,2.1554479300853805e-05,-1
1529,61,本科,23.43162958436516,159.8776813123462,35.175414294821394,0,5,1,0.20416666666666666,0.6237819371866987,2.1877919552203575e-05,1
248,55,本科,10.509801123044769,72.37091239972727,20.14778496720033,2,7,0,-0.125,0.6476542804194275,0.001105116977783513,0
1788,41,硕士及以上,23.467630252633093,228.0373383098097,72.88419614057828,1,8,1,0.17083333333333334,0.6337635256273594,0.0003080913032768803,1
1879,24,高中及以下,9.912830515254957,50.313792196873706,15.835520359331367,0,6,0,-0.029166666666666667,0.6621754224505989,0.0013166596750686192,0
1084,29,本科,22.83775207995568,137.19592426225117,41.436498117369176,0,4,1,0.25833333333333336,0.5927855431262388,0.001312532267913439,0
1068,35,大专,18.476092011130905,110.05640763308448,46.00128211584221,2,7,0,-0.14583333333333334,0.6593258676262141,0.0002167000469427129,0
1245,64,高中及以下,3.0,5.0,3.5,1,3,0,-0.19166666666666668,0.6441995238272866,0.00012457054112260493,0
612,55,本科,14.754701234793604,128.33711495537148,35.64402700440159,2,4,0,-0.12083333333333333,0.6187307609395023,0.0015213711656164172,0
107,49,大专,20.298529264402028,121.87414266585122,49.83530919998668,1,7,1,0.32916666666666666,0.6435903259612055,0.0007416239465753083,0
1158,37,大专,14.30805173094738,66.508282424655,38.926591227672326,2,4,0,-0.16666666666666666,0.6181810723524166,0.00013441875537791733,0
1393,53,高中及以下,15.22532332885562,74.30263778907997,24.30315426612016,0,7,0,-0.125,0.6604486873476597,0.0005923794966204137,-1
1281,53,高中及以下,9.39957377465628,58.41512712037618,28.68021369876164,2,8,0,-0.10833333333333334,0.6881645387238747,-0.00035832663808071333,0
4,39,本科,25.108134890411044,150.6910579603005,47.7485425628647,0,7,1,0.29583333333333334,0.6136380072201852,0.0008744275503338261,0
983,49,大专,12.41817288419278,75.38300311392899,28.59434189267768,1,9,0,-0.14166666666666666,0.6633985446243931,-0.0003447487169391205,0
1275,52,高中及以下,15.610640099174535,93.44428004817568,26.727968249118227,1,6,0,-0.17916666666666667,0.6445647661766614,0.0004243852947822191,0
1021,23,高中及以下,10.129810567167524,47.54747038255921,13.99125314540677,0,3,0,-0.14583333333333334,0.652949001748406,-0.0004698627976731163,0
291,32,本科,19.27541021933879,150.08959229545755,35.95232006472621,0,0,0,-0.15833333333333333,0.6467923212546905,-0.0005532961943782001,0
1748,56,大专,14.50450767573534,64.25156884131218,26.97906190578317,1,6,0,-0.175,0.64894507249302,0.00044074212378213834,1
1224,38,本科,24.690980664693264,167.52014471320862,62.34178264445526,1,2,0,-0.13333333333333333,0.6898345363833046,-4.525468555627026e-05,1
1496,44,本科,10.529438321406108,69.77135036612783,32.3164440376397,1,7,0,-0.1375,0.6611214638462128,0.000278544651825848,1
1269,22,本科,20.703047514735378,147.09883430910284,31.510109475932992,0,7,1,0.25833333333333336,0.5927855431262388,-4.677683298560152e-05,0
1087,64,大专,14.976904579693992,88.4239099835211,32.19300037771028,0,0,0,-0.2,0.6545623597833812,0.000765571624406816,1
1216,42,高中及以下,3.0,34.306383899203674,0.0,1,7,0,-0.17083333333333334,0.6403314823218054,0.00020027373835121125,0
962,57,本科,10.007507339933586,66.8021525686963,22.030994098033837,1,6,0,-0.12916666666666668,0.5892901670453111,-3.434496172528009e-05,1
355,64,高中及以下,7.969331772645072,53.755416473413646,19.008983843310546,1,1,0,-0.15416666666666667,0.6510237619574218,-0.0007378196650910971,1
361,60,大专,11.085030581679662,68.04652565086165,27.258220639328425,2,3,0,-0.14166666666666666,0.657061205804256,-9.553419603803255e-05,0
1210,48,硕士及以上,26.096875764668177,234.2277656376624,79.73939809401595,2,7,1,0.2875,0.6376030559084279,-0.00029886179144379747,1
1996,44,本科,23.283049245208037,166.05981109200093,69.57500450763473,1,1,0,-0.15,0.6802657615051273,0.0009367964752396462,0
571,38,本科,18.807623260769237,132.76585547447496,51.63714246979251,1,8,0,-0.12916666666666668,0.6237819371866985,-1.1982341648454652e-05,1
869,21,本科,16.896719633793587,128.7925778396367,25.87435238723605,0,5,1,0.24166666666666667,0.6270850853939763,-0.0006740305388356151,1
713,54,本科,25.1154757475581,153.0849141247427,55.327581207215694,2,2,0,-0.15,0.6487838639270019,-2.2125530626704565e-05,1
240,26,本科,18.19656533012148,113.02852010720494,44.05194509730849,1,9,1,0.26666666666666666,0.6168259057849468,5.8025189911424654e-05,-1
1904,34,大专,8.910056381161594,45.66375902566556,11.54915362700472,2,1,0,-0.15833333333333333,0.6467923212546904,0.00018846981812636624,-1
1635,44,大专,17.210764761496314,97.69378895116648,35.58562670637662,2,4,0,-0.15,0.6802657615051272,3.285694536383285e-05,0
1240,42,大专,10.269026232214753,43.5913654045077,15.724576645796605,2,7,0,-0.13333333333333333,0.707796785876871,0.0009933393604906976,0
1954,63,本科,25.963642280097844,166.28776342487083,55.35392827315482,1,2,0,-0.15833333333333333,0.6783666493999623,-0.0005187046381407081,-1
15,55,高中及以下,13.630145165195708,67.77131184250425,22.431501953744583,1,6,0,-0.15,0.6802657615051271,0.0016542011323337489,-1
894,53,大专,15.15504988627757,128.8556464457997,27.9932360852136,0,5,0,-0.11666666666666667,0.6988733711069542,0.000195380569630076,0
340,48,高中及以下,8.114035626054644,49.42484454860271,6.027766822212621,2,1,0,-0.17916666666666667,0.6180541517125286,0.0010209834953603405,0
1828,47,本科,32.28736537732353,220.1943973606506,74.59915205121041,2,4,1,0.2375,0.6385866323603154,0.0003360289160558713,-1
270,33,硕士及以上,33.52247512602784,283.87929579744554,120.19517514556104,1,7,1,0.20416666666666666,0.6370559683685811,-0.00048592520484953133,0
341,33,本科,8.415920641174617,48.9940935590177,17.91236789285631,0,7,0,-0.11666666666666667,0.6745006934726742,0.00023649201298754053,0
1273,50,本科,18.04422653348473,147.47102854907615,41.559581587501725,3,5,0,-0.10833333333333334,0.6570612058042559,0.00034515415117725753,0
425,28,大专,8.902077459162784,46.97309419676363,7.64112944017061,0,3,0,-0.1625,0.6742809590337556,-0.00011748960134783624,0
1370,59,大专,11.026363281130015,49.96452888172132,18.313271283562987,3,1,0,-0.17083333333333334,0.6532693234234106,0.0003716424870728175,0
1109,22,高中及以下,9.843226496617492,29.05021043383788,20.33514730368651,0,1,0,-0.19583333333333333,0.6526285228538508,-7.633258671047201e-05,1
1980,49,本科,12.558461034726538,119.98184430036387,32.673014602069934,1,7,0,-0.225,0.6528021351183395,0.0004371022916999675,0
1303,60,大专,15.021738436044773,87.56494879200265,31.765904114769967,3,9,0,-0.15833333333333333,0.6721704472686307,-0.0002704519714018572,0
1723,52,大专,9.662045313683633,51.92616396700962,21.95403109589957,2,1,0,-0.14166666666666666,0.6696759140409508,-8.79030464811666e-05,0
789,20,高中及以下,14.675543805113918,73.62897966164573,16.23006111496482,0,5,0,-0.15833333333333333,0.6203769043789027,-0.000676629058868352,-1
1680,62,本科,14.669920930198018,103.6477098939361,24.95794702540016,0,9,1,0.2708333333333333,0.6115890316659663,-0.00035161112732017447,0
1305,50,大专,13.606321038803111,66.08702353143839,31.855953167028076,1,2,0,-0.1125,0.6595373679701204,0.0014385021262266233,1
562,42,本科,17.79101386062244,129.82338770950767,43.15049252599177,2,2,0,-0.175,0.6865412676117083,-0.0006558614526314366,1
1683,55,本科,3.938265032469893,28.79080941576159,13.689255709796647,0,6,0,-0.07916666666666666,0.6050548345886804,-0.0003058793200593819,-1
237,39,大专,19.321047444290045,126.82223236372464,26.950745246945896,0,1,0,-0.14583333333333334,0.6334333401185792,0.0007327186190420376,1
643,41,大专,15.698208833566754,100.267854370997,35.611114357000254,2,6,0,-0.17083333333333334,0.6596430927121887,0.0004381986771743445,1
431,53,本科,20.428444795952576,147.37477870807965,30.83480221074091,0,3,1,0.24583333333333332,0.6484478840265158,-0.0005319213629947713,-1
1638,28,本科,26.21080845965203,202.25724058519307,67.26101272970244,1,2,1,0.30833333333333335,0.6108617047378253,0.0004960916885856524,1
778,32,大专,17.340989217788156,57.06736302556622,39.94715411789635,2,4,0,-0.1125,0.6467249323130458,1.1545170523045425e-05,0
376,53,本科,15.78049181790622,121.15948195311732,45.36902484244567,3,6,0,-0.2,0.6150143720469204,0.0005891424449865943,1
1842,56,大专,17.575029054967867,121.6853201463359,40.40979984418255,2,6,0,-0.16666666666666666,0.6701443463234951,-0.0004547863662280928,1
883,26,本科,17.685966384280224,127.89005403453358,35.57480714978055,0,6,1,0.2916666666666667,0.6257492022817179,-0.0013924194540397687,0
98,48,本科,20.85929591318355,158.3240608172497,49.50560099479873,1,1,0,-0.06666666666666667,0.6626096919794944,0.0001233347760500388,0
13,54,硕士及以上,36.00023640659804,344.778022065112,82.68651083304971,0,3,1,0.2125,0.6727278509964308,0.00019646149764546573,0
1643,46,本科,13.509911232928982,103.3534632576496,25.01075607714936,0,5,1,0.2708333333333333,0.6317798241195856,0.0009003697837654091,1
730,52,硕士及以上,29.57373152794794,270.4565078898462,74.8639321085588,0,4,1,0.22916666666666666,0.5942395489716787,0.0007275954227354842,-1
1577,55,本科,16.688109346449167,107.03812910484686,48.71204176292522,2,9,0,-0.14583333333333334,0.5781800668297192,0.001090908880919239,0
748,34,大专,16.807705773098224,129.27698902073936,45.48452603463752,1,3,0,-0.12083333333333333,0.6187307609395022,-0.000829259542644973,0
529,61,大专,7.424854472311233,28.601896181536056,18.576683178477666,0,5,0,-0.12916666666666668,0.6564639436743581,0.00023135826219220125,1
1718,38,高中及以下,14.959471698502975,67.68113956202723,22.54297274920844,1,3,0,-0.11666666666666667,0.6682686470711451,0.0010732805265859645,0
878,44,本科,16.475660685032963,122.32701704647336,27.66824196280201,0,6,1,0.2916666666666667,0.5913721839688659,-0.0002965186219050321,1
485,30,高中及以下,10.683011415063504,49.53416127950596,15.759477098371397,2,9,0,-0.17916666666666667,0.6510237619574217,0.0004917225056215603,0
583,22,大专,16.232305106225937,98.51854890720315,28.59123811641922,0,2,0,-0.09166666666666666,0.653229291804073,0.0012197221823145063,0
681,26,本科,8.73636069154861,72.7192486787375,23.254141846176594,1,2,0,-0.21666666666666667,0.692860583382818,6.616369112538043e-05,0
1430,41,本科,15.018141661816111,105.6475826398446,35.57714211129954,2,6,0,-0.1875,0.6739706237467921,-3.193444315918088e-05,0
252,28,高中及以下,3.160288613090686,19.23599210041928,11.24810779686391,0,9,0,-0.15833333333333333,0.6337222618469311,-0.000189253638849596,1
205,31,高中及以下,12.687169271136684,54.71606912620536,32.750401775400746,1,6,0,-0.13333333333333333,0.6713919012593977,-9.813188034192593e-05,-1
1013,34,大专,20.539578118899197,135.88764209226983,43.69214098865033,1,2,0,-0.06666666666666667,0.6626096919794945,0.0007096211249523636,1
1022,59,高中及以下,3.0,16.94673483692765,1.7543352907530774,1,3,0,-0.12916666666666668,0.6370559683685814,-0.00023386484065155913,0
866,56,硕士及以上,27.75047304456644,255.909787941171,67.00341758580139,0,2,1,0.225,0.6131406222019073,0.0007754635060616442,0
1591,35,本科,23.196268048170303,165.51906597356447,37.53154229611343,0,1,1,0.25416666666666665,0.6580554380549529,0.0010030431877059438,1
1596,49,高中及以下,17.157385569637086,50.60010421063448,31.332223754348465,2,0,0,-0.14583333333333334,0.652949001748406,0.0006929413327445345,0
1701,28,本科,19.566182636873588,138.12788710602268,36.33439276264782,0,1,1,0.32916666666666666,0.6102192257596858,0.00029074130080019076,0
94,60,本科,11.208683025706051,75.90899331298999,34.05801634999444,1,8,0,-0.1625,0.6425058813204598,0.00039356156896604757,1
857,22,大专,11.61557988483361,86.59263453843954,27.801137032387583,0,1,0,-0.14166666666666666,0.6820573520754858,-0.0003000126840029253,-1
1885,28,大专,16.903113097234925,103.4287457259282,24.65525226464636,0,9,1,0.3333333333333333,0.597530949578617,0.00138102500242024,0
626,35,大专,9.86828411585546,39.06043791347972,20.518212201417796,1,6,0,-0.1375,0.6083880203156525,0.0006887985455158159,1
1903,31,硕士及以上,17.926427595332925,166.5504880069926,47.80155496092843,0,2,0,-0.075,0.6226209952817929,0.0005796751704958181,-1
230,40,大专,17.383072758882626,106.95025111974304,21.40431914890809,0,7,0,-0.1625,0.6926466734388764,-4.716450983245721e-06,0
1427,60,本科,19.762312485943568,154.4707184207879,30.43617499801806,0,2,0,-0.05416666666666667,0.6347530516201899,-0.0003207207240510653,-1
947,26,硕士及以上,25.556587155185188,246.99005490482688,84.25539970731865,1,7,1,0.3,0.6012539198630042,-4.239184817352495e-05,-1
1460,55,本科,13.384174379859036,93.53896723226876,30.820900840304404,0,9,0,-0.15,0.6802657615051272,0.000757253723780698,1
913,64,本科,17.530072836076894,137.14297799973193,48.60366710004425,1,0,0,-0.18333333333333332,0.613424891595548,0.0002917392371998356,-1
851,56,硕士及以上,37.12439508903557,333.28050089041386,112.9937819813141,1,9,1,0.22916666666666666,0.6734530804769587,0.0009621794825209893,1
729,49,大专,11.852636770527496,67.15066516417991,31.178482995827256,1,3,0,-0.1375,0.6674202505131077,0.0011907442810051249,1
945,25,硕士及以上,21.49088623889451,212.6364346064892,68.61105756171565,1,1,1,0.2125,0.6073555409626846,5.2095396092345014e-05,-1
1826,24,大专,11.268378207436664,90.8094404060736,21.68673399225512,0,1,0,-0.09166666666666666,0.6467923212546903,-6.241697254479045e-05,0
164,38,高中及以下,6.717569465906381,68.26531421417434,20.29373811342404,1,6,0,-0.125,0.6791885387208083,-0.0006957683479692654,0
1523,26,本科,14.890820046977977,106.17137525765436,22.47452667210897,0,0,1,0.2708333333333333,0.6317798241195858,-0.001109161210212956,0
276,41,高中及以下,7.258272310674908,16.252601912503035,11.376821338752125,2,8,0,-0.18333333333333332,0.6466305759961481,0.000694521443125973,-1
969,21,本科,10.388428846959702,70.28698432905915,11.860338113929323,0,6,1,0.25,0.6564772220696115,0.00013423961125766569,1
974,26,高中及以下,4.7607989056509,10.82332962215687,7.576330735509808,0,5,0,-0.1,0.6455512386121184,1.2319499820544569e-05,-1
1871,29,大专,11.69032405366485,80.2071307301541,19.902718412063184,0,2,0,-0.15,0.608860654888399,-0.00027444756672761865,-1
928,38,高中及以下,13.570568742766504,85.93595218103682,19.122589671240878,1,0,0,-0.16666666666666666,0.6763591100489185,0.0019351381151087451,1
85,51,本科,19.893196619190174,121.3937912926316,54.09543728010502,1,9,0,-0.18333333333333332,0.659444844916351,-0.000115624077361099,0
1790,46,本科,16.21694261720347,92.56550468118247,39.917624620592406,1,0,0,-0.125,0.7093222647808309,0.0016370799199570023,-1
1915,43,高中及以下,6.312215679660279,5.0,3.5,0,4,0,-0.05416666666666667,0.679329700807262,-1.0013960703120315e-05,1
208,31,大专,29.15881207555317,131.90857208049468,55.942209507709975,1,5,1,0.35,0.5661290418713825,0.0010079665047635462,0
1994,53,本科,19.61454615202361,133.85183512374857,48.23271650523153,1,9,0,-0.14166666666666666,0.6176732333135556,0.00012298484672345562,0
418,33,本科,20.10161414888065,145.1538428115956,54.27982619666669,2,6,1,0.2875,0.6569948701582273,0.0002582438078500339,1
1944,37,大专,16.891990990084196,94.05561034251674,36.5535386850968,2,3,0,-0.1625,0.6425058813204599,0.0016724914026758739,-1
961,38,大专,17.137469483359222,103.20993370502532,40.1600859448416,1,3,0,-0.16666666666666666,0.6638714062772433,0.0006586795240354888,-1
1054,23,大专,16.19961983343832,89.97611865727228,29.915085572529748,0,7,0,-0.13333333333333333,0.6127424234907584,-0.000368479856275003,0
1327,23,高中及以下,11.45906383713155,48.84881802345319,16.059397264007284,0,9,0,-0.15,0.655201269022634,0.00014292005626800728,-1
907,27,高中及以下,3.0863091485068663,6.696241750610732,4.687369225427512,0,4,0,-0.17916666666666667,0.6380403881883603,0.0008661536072729075,-1
1721,53,本科,18.72746523517655,137.43779626719186,39.61806124376047,0,6,1,0.25416666666666665,0.6321108733493006,-0.0011309518056418929,0
984,46,本科,14.743519368199276,105.27094096155189,38.36486718521759,1,0,0,-0.12083333333333333,0.6254565975106471,0.0002423211261156134,-1
1446,62,高中及以下,3.3780889596155586,16.02712486108901,11.218987402762307,1,4,0,-0.20416666666666666,0.6370559683685814,0.0004016144225886237,0
9,24,大专,14.122243609598934,80.76718096672306,20.01553876764425,0,8,0,-0.0875,0.6569948701582272,0.0012978348012347668,1
805,55,本科,14.635144911362676,75.72002689302224,27.181124591075523,0,0,0,-0.1375,0.673660145497564,0.0022952344243371368,0
449,32,大专,23.39189565996565,130.32255609808152,58.454563454345376,2,3,0,-0.24583333333333332,0.6921430951444986,4.7152208440990866e-05,0
1524,47,硕士及以上,26.661027131624085,243.93060486921087,90.5740943176519,1,9,1,0.31666666666666665,0.633557179849988,0.0005224867403482954,0
597,55,高中及以下,17.80593266588241,78.24338114608511,22.16871153846217,0,5,0,-0.12916666666666668,0.693652733264572,0.0010165921870836341,1
75,41,大专,12.648017220983208,63.65880689398124,32.0560445216054,2,7,0,-0.1375,0.6674202505131076,-0.0002586711334338355,-1
22,28,硕士及以上,22.90941194240657,237.160071347172,70.44974186449852,1,6,1,0.15416666666666667,0.6637532224455368,0.0007702028015544262,0
1476,42,高中及以下,3.0,5.274623795626114,3.69223665693828,1,4,0,-0.125,0.6476542804194275,0.0005783705717665495,0
1345,64,高中及以下,8.108573913178969,55.16738723240688,4.712778138219531,0,5,0,-0.10416666666666667,0.6217663909454615,-8.450631478500223e-05,0
1055,64,大专,19.98313934493505,122.61323543092728,40.450211716480354,1,9,0,-0.09583333333333334,0.6684642779793463,0.0014276822186223188,1
739,60,本科,20.835853535098472,146.27480531834,47.00902823692591,3,9,1,0.25,0.6436038699561977,0.0008688051955032292,1
1388,60,本科,18.50071456230038,125.71639136623465,51.40826045014322,3,1,0,-0.1375,0.7040305361388094,-0.00017625872548687592,-1
1239,21,本科,18.368282974960973,123.8765933344729,36.672183686330776,0,1,1,0.22083333333333333,0.6637532224455364,0.0007175113881247065,-1
1047,47,本科,19.6370554759877,126.20375870701672,45.30363437847376,0,5,1,0.325,0.6158641919521467,0.0008588586265220741,0
706,20,高中及以下,3.2696933607750616,25.120881359769506,13.804279767851588,1,5,0,-0.10833333333333334,0.6570612058042561,-0.0004009929891283234,0
1231,53,本科,16.87216489465698,142.31884567822232,35.23217707880001,0,3,0,-0.19166666666666668,0.6039733615635563,0.0003850288735445682,1
1184,38,本科,22.87328845350101,143.1908181181261,42.11725410247063,0,9,1,0.22083333333333333,0.6043629147916448,-0.0004231443069927083,-1
1420,62,高中及以下,3.0,6.305700484856624,1.6618628267741975,1,7,0,-0.15,0.6802657615051272,0.0005575405969401619,0
358,24,本科,19.386720898601077,122.245735478636,31.88990982759795,0,8,1,0.19583333333333333,0.6331029824064477,0.00020603862481263796,0
702,27,大专,7.546267315421908,10.028035663862203,7.019624964703543,0,1,0,-0.14583333333333334,0.6132969866739273,0.0003051955497343569,0
382,62,本科,22.31575369352069,172.2982763252978,53.26900111711912,1,7,1,0.2708333333333333,0.6047089736536857,-0.0003369091422005225,0
373,36,本科,20.423217556558512,144.98181444074854,48.55881989728238,1,6,1,0.29583333333333334,0.6468327512497037,-6.864575189650712e-05,1
1990,43,本科,11.424726954812105,95.66054756009518,27.727023881481323,2,4,0,-0.13333333333333333,0.6588100510792684,0.00027505283993620535,0
918,31,本科,14.289932875551298,116.12466941828391,20.32912132915854,0,4,1,0.25,0.6304677150726704,0.00037143159840192423,-1
1493,34,硕士及以上,28.853259708750254,274.1495282912066,88.89179738001239,1,1,0,-0.14166666666666666,0.6570612058042559,0.00013727059115758018,0
995,48,本科,10.828888962711984,84.67101686970797,26.589753824982143,2,0,0,-0.25833333333333336,0.5998023849371474,0.0005391993356968992,-1
1309,58,本科,12.75704177586204,82.02962958679868,35.35238204777921,3,6,0,-0.125,0.6791885387208085,4.730463452349857e-05,1
919,48,硕士及以上,21.23096240226571,200.80714918988195,46.8173621309492,0,9,1,0.19583333333333333,0.6331029824064477,-0.000673500962605716,-1
954,55,硕士及以上,25.931973786277908,263.01113035686154,54.07144072137385,0,6,1,0.22083333333333333,0.6380403881883606,-0.0002481213813403407,0
924,31,大专,14.051677815911772,83.98987060941225,28.416888769191534,1,6,0,-0.1375,0.6483403336863429,0.000996622499606212,0
87,34,本科,11.87304100265446,71.4600197144864,29.899149037384667,1,5,0,-0.17083333333333334,0.6403314823218056,-0.0003709443522410767,-1
88,54,大专,21.50617931913605,145.4400947380603,46.54017785941841,1,9,1,0.2791666666666667,0.586799821645681,-0.00036369561769729607,-1
8,29,本科,24.325799727441638,162.45629303171907,37.30945423620882,0,7,1,0.2875,0.6310067004929074,-2.5774216318378856e-05,0
1244,59,大专,15.683118533136714,94.61108035193212,36.986043908861525,1,1,0,-0.1625,0.6159066521674371,0.0001117091703211104,1
967,34,本科,21.211585732502478,149.2520679422737,50.59679822179056,1,8,1,0.225,0.6528021351183396,-0.000360542774529523,0
352,33,大专,19.04549901867003,119.96315934972938,43.59554883461254,1,3,0,-0.2,0.6416505911877181,-0.0008433442766219753,0
1804,25,高中及以下,14.499129160641417,87.61639974611595,19.71202165180537,0,0,0,-0.14583333333333334,0.6400046853036307,0.00015811636547017588,-1
1089,26,大专,7.21700074530443,41.10125501989778,10.499204020698734,0,2,0,-0.15416666666666667,0.6574193026296182,-3.0404895393814214e-05,0
1741,53,本科,19.37736305483892,165.53268339640223,47.352685215494695,1,3,0,-0.0625,0.6908320736437297,0.00010898239675645374,1
1959,28,硕士及以上,22.48931485368238,181.67936382411528,43.56281361949565,0,1,1,0.2708333333333333,0.6513450304370445,-0.0012958995640105465,0
590,56,高中及以下,3.0,27.732988839531583,5.577119456480157,0,8,0,-0.16666666666666666,0.6511442562127722,0.0005312745660684562,-1
484,40,本科,22.722079342701363,173.4322242056111,38.142493384515255,0,5,1,0.19166666666666668,0.6039733615635562,-0.0005999486275869878,0
236,49,大专,8.058055727008654,81.8251265444378,14.2700903400815,1,8,0,-0.17916666666666667,0.651023761957422,6.830030500808965e-05,1
1368,63,大专,19.4807118317767,106.12176465723678,32.46270583250702,1,8,0,-0.1625,0.6554008004305614,-0.00015946291596410884,0
1836,62,本科,26.00437561838546,161.0547506683482,66.79715779867234,2,3,0,-0.13333333333333333,0.6262504923902003,-0.0014436794752714951,0
1110,48,本科,10.7827660153158,55.30819091246441,27.53673151290136,2,6,0,-0.09583333333333334,0.6231108128388629,-0.000751899304225187,-1
482,31,本科,18.32766290415025,103.6449357812198,54.941384956924885,2,6,0,-0.12083333333333333,0.5767309160361139,0.00023491987560420475,1
1880,37,高中及以下,9.80118884285913,32.88553868891915,12.395031010625887,1,9,0,-0.11666666666666667,0.6619779330321204,4.60681251662337e-05,0
135,33,大专,24.38355662929512,136.14648456158824,41.50333373968672,0,9,1,0.24166666666666667,0.5998023849371474,-0.0004286780393766007,0
1951,47,本科,20.20679346264975,138.0765779253484,53.30139375572372,1,8,1,0.2833333333333333,0.6161472047844877,-0.00022385267080575003,-1
814,55,本科,22.499998322148667,134.98409675071795,54.42586626657137,1,4,1,0.2708333333333333,0.6577374472476499,0.0009571762287296924,0
1539,47,本科,26.92810374310653,190.952560027616,58.97381320361043,1,9,1,0.2791666666666667,0.6008913648547825,0.0008567331390820621,0
1408,20,大专,19.60892075492294,104.99569840147258,26.179411404055468,0,8,1,0.225,0.626640107452262,0.0002184607238365709,0
1451,21,本科,21.611370735890013,158.95803383196875,40.50001447541476,0,3,1,0.275,0.5993371512934118,-0.00017719762361113444,-1
298,32,本科,25.549353415601576,155.048624240928,54.756569465528514,2,3,0,-0.05,0.6765652856702437,0.0012637709828194207,1
311,50,硕士及以上,30.425612794347906,289.6548565699205,96.8166115360797,2,0,0,-0.10416666666666667,0.6350825509986753,-0.00012653921803262015,0
1507,41,硕士及以上,29.66571266037555,276.1216501370868,61.21034068235674,0,4,1,0.22083333333333333,0.6247872720261781,0.0005695157474554736,0
862,25,硕士及以上,27.14383627953837,250.17498248670816,80.7371939249732,1,6,1,0.1875,0.6421801908261727,0.000356867859519305,1
1252,23,大专,15.92166979656704,73.75821891380316,21.982654153854767,0,5,0,-0.1875,0.6677336301526379,-0.00018003578483671872,-1
766,47,硕士及以上,21.866156327241814,169.09046428731693,70.6753243701129,2,0,0,-0.11666666666666667,0.6988733711069548,-0.0002871364236380852,-1
1284,37,大专,16.38705286718044,88.39795131612534,52.37396691405655,2,1,0,-0.14166666666666666,0.6506621453074729,0.0013045307447791393,1
1359,36,高中及以下,5.671509095591173,29.90940295136132,7.878670515128542,1,2,0,-0.16666666666666666,0.6638714062772433,0.0006129501102192022,0
451,61,本科,17.632606692047997,146.3412278156948,28.93333772602486,0,9,1,0.2375,0.6320005428735553,-5.3132830285507826e-05,1
1655,30,硕士及以上,19.46681346832861,165.49607188568558,68.862050475936,1,2,0,-0.12916666666666668,0.6435903259612057,-0.0004522357605900472,0
579,24,本科,14.871879467993018,80.98706132843023,42.62256827733262,1,7,0,-0.20833333333333334,0.6324003992669729,0.0008479425219325659,0
220,25,高中及以下,9.329863895953173,66.9638264623502,11.042592466532016,0,2,0,-0.09166666666666666,0.6596034479197869,-0.0004128914231009871,1
1623,20,硕士及以上,29.798557494520534,277.609256617052,68.76611880175447,0,3,1,0.3125,0.5912984789540635,6.847074141177472e-05,1
1855,58,硕士及以上,37.90599999343482,319.3344281029643,84.0331741653594,0,4,1,0.2625,0.6353021223094399,0.0012661896924122634,1
301,57,本科,15.57634619225503,99.64321639219932,41.89152195484404,1,8,0,-0.12083333333333333,0.6321108733493005,-0.00046815513192039994,-1
1407,59,大专,3.80694746713796,19.178881016302725,7.576376555188206,1,2,0,-0.15833333333333333,0.6402906418160509,0.00030421462148381463,1
173,52,本科,21.79176516322033,165.89276350869002,55.16605259178403,1,1,0,-0.1875,0.6486629312103168,0.000569997333747849,0
1731,60,大专,26.603543460789847,148.83705528669563,45.98611855081452,0,8,1,0.22916666666666666,0.6481251794650666,0.0006735820249294087,0
1205,60,本科,12.95424829316579,88.63263237398523,30.97948705221397,3,4,0,-0.21666666666666667,0.6093186170854438,-0.00013683461436740687,0
716,43,大专,14.258258572236576,86.21240022676004,34.53570472951959,2,9,0,-0.14583333333333334,0.671898058781762,-1.2931194946895414e-05,1
786,21,大专,15.40427174362761,99.51239567709518,12.7275901246003,0,3,0,-0.17083333333333334,0.6271267858884682,0.00042016914552923723,1
905,51,大专,12.40663454711598,73.9199620115012,34.69839376974372,2,1,0,-0.12083333333333333,0.676861553099418,0.0005051304543751047,0
1233,53,硕士及以上,22.312030023186555,210.8556215224256,55.606910823550855,0,1,1,0.19166666666666668,0.6376714088482272,0.00047580584959409927,0
1179,21,硕士及以上,24.78608215179638,225.2628190404064,57.537130526269216,0,5,1,0.22083333333333333,0.6445647661766609,-0.00010735253953852169,0
938,40,大专,8.868007729424033,89.9250876804378,14.416526208672671,2,8,0,-0.23333333333333334,0.6688944645771712,-0.0002449496516476084,-1
1187,46,本科,14.77201698771164,133.38110703517043,33.4234373077016,2,6,0,-0.175,0.6553608990089282,-0.0008635205066412541,0
604,57,大专,12.325339813631963,40.80287198754864,21.485709652280818,0,7,0,-0.2,0.6217804103227181,0.0002587273775374855,1
176,52,大专,9.935129876799095,68.74262583373344,22.00197637932731,1,2,0,-0.18333333333333332,0.659444844916351,-0.000592551650630283,0
1641,22,本科,23.222459470252844,155.68305126701063,61.42320532574351,1,2,1,0.3458333333333333,0.6214298310087016,-0.00028544543593961937,1
1864,57,大专,18.230867315139317,115.15164545513076,44.43453110156129,1,5,0,-0.1125,0.6270155784068315,0.0009643639017437638,0
803,61,本科,15.559900492190328,115.7031152858652,37.89218994361438,1,5,0,-0.13333333333333333,0.6713919012593977,-0.0005215096167085601,1
1056,40,硕士及以上,23.45968783835425,203.69981173800784,67.6207178161068,1,5,1,0.2708333333333333,0.6251220243502499,4.3346446746571914e-05,0
759,52,硕士及以上,18.30623686498237,160.72074431644157,53.44594365708548,1,0,0,-0.1125,0.6844430897424815,0.0017533722993437807,1
1690,54,硕士及以上,32.23062622952803,295.96312012077647,74.51477741902676,0,8,1,0.2708333333333333,0.6115890316659661,-0.00044973119937090627,-1
584,38,本科,17.699538761224343,145.27989191413567,42.68993596050244,2,1,0,-0.17083333333333334,0.6532693234234108,-0.00043039073908050584,0
1896,45,硕士及以上,18.55073670484941,146.27816818961304,56.39352323373961,1,8,0,-0.15416666666666667,0.6180541517125289,-5.797425647299756e-05,0
1640,52,本科,20.18836650096553,124.09656608469182,54.46083474953282,3,7,1,0.25416666666666665,0.6254565975106473,-0.0005425133155009996,0
1495,39,本科,17.05627893494386,138.02603182402075,37.00916917759451,2,2,0,-0.10833333333333334,0.6570612058042559,-0.0013012750647573388,1
1367,40,大专,11.783150602364366,94.2570576249714,23.85347457893832,2,4,0,-0.175,0.6617145221215952,-0.0001919417156034984,0
1382,35,高中及以下,9.736939534723057,77.91109598513248,24.3750857293656,2,6,0,-0.09166666666666666,0.6467923212546904,-0.00034062125224411225,1
1355,42,本科,17.348028805402347,122.54985615819676,32.96975913330179,1,8,0,-0.2125,0.6538028441325533,-0.0001479261965953116,0
1048,50,高中及以下,8.721801474761023,66.08531150855995,15.151789616416558,0,3,0,-0.16666666666666666,0.5833582381613235,0.0011567151540396528,0
1572,53,本科,26.00785688947713,196.6611026278099,63.60551136287443,3,4,1,0.18333333333333332,0.6335571798499882,-0.0005304795237456196,-1
1489,42,本科,10.891363264812686,36.15072912039778,22.092213620602763,1,2,0,-0.1375,0.615226937073157,6.74917806466631e-05,1
96,30,大专,15.364778774316944,63.89409872615097,23.4108639402177,1,4,0,-0.1375,0.6483403336863431,-6.929869480150908e-05,-1
201,60,本科,15.367466517419423,99.47935357538005,41.22796958308118,1,5,0,-0.17916666666666667,0.6824023320719927,0.0003271660815274144,0
1190,38,高中及以下,11.783563195179765,54.95233057319781,17.290460425174302,2,7,0,-0.19583333333333333,0.6264592448796,-0.0006552916151522528,1
202,42,本科,12.375353224489228,81.77823359367916,23.63185574684854,0,9,0,-0.1125,0.6905291767427748,0.0009407117629020213,0
1441,43,高中及以下,14.378277659266503,61.98123413975546,18.158572560231384,0,9,0,-0.1375,0.673660145497564,0.0014041302343064171,-1
209,55,大专,12.8623529231839,69.90358705983026,35.455952128122284,1,8,0,-0.14166666666666666,0.6244104611462258,0.0004275781379251824,0
695,31,本科,24.13470438217969,179.0532787100008,59.79654995260567,1,8,1,0.3,0.6350962764295882,-0.0009381619885111258,0
1497,55,大专,13.7342175596512,68.83850696346653,28.68908866017104,1,8,0,-0.2,0.6350962764295884,0.00048601362233794386,-1
1051,36,高中及以下,5.970411106911541,5.0,3.5,2,0,0,-0.07083333333333333,0.6264592448796001,0.0013228152869706894,0
1330,40,本科,22.33887760263091,146.6458713438903,60.875539351626216,1,8,1,0.24583333333333332,0.5875124260533432,0.0008456377120418008,0
171,24,本科,17.646422041377686,124.07334925565692,28.95909777325659,0,9,1,0.3,0.6350962764295884,-0.00017926796136761918,1
1263,57,高中及以下,11.416433990753228,69.8082666882087,19.567197295284306,3,4,0,-0.14583333333333334,0.6656416457508352,0.0005888339243256128,1
1375,63,高中及以下,11.681241231761852,77.37790386455978,18.719797697689412,0,8,0,-0.16666666666666666,0.6381633338928556,-0.0005300137888724061,0
1875,25,大专,11.157789581411263,78.61575078888072,25.68554087481868,1,9,0,-0.12916666666666668,0.6435903259612055,0.0012359905618550553,0
133,45,本科,19.2824598922177,103.19066014226392,53.59572109928011,1,1,0,-0.19166666666666668,0.657061205804256,0.00010015366819306139,0
366,41,大专,14.757703978826331,94.50614849690096,32.505412820310475,2,7,0,-0.24166666666666667,0.6532292918040726,-1.2152381805624532e-05,0
1703,28,本科,3.0,16.175274770370528,0.9948095371331158,0,2,0,-0.14583333333333334,0.640004685303631,0.000243133890969053,0
520,36,大专,17.60612686399896,90.19272226072206,40.97810826450452,1,4,0,-0.10833333333333334,0.6506621453074727,-0.0007328925361840371,-1
1428,32,本科,19.69497255237413,165.5614056302905,52.64501140054944,2,5,0,-0.15,0.686388889124067,-0.0006758738140905353,1
1480,26,本科,14.239856387692203,94.95741546507556,23.86310782388381,0,2,0,-0.2125,0.6538028441325535,0.00047469613330584486,0
1593,20,高中及以下,8.819098488836751,57.88668432028525,9.81285398022768,0,6,0,-0.125,0.6604486873476599,0.00027703142691624754,0
835,54,高中及以下,14.637728886567714,71.61387383825037,32.51618728586329,1,7,0,-0.19583333333333333,0.6461855677787758,-0.00025852293483865756,1
671,47,本科,18.350677591830635,127.13535737809678,28.834571076327123,0,6,1,0.1875,0.6155668884388272,-0.000523265987401425,0
1500,43,高中及以下,11.889813130170367,82.5260453612797,26.86695818816076,2,7,0,-0.17916666666666667,0.6445647661766611,-0.0004926260085631509,0
1416,48,大专,16.595514989784107,99.70706803536513,33.73793554300527,1,3,0,-0.1,0.664711218638666,0.00034301105725260966,1
985,49,硕士及以上,29.10687626988114,268.74072067983496,89.58014014131763,1,5,1,0.25,0.6170519735608287,-0.00047432707055393664,0
86,24,本科,7.776358684975896,67.68569340619013,19.799787083562062,0,8,1,0.30416666666666664,0.6095331684191341,-0.00019433721239476998,0
419,42,硕士及以上,32.1283547665183,304.0267342984274,100.73026834934169,1,3,0,-0.14166666666666666,0.6506621453074724,0.00021527354109921362,0
743,32,硕士及以上,22.763956199614817,180.18858821519817,69.82791173627677,1,9,1,0.275,0.6131406222019076,-0.00012986623744214667,0
1005,61,本科,18.340504817188595,132.06385794890642,50.43181639178699,2,6,0,-0.17916666666666667,0.6574193026296186,-0.0007832982317414094,-1
1618,25,本科,14.612299935465504,86.002546024526,32.23021254442172,0,3,0,-0.2375,0.6642783229765737,0.0004269644066989094,0
1728,39,大专,12.206963232306846,109.9032839287366,20.073101139594392,2,2,0,-0.16666666666666666,0.6763591100489181,0.0004484381174568522,1
1197,64,本科,23.085886738101024,159.47451997370123,60.51732830417097,3,3,0,-0.18333333333333332,0.659444844916351,2.5343649204031812e-05,0
1567,47,高中及以下,3.0,33.766642234682685,0.0,2,1,0,-0.15833333333333333,0.6905922912194802,-1.2464769193113393e-05,0
195,23,高中及以下,6.369277986568202,35.7977688576234,10.552014913436118,0,0,0,-0.14166666666666666,0.6570612058042559,0.0002950366703729234,1
929,46,大专,8.081204514699024,32.93231851831337,11.79790360098642,0,0,0,-0.17916666666666667,0.6247872720261781,0.0008924098808111885,-1
1713,53,高中及以下,9.706086742096163,36.736141885693584,24.172374966715463,1,5,0,-0.0875,0.6633328427351128,0.00022237257246837702,0
1743,21,本科,19.910287872312495,137.31172030239466,37.340433722908365,0,8,1,0.2791666666666667,0.6146599336467959,-0.0004730813743505946,0
1873,62,大专,23.8848768405659,159.68785757982317,52.988857829539405,1,7,1,0.22916666666666666,0.6350825509986748,0.0002005865088842499,0
432,57,高中及以下,3.5907437613566726,47.87491508292005,9.149681132410056,1,1,0,-0.17083333333333334,0.6532693234234106,-0.0014328613810235932,0
1118,52,高中及以下,9.503941323869746,41.50472943731297,20.457922556702066,2,6,0,-0.14166666666666666,0.657061205804256,-0.0001602642822744212,-1
564,60,本科,23.396578282160604,172.6254606555678,51.97693822672079,0,1,1,0.31666666666666665,0.6065656574454157,-7.959938091126962e-05,-1
1009,43,本科,13.810883706111753,106.6244175466297,32.5968982333365,2,4,0,-0.19166666666666668,0.6310757678961084,-0.0017287542211063397,1
839,60,本科,20.10181062921312,139.89745342748077,39.91069953524456,0,1,1,0.22083333333333333,0.631448601330887,0.00014886171444482044,0
629,36,大专,7.719726035659809,53.02966688199453,18.06787741133854,1,7,0,-0.17916666666666667,0.644564766176661,0.0003562785327440188,0
491,59,本科,32.07223726633081,235.23873163987565,67.45756879795755,0,3,1,0.24166666666666667,0.6270850853939759,0.000569189183905996,1
645,34,大专,16.787879214124082,88.04068336385608,39.12177120527342,1,7,0,-0.17916666666666667,0.644564766176661,-0.00036778110425217283,-1
239,48,高中及以下,14.88332684989065,67.9372436146445,24.584906796784335,0,9,0,-0.175,0.6804195112554247,-4.0584049206563306e-05,1
1140,59,本科,25.079571372886345,179.90775098516073,45.64708628972592,0,3,1,0.3,0.6081730649966732,-0.0006539390895391783,0
235,52,高中及以下,5.411455127498702,42.302123675604,9.394891116928108,1,3,0,-0.125,0.6913996476737223,-0.0012307089958314018,0
1255,23,本科,14.362131590893028,126.25062594160023,24.55149978082172,0,4,1,0.275,0.5852081845350949,0.0005247392280800094,0
326,30,大专,12.312851229469128,77.46448764547334,15.266468086881112,1,8,0,-0.13333333333333333,0.6588100510792684,0.00016124815904824846,0
1018,21,本科,29.91930518990937,219.86579354727527,60.97003789519943,0,9,1,0.2375,0.6186180441264453,-0.0008336258363139987,-1
117,26,本科,22.979293621861803,167.1430644773917,39.49111000000662,0,5,1,0.1875,0.642180190826173,0.00029216275023039875,0
952,47,本科,18.28071670122084,151.2684869359593,43.769976345573646,1,0,0,-0.07916666666666666,0.6706514454076246,0.00026036994168714096,0
1122,32,大专,15.878651488061784,104.93962025860364,38.61647466427895,1,2,0,-0.12916666666666668,0.6996587133754795,-0.00017577074987830776,0
840,33,高中及以下,12.730446154157145,80.30809535614766,26.16244497994945,1,6,0,-0.15,0.6423023441146933,-0.00032440646985932626,0
1162,58,大专,5.176919738078658,46.316845524744814,11.505085624033155,3,0,0,-0.17083333333333334,0.6845449679240808,0.0006251215357358771,0
47,60,本科,17.55134615044191,131.6581581130956,36.91250969532717,0,4,1,0.2916666666666667,0.6389823673857103,-0.00040156521344511027,0
826,50,本科,9.06636703077545,12.333888068352778,8.633721647846944,0,9,0,-0.16666666666666666,0.6446864676430429,5.694938390210687e-05,0
203,51,本科,24.32887462583278,176.50431554166528,54.40232465651485,1,7,1,0.19166666666666668,0.669675914040951,-0.00015234649869295296,0
1540,41,本科,22.434131643996015,141.98358045347553,53.13154597821239,2,1,0,-0.14166666666666666,0.6376714088482269,0.00025248311457448956,1
384,21,硕士及以上,24.650024515608887,241.7983193667565,59.40599627326875,0,1,1,0.2916666666666667,0.6053573008114678,-0.0003634465187353695,-1
640,50,本科,17.637938305847282,132.7835315327245,46.5551309457744,2,9,0,-0.125,0.6212755134385438,0.0003147660501345967,-1
1257,44,本科,23.016029348088757,158.53819646099524,57.06734550848555,2,0,0,-0.1125,0.613524354766144,0.0008370766818114599,0
1709,29,本科,22.40461731599599,148.3273461728533,48.56058668020355,1,1,1,0.25416666666666665,0.6119310040322812,-0.00014433614615243058,1
1865,38,高中及以下,7.76268180896759,15.33050063281138,10.731350442967964,0,8,0,-0.2125,0.6601714624494427,0.0009943509946765748,0
278,22,本科,17.692421601976815,134.950297167923,37.99039255050084,0,9,1,0.30416666666666664,0.6026296396347,0.0002253753699649234,1
1404,27,本科,15.6453929467757,89.084008429418,27.06749626385745,0,6,1,0.2625,0.6014713479682786,0.00029329839179833623,0
362,30,本科,21.101861969656788,169.6406466785015,57.65648404661638,1,2,0,-0.1375,0.6353021223094402,-0.0005621898583937004,0
224,52,高中及以下,8.682613749104823,50.8370383133736,6.807091154540343,0,1,0,-0.12916666666666668,0.6564639436743581,-0.0002877795127743584,-1
1380,64,本科,19.229736546980853,142.86210189296796,47.54435190820331,1,9,0,-0.14583333333333334,0.6400046853036307,0.00041235934058105766,0
760,27,大专,7.388568020499079,65.89029432953562,20.82997511035561,0,1,0,-0.14166666666666666,0.6696759140409511,0.00022470445549768706,-1
944,25,本科,19.597770033616808,127.47867564418677,60.05713910229537,1,5,1,0.2708333333333333,0.5907085077630541,-4.562395002734663e-05,1
1621,20,硕士及以上,36.905192296211474,322.2814390340162,92.65444537841653,0,6,1,0.24583333333333332,0.6484478840265157,-0.0001459509172966941,0
1268,62,本科,8.054162143513635,43.90864952263586,16.790332862235925,1,2,0,-0.125,0.6853212910500643,-0.0008794502114869433,0
286,27,大专,19.00916984774704,123.07826912164104,22.08806981115948,0,3,0,-0.125,0.6212755134385439,0.0008000462390328343,0
1852,40,本科,10.216420239319582,54.9368690629743,26.517553151184742,0,7,0,-0.24166666666666667,0.6467923212546904,-0.000586227734762648,1
1546,50,硕士及以上,29.94652695552205,265.80454710283203,88.90353662436809,1,7,1,0.29583333333333334,0.6337635256273594,0.0008715864500533965,-1
774,58,本科,20.984729486544417,153.3538952528607,57.77269068866243,1,7,1,0.2791666666666667,0.6214298310087017,-0.00020999058890412435,1
1555,27,本科,20.138181094398725,129.4479361546888,35.29579256664161,0,2,1,0.26666666666666666,0.5673594911426784,0.00013011051360381747,0
1030,41,高中及以下,7.724413329806664,37.61192685689603,14.84769239194411,1,3,0,-0.1875,0.6155668884388273,0.000284412432700755,0
33,44,硕士及以上,35.04953108637514,309.3037964896908,110.04582816017678,1,3,0,-0.17083333333333334,0.6403314823218054,-0.0006373595208127179,-1
1052,42,大专,10.88996238049156,73.86444391743755,24.999302834541428,1,6,0,-0.12083333333333333,0.6516661405327699,0.00083971873661167,1
512,57,本科,16.355400648333113,103.87172284613274,34.28704947364249,0,9,1,0.22083333333333333,0.5973996417295825,0.000271345696938126,0
413,25,硕士及以上,29.28317190540765,245.7518274757805,70.01292327665857,0,8,1,0.2,0.5942542177501201,2.3699815950155733e-05,0
727,23,本科,18.074429376037976,132.20415931256844,33.03489127287364,0,4,1,0.2875,0.6376030559084277,8.891786463906005e-05,-1
274,38,高中及以下,11.602247569230189,43.00335258379006,21.053457489840845,0,0,0,-0.13333333333333333,0.7077967858768711,-0.000906395438229534,0
151,32,本科,15.64589171112232,120.17536512492389,25.454999739902423,0,4,1,0.275,0.592314798129915,0.0007783308994828766,-1
223,29,本科,31.358816898783424,209.80254943017425,53.65395538846389,0,1,1,0.2375,0.611817034481722,0.0001903235871264951,1
682,63,本科,22.30879247101684,150.29998316511805,49.24934056787116,1,6,1,0.21666666666666667,0.6427364789017488,0.0010420434252411373,1
1185,33,高中及以下,6.468122489421037,25.093234117645583,17.565263882351907,1,5,0,-0.15416666666666667,0.6510237619574218,0.00011179883898397171,1
746,43,本科,18.39836369633782,141.53359966109215,51.67939164281466,2,1,0,-0.16666666666666666,0.6825172866550597,7.44564806774632e-05,1
717,42,本科,25.1476598728422,181.9348561876032,60.87200696109064,2,7,1,0.29583333333333334,0.6067811821969598,-0.0005006157551344252,0
1615,27,大专,14.683282531269162,45.5860234481167,31.910216413681688,1,0,0,-0.14583333333333334,0.6656416457508347,0.0011638058783433574,1
1278,20,本科,19.50307403382268,154.71836699374077,36.8357371050053,0,5,1,0.2625,0.6083880203156523,0.00029293009280209056,1
1963,56,本科,21.07322024040911,148.89652568501143,54.623399871936336,2,0,0,-0.23333333333333334,0.6302464595069613,0.0005264744538723175,1
1656,58,大专,11.707958627234213,70.81359521363885,21.86731381396214,0,0,0,-0.0875,0.6505951572040833,0.0013240743126664305,1
1746,64,大专,8.523031553919816,77.73003816988455,25.136573087691453,1,3,0,-0.15,0.6423023441146934,-0.0004968424177900414,1
253,34,本科,13.094503162658928,100.90913827562954,36.10546318033121,1,3,0,-0.175,0.674242174934386,0.0018330378170736625,1
424,38,大专,11.377925535144785,67.40400677478765,31.553882165881934,2,4,0,-0.10833333333333334,0.663398544624393,0.00031136863224875586,0
810,21,大专,17.159023496059646,112.75938160852766,25.48728033502346,0,7,1,0.25833333333333336,0.585684641511667,-0.00038530291729571835,1
1551,58,大专,14.295466665125089,95.70497921310955,29.166485351872893,2,3,0,-0.1,0.6520004620477354,0.001102758722491043,0
635,50,大专,16.45303451227944,96.85321476094312,39.0217399129532,1,1,0,-0.14583333333333334,0.6593258676262138,-5.791260327449341e-05,0
1968,57,本科,18.352947877086688,148.83069889960393,44.74473311350382,2,4,0,-0.10416666666666667,0.6150001984329144,-0.00021904515265763294,1
123,41,高中及以下,7.791541029135029,34.86627443060951,15.49052460826911,1,5,0,-0.2125,0.6664792274853404,7.780236621143162e-06,0
949,32,硕士及以上,29.618594477895325,265.80271232147913,99.92721801558486,2,5,1,0.2833333333333333,0.6161472047844881,0.000917664068515775,0
11,63,本科,17.339493935934374,118.9580160838286,39.073856659670525,1,8,0,-0.12916666666666668,0.6753143800149314,0.0003000591995492076,0
657,48,本科,17.752048460590302,125.25091435194705,46.03046183753397,2,2,0,-0.15416666666666667,0.644564766176661,-3.2536168473830774e-05,-1
916,44,本科,13.945555280957056,97.06827903241448,35.95195910265182,2,1,0,-0.1375,0.628681625128378,-0.0002573170810375745,0
1552,43,本科,14.794920420062184,95.15993128696304,41.27673381084871,1,7,0,-0.10416666666666667,0.6350825509986747,0.0009101938280762159,-1
1522,28,大专,26.34598018346409,148.11080840718958,43.59413332493337,0,9,1,0.29583333333333334,0.6136380072201854,-1.1855405557869604e-05,0
1536,26,本科,13.914956746289604,119.2637601732056,21.439745001823304,0,0,1,0.25833333333333336,0.6337222618469314,-4.264712892585887e-05,1
795,33,大专,15.410439454174398,109.67330195204354,27.826155845507948,1,8,0,-0.04583333333333333,0.7041295802832364,-5.2459928819386794e-05,0
293,34,大专,9.427118608363244,57.29658402038181,20.591348074414658,2,4,0,-0.10833333333333334,0.6570612058042559,-0.00044016668538976255,0
1026,23,本科,13.855624185998645,115.6139282454716,25.70262801984568,0,6,1,0.2916666666666667,0.6389823673857101,0.0004160850870177864,1
501,49,硕士及以上,21.60373013912367,180.3554030424745,73.58017179941936,2,4,1,0.2875,0.5755205029991415,0.0001730034222457068,0
1779,50,高中及以下,15.547120945960284,80.49943306586972,29.363897892475716,3,9,0,-0.10833333333333334,0.7002191328653363,-0.0002511578920513267,0
1086,56,大专,14.0259322432951,81.67760607281404,39.269248091193504,1,9,0,-0.13333333333333333,0.6588100510792687,-0.0001569887690708459,0
1440,55,硕士及以上,36.85754641243373,333.61213477046715,109.91928009205304,3,1,0,-0.19166666666666668,0.6758949849521024,-4.1955501597884987e-05,1
1563,61,本科,15.60735752621117,108.64030731622027,42.23634850192561,1,9,0,-0.12916666666666668,0.6564639436743582,0.0013891093084508145,0
285,62,硕士及以上,39.17046540398866,365.79700471658975,124.88313525131927,1,8,1,0.18333333333333332,0.6335571798499879,0.0007257037718572729,-1
659,32,高中及以下,19.004953003443685,109.0449959606634,21.68028880029858,0,9,0,-0.1875,0.6087317909436302,-6.270503740624453e-05,-1
1902,52,高中及以下,6.329261266926656,31.862151731916768,15.075940023001134,0,1,0,-0.15416666666666667,0.6824023320719927,0.000978650261427069,1
1811,49,本科,17.060004492416002,127.29611205984304,52.98756160284937,1,2,0,-0.10833333333333334,0.6310757678961079,-0.0006855138865328069,1
742,48,高中及以下,19.867607184068355,91.71622103410648,28.77013745651171,0,2,0,-0.07916666666666666,0.6187307609395022,-0.00021533922399885017,0
1889,40,高中及以下,17.348618822542726,121.92908969712876,31.837780930225247,1,9,0,-0.1625,0.6554008004305619,0.000815627468785267,1
1157,58,大专,25.382693447715447,155.5784512519947,52.63807386575901,2,3,0,-0.2125,0.6850541315691164,0.0012811179872627254,0
378,37,本科,21.238069886097808,133.161954219901,56.16715323220193,2,3,0,-0.10416666666666667,0.635082550998675,-0.0008896439160140608,1
1106,30,本科,17.1311880531892,131.27967364308012,38.9495952808068,2,6,0,-0.16666666666666666,0.6511442562127723,0.0004478906917660888,0
847,22,本科,19.875540818770958,134.95402233572176,32.81254157095011,0,0,1,0.2125,0.6473715765763862,0.00019919472439575042,0
1770,35,高中及以下,11.341794940092614,80.940428798142,15.18768486468024,1,1,0,-0.13333333333333333,0.6837422663184929,0.0005802153492008884,1
2,49,高中及以下,3.0,5.0,3.5,2,5,0,-0.0875,0.6441318636277712,0.0006967770264679889,0
139,39,本科,10.144511287146912,99.71836961105474,19.766699333650703,0,3,0,-0.14583333333333334,0.6267931042512831,-0.00029318088754075794,1
446,34,硕士及以上,26.60951853506045,254.37281601928987,90.82909455857391,1,2,0,-0.19583333333333333,0.6526285228538508,0.0007644917629436551,1
1045,26,高中及以下,13.72166794374838,60.30186241119947,24.08461426884834,1,8,0,-0.10416666666666667,0.635082550998675,0.00021453183507885165,1
1648,63,本科,22.00589186140865,147.33928193777749,46.23513938998156,0,2,1,0.2916666666666667,0.5984055989117465,0.00029556025477709867,1
1751,59,本科,14.754384391808712,99.25719274966198,31.914858118573356,1,2,0,-0.12916666666666668,0.637055968368581,0.00028803266938864247,0
1653,46,本科,20.5294253226768,156.37454015448478,54.35302617483526,1,2,0,-0.1875,0.6677336301526381,0.0014332210530227777,0
1624,44,本科,20.3119282942516,138.63950138429615,40.09975652460119,0,8,1,0.20833333333333334,0.63898236738571,0.00020617746559077336,-1
1617,42,本科,22.97477798783332,160.90655855671022,62.76556680249813,1,9,1,0.26666666666666666,0.6031067868742481,-0.0003586230220467658,0
1141,35,大专,7.921008507455623,48.71849199110547,23.249792980159697,1,9,0,-0.19166666666666668,0.6441995238272865,-4.570532009457081e-05,1
1806,20,大专,13.761226907557296,67.50942269108106,22.604618632695885,0,1,0,-0.1125,0.653162566986301,0.0008492980151055991,1
1011,55,大专,20.185252709212342,139.48095661927113,41.42315243750156,3,8,1,0.20416666666666666,0.637055968368581,0.0012740117108271233,0
1297,50,高中及以下,15.81231502340998,79.21587602711203,14.325827112707804,0,3,0,-0.13333333333333333,0.6262504923901999,0.00030526379069095315,0
560,44,硕士及以上,29.207260798012147,254.69678620368563,63.87072817244199,0,9,1,0.2708333333333333,0.6640683325898583,0.0014142097220096713,-1
1132,55,硕士及以上,30.076398451327268,275.9938432375328,70.59303235382443,0,2,1,0.20416666666666666,0.6033235472364146,-0.0004386202852401393,0
44,23,高中及以下,9.37477792070058,55.298816720543925,22.84376861294349,0,9,0,-0.19583333333333333,0.6653272807543963,0.00040630443570732094,0
720,26,高中及以下,13.595465230441684,76.99388531250862,17.927246115166415,0,3,0,-0.15833333333333333,0.6596034479197868,0.000380525980372539,1
246,54,本科,19.900116495243065,129.3115295303121,54.84514091007961,1,6,0,-0.08333333333333333,0.6607126029175729,0.0009817885290606676,0
666,42,本科,24.98045784622372,169.86633343531142,66.40504098552448,1,7,1,0.21666666666666667,0.6492136644802219,0.0004094548852927,1
1167,37,大专,16.824703267734073,96.0792661679492,24.546798846829816,0,2,0,-0.11666666666666667,0.692860583382818,0.00019341979796472136,1
915,40,大专,18.3318311749252,118.53660527239164,41.05713921253272,1,6,0,-0.20833333333333334,0.6324003992669727,-0.0005957764485706907,0
1163,43,大专,16.751725507024442,115.37635340461917,31.89437966001781,1,4,0,-0.13333333333333333,0.6651307271806711,-0.00048682052027775545,1
741,54,大专,7.194915360462653,38.24734968057601,19.39086241922697,0,5,0,-0.10416666666666667,0.6284597407520743,0.000380487173351292,0
861,61,硕士及以上,20.61428517443786,170.62865966907046,59.30209347803837,1,9,1,0.275,0.5852081845350952,0.0009975897407224136,0
539,20,大专,19.47761205747905,123.97075070712631,22.96472024600656,0,3,0,-0.2125,0.6343134528648715,-0.00011210661788914926,0
180,62,本科,21.897647103857253,165.2138609338969,49.71079604736864,2,0,0,-0.10833333333333334,0.6820573520754858,-0.00023008420963539027,1
1421,64,高中及以下,4.863847016561703,47.65947998705818,2.240037402749693,1,6,0,-0.15,0.6291390145123653,0.0001647129711206156,1
445,49,本科,13.174936376102448,88.46281662005053,28.59729709008913,0,3,0,-0.125,0.6791885387208083,9.24563589435148e-05,1
479,24,大专,14.647047684479343,79.85684429225044,12.36729824667728,0,1,0,-0.12916666666666668,0.6753143800149313,0.0002671955696141166,1
27,57,大专,7.654551925700939,35.97706992923873,11.915295831899291,0,8,0,-0.18333333333333332,0.6657594943548087,0.0003126302556592647,1
60,61,硕士及以上,39.95111355325902,349.4005528483257,131.57680647596484,3,6,1,0.26666666666666666,0.636850689375367,-0.00014357982620676984,0
639,62,本科,19.816315396237652,115.25698740383471,50.97996328794797,1,9,0,-0.1875,0.6801504263840905,0.0014536604094185252,1
1137,36,本科,16.902030053706202,102.05576603185868,50.95753404687554,1,9,0,-0.15833333333333333,0.6596034479197869,0.0005023498015431213,0
517,22,硕士及以上,20.093446092445035,177.84596784441248,66.88377293216533,1,9,1,0.2375,0.5979830114713699,0.0004988748665132942,0
181,26,高中及以下,11.436453805181818,81.87966515816659,17.395377969938018,1,3,0,-0.1125,0.6402225685169913,0.0007851782311056717,1
1658,57,高中及以下,17.72948239889324,114.42097061623691,42.6571478802537,1,0,0,-0.12083333333333333,0.6891138975073693,0.0009543868751865354,0
703,27,本科,16.68204924920878,123.46641215305829,45.5271626593773,1,5,1,0.30833333333333335,0.6039733615635559,-0.0003628126843718643,0
1977,35,本科,14.122964379948233,108.31712997934012,32.653939704970625,2,4,0,-0.19583333333333333,0.6396777213322025,0.0006607441945718378,1
715,55,本科,24.83700763869211,149.9644217016426,69.89586583610071,2,1,0,-0.1875,0.5948260179512993,0.00022303899850709607,0
1466,48,本科,11.667018651345789,92.49405995656288,22.14173086968588,0,4,0,-0.1125,0.6467249323130461,0.0004836736915258928,1
1433,45,大专,16.241548528781895,123.12063315667874,38.33720092096735,1,7,0,-0.1,0.6455512386121182,0.0002001169603517294,1
258,27,本科,13.89082351796223,104.9067495683512,27.950665514252385,0,3,1,0.325,0.6553608990089285,0.0011947330388512264,-1
158,42,大专,10.674691398191886,71.24518318992499,15.600696186812048,2,5,0,-0.15416666666666667,0.6637532224455365,0.0003193545176975307,0
1657,59,本科,22.24258052694252,161.44559902844054,52.36867846972813,1,2,0,-0.13333333333333333,0.6713919012593975,-0.0001612237978168622,1
1825,60,本科,13.06510122101964,117.4818179848516,18.73645719589186,0,9,1,0.26666666666666666,0.6031067868742483,-0.00017161981280238543,0
1791,59,高中及以下,11.235512824152105,63.07501871773292,20.818677840397825,0,7,0,-0.14583333333333334,0.6132969866739273,0.0011787818987591659,1
1867,54,本科,18.12631415549195,119.72609965427068,37.20564785044282,2,4,0,-0.15,0.6088606548883986,-0.0004322037162348197,0
1461,34,本科,12.19049889200094,114.0483733730633,30.103729678895576,1,8,0,-0.14166666666666666,0.6696759140409508,0.00039313325546128943,0
618,22,硕士及以上,22.07657678168838,196.3188726039928,48.17059743892055,0,2,1,0.2875,0.6310067004929074,0.000733520982965001,1
1498,41,本科,9.723137480064077,71.01851112351656,13.83148901619539,2,0,0,-0.15416666666666667,0.6510237619574217,-0.00018351709263327517,0
458,57,硕士及以上,19.366966594381108,152.9636896176847,59.01260094135077,1,6,0,-0.10833333333333334,0.6506621453074727,-0.0003714011515756133,1
1571,36,本科,14.494795880060977,103.90962427941736,16.911688221929488,0,6,1,0.23333333333333334,0.5890682428209312,-0.0015839966055549671,1
1881,31,高中及以下,10.874096635104037,58.08383794585209,19.49729340684013,1,3,0,-0.10416666666666667,0.6609104704347368,0.000708444057213302,-1
1609,25,大专,4.736010924675272,38.60710191895066,2.1334404575540464,0,9,0,-0.14583333333333334,0.6656416457508352,0.00026307539810601304,0
1250,30,本科,29.77910590799076,202.7364117403989,74.87255369584615,1,5,1,0.30416666666666664,0.5956461044357028,0.0008506055470276585,1
793,57,本科,19.142303408661604,108.3391031170321,45.47944680509672,1,9,0,-0.14583333333333334,0.652949001748406,0.001146437803289252,1
1436,39,本科,21.68072131130528,175.9285632253526,56.27568174488404,1,4,1,0.25,0.6102335104191621,0.00023821131360346668,1
1677,38,本科,18.487966304259068,91.91680326857754,43.98846615534124,1,2,0,-0.15833333333333333,0.6402906418160511,-0.00039760469832356675,0
1191,32,本科,21.734234053171477,147.8449372703981,66.04666567280563,1,5,1,0.2708333333333333,0.62512202435025,0.0004546924485917991,1
1936,36,大专,14.47847688798128,103.1771691666742,46.28831450236095,1,5,0,-0.08333333333333333,0.6543492514073002,-9.366882465871193e-05,0
254,49,高中及以下,6.383821570295804,31.895527784441075,11.55521776251453,1,5,0,-0.17916666666666667,0.6762431086380652,0.0010095101784403891,0
149,22,本科,19.14730182229215,135.5267684009064,34.05776306524467,0,0,1,0.26666666666666666,0.6235722884191056,0.0010600804965239382,-1
222,51,本科,14.11762795925818,85.68896472735616,23.365756247054136,0,4,0,-0.1,0.619082868706896,-8.513127057815352e-05,0
879,48,本科,15.365734020064114,116.14606476088908,42.666980350359424,1,0,0,-0.10833333333333334,0.6506621453074728,-0.0011610759114108545,-1
420,61,本科,13.97140916693604,85.39537651534816,30.02225025250775,1,2,0,-0.12083333333333333,0.611931004032281,0.0008839060661323012,0
819,64,本科,17.110212221271567,136.52807272074145,46.37202201604224,1,0,0,-0.17916666666666667,0.6380403881883603,0.0012797848438516406,0
1888,22,高中及以下,6.638420668397927,18.108824228565823,2.1324907155145034,0,7,0,-0.11666666666666667,0.6492136644802222,0.0002290273752894699,-1
62,36,大专,10.167690829011654,77.16832311486517,15.296286543140956,1,3,0,-0.19166666666666668,0.6506621453074722,-0.0006828717117866305,-1
1186,26,本科,14.332118282494797,93.77289457584612,28.103850594979995,0,9,1,0.20833333333333334,0.6646587614536704,5.962487821073446e-05,1
624,47,大专,16.04875609811645,103.69837730560242,34.3615431515577,2,1,0,-0.14583333333333334,0.665641645750835,-3.940361327362452e-05,1
400,64,大专,12.012583325352844,97.38905176421336,15.766789302799364,0,2,0,-0.18333333333333332,0.6335571798499879,-5.633078527653717e-05,1
1085,57,大专,12.395100798081389,90.337661700776,13.260330934579578,0,5,0,-0.13333333333333333,0.6775952227646891,0.00011472692908964067,1
1642,40,本科,19.812964998482997,137.5478199090217,57.04824365573303,1,0,0,-0.14166666666666666,0.6696759140409507,0.00030736264352204993,0
1705,58,大专,11.640701761392904,81.06424450939589,10.611827662162852,0,6,0,-0.19583333333333333,0.6653272807543961,0.0004790779187137467,0
1985,55,大专,15.406032279614523,87.44484320273904,35.00104954437373,1,7,0,-0.1125,0.6467249323130458,0.00033545713756487035,-1
251,42,高中及以下,13.450457075876976,51.0938672622635,31.384908391383195,2,7,0,-0.15833333333333333,0.6845067653828932,0.00025501882291489045,1
1103,26,硕士及以上,38.99423926741166,346.4042664981203,92.59964298080683,0,9,1,0.23333333333333334,0.6235722884191055,0.00014920158789523963,0
587,24,本科,14.36316129670434,110.7181722063799,39.66050308942475,0,5,1,0.2791666666666667,0.654229347439874,-0.0008773058812390241,0
940,51,大专,7.940451400093616,47.97991284286775,7.566514883191678,0,1,0,-0.2,0.6150143720469203,0.00016907747642430388,1
191,48,大专,15.21322135661931,83.62246013428867,34.53921094799279,1,4,0,-0.13333333333333333,0.6262504923902,4.4295819023940284e-05,1
608,63,大专,15.760014769688157,100.12491199222224,43.62955973273239,1,6,0,-0.08333333333333333,0.6215560623412774,-0.0002032926012991013,0
497,36,本科,9.97472010498038,47.21082273818105,33.047575916726736,2,2,0,-0.075,0.6742421749343859,-9.920140266521434e-05,0
1972,50,高中及以下,16.20298273096536,92.40791984127507,18.5926805073733,0,4,0,-0.10416666666666667,0.673453080476959,1.5985878827980847e-05,-1
297,39,高中及以下,7.755611898598076,51.79620099396706,19.9491419316494,2,7,0,-0.11666666666666667,0.6361933514853783,0.0002688375946442369,-1
630,53,大专,13.150627582101304,59.04388407165616,26.767723265287245,0,4,0,-0.1375,0.6353021223094399,-0.0006984263174803462,1
79,50,大专,11.894235086714223,50.19235170164258,29.587204069645225,2,6,0,-0.10416666666666667,0.6734530804769592,0.00042459245783253843,-1
179,42,大专,22.07991212081024,132.63810080779757,44.86627550999343,1,6,1,0.35,0.629139014512365,2.599417418699855e-06,1
69,41,大专,23.83063735687795,132.53392545368598,42.240599783904806,1,8,1,0.2875,0.6039011945009424,0.00023623548398052222,0
1195,48,本科,16.930721995030428,137.80501443538725,41.70404728244175,1,4,0,-0.10416666666666667,0.6672112489812242,8.030853395756617e-05,0
1533,28,高中及以下,9.939850400505268,59.79019267999252,5.259455288877534,0,6,0,-0.12916666666666668,0.6435903259612055,-0.00038679573646037337,0
84,48,硕士及以上,33.28594635120683,291.91690442725223,104.97173694332002,2,0,0,-0.08333333333333333,0.6732588991819973,0.0009416101429381383,1
1988,29,高中及以下,14.139691337236036,49.35932770903089,18.432332430671977,0,2,0,-0.1625,0.6680468627863327,-0.00028577990053358396,0
1360,23,本科,24.4066692823226,162.45864787037237,40.294911889335935,0,3,1,0.20416666666666666,0.5675899034213256,0.0001460702486587237,1
1814,59,高中及以下,3.848699262007116,29.153590005069344,8.518022350777668,0,1,0,-0.22083333333333333,0.6574193026296188,-0.0008988515570039271,1
785,46,本科,20.27649219208288,157.48105898296484,42.39288604451436,0,1,1,0.25,0.6500724130890452,0.0006192737855815583,1
162,38,本科,12.331144872901358,82.52664875229313,31.974379388487243,2,4,0,-0.14583333333333334,0.6593258676262141,0.0008702631561772131,1
931,51,本科,9.421208578108416,56.83552443242767,13.687358380374402,0,9,0,-0.2,0.6672243134949658,8.79278635507728e-05,0
1946,27,大专,8.505377172047288,52.85062578762407,20.49434712738608,0,6,0,-0.1375,0.6286816251283783,0.000966329288176452,1
1808,24,高中及以下,9.440215828841763,69.29944432880089,10.072050044496264,0,2,0,-0.17916666666666667,0.6885064586872912,-0.0001271275571701312,0
1484,38,本科,19.55704673725338,134.76209079497457,52.599347653444006,1,1,0,-0.17916666666666667,0.6314486013308873,0.0012291339332757528,1
406,39,硕士及以上,19.859788930243944,195.70946592973644,61.37795652529927,2,7,0,-0.16666666666666666,0.6113752018016136,0.0004378983419839195,1
957,48,高中及以下,3.9224857057715248,32.04309962079225,0.0,1,6,0,-0.15,0.6487838639270014,0.0010038655971999564,1
1837,33,大专,15.000026541091277,97.7729324883152,35.79506340770735,1,9,0,-0.09583333333333334,0.6930492726218889,-4.02285117402368e-05,-1
1511,30,大专,14.506535275766318,87.53790939976783,37.08289088171225,2,4,0,-0.21666666666666667,0.6682686470711449,0.001371702533051263,-1
300,36,大专,18.34880593582478,140.7651843420984,38.38985181810994,1,7,0,-0.12916666666666668,0.6435903259612055,4.7795371791333945e-05,0
788,44,本科,21.482059454113845,162.3335045963361,55.001313658098944,1,9,1,0.25,0.5749295026821926,-0.0004040383235310713,0
1329,35,大专,11.666054059782402,65.16598492912239,11.758224357927745,0,6,0,-0.1375,0.6418543350696471,-0.00040145454403162827,-1
255,26,本科,16.213474698665923,115.14703155738184,45.398556916661406,1,6,1,0.18333333333333332,0.563660085309639,-0.00037015243089130853,0
264,64,本科,16.9677712079473,101.19802317738194,47.51303137776402,1,4,0,-0.1875,0.7043276267886565,0.00013647813622802955,-1
502,63,大专,16.63101009061948,89.66633727098201,30.132376029606284,1,7,0,-0.20416666666666666,0.5963481380981334,0.0010746771508365995,0
1927,25,本科,10.020214201968914,69.97854321330946,19.828430317035817,0,4,1,0.21666666666666667,0.642736478901749,-0.00027406793495190904,0
722,58,本科,19.739672385913558,135.58987691163512,39.625699138897815,0,9,1,0.21666666666666667,0.6161472047844881,0.0010634793170507604,1
3,39,高中及以下,3.0,18.85175672270785,13.196229705895496,2,5,0,-0.10833333333333334,0.6506621453074727,0.00011988297058880548,0
496,25,本科,21.962537058363036,188.04950941833843,37.688698085742274,0,0,1,0.2791666666666667,0.593887389595219,0.0003023139669705836,0
54,42,大专,21.93001915479933,135.71466666373215,51.90846737151945,1,4,1,0.2708333333333333,0.6183925488643394,0.001006230239845975,0
1908,21,硕士及以上,22.986107218604428,195.01913516220648,54.39153450183687,0,4,1,0.29583333333333334,0.6136380072201855,-0.0009836147238928103,1
1271,24,本科,24.94780129290031,173.6895338127505,39.24973454924052,0,5,1,0.25416666666666665,0.625456597510647,0.00046596487025085133,0
1622,61,大专,22.117935889864437,133.6746492307267,48.99970877641792,3,6,1,0.24583333333333332,0.6484478840265159,-0.0002994616687713191,0
1007,42,高中及以下,10.57590441576395,25.28469723178279,17.699288062247952,1,4,0,-0.12916666666666668,0.7231840143072242,0.00016255668475083539,0
506,43,本科,27.62506400867926,200.63096896488253,80.07150970413858,1,3,0,-0.13333333333333333,0.7018604485656741,0.0018821377493343852,0
610,57,大专,16.022725965430784,78.07610208504383,41.19679037419459,2,3,0,-0.11666666666666667,0.6229009381920676,0.0006708746899206553,0
363,60,高中及以下,12.211110310182995,49.95061106333431,14.47754546804249,0,2,0,-0.19166666666666668,0.6108617047378254,0.0003500758686093118,0
674,47,本科,25.340409113326487,178.90386429436427,67.47111111198527,2,3,0,-0.12916666666666668,0.6814819973350514,0.0004969265764381724,0
701,47,硕士及以上,27.14275084256104,244.15502819286573,85.9373324945663,2,4,1,0.22083333333333333,0.604362914791645,0.0011173106737900095,0
1760,37,本科,14.284397962227748,109.34593063278096,17.295499737326487,0,1,0,-0.2,0.6416505911877182,-6.189944241806664e-05,1
467,46,大专,15.994909503511728,91.288027220376,34.60515611584598,1,0,0,-0.16666666666666666,0.6575386249002444,0.001196565482046454,-1
1219,39,大专,15.880347981603856,77.582512665433,36.37056220003471,1,4,0,-0.09166666666666666,0.6596034479197869,0.0006048670414749247,0
813,32,大专,5.666210335048813,6.715895473434102,4.701126831403871,1,8,0,-0.11666666666666667,0.6361933514853784,-0.0008201790153861433,0
804,53,本科,25.722247390593363,189.9748583673992,75.6516654854137,1,3,0,-0.17083333333333334,0.6403314823218054,-0.00041163158917814375,1
1171,48,大专,12.24160310194742,78.06078010909486,32.72551269752343,2,5,0,-0.22916666666666666,0.6150001984329146,-0.0009489833555392408,1
745,36,本科,14.56531189167077,105.4303856208702,32.44983808321348,0,5,1,0.2,0.6416505911877181,-0.00029065924822266716,0
855,58,硕士及以上,36.90613463790784,321.2355044607088,84.04066987922386,0,8,1,0.21666666666666667,0.6229009381920676,0.0007882403973078749,1
1792,35,本科,23.6474115647396,130.7704572000647,58.87664689539535,2,4,1,0.2375,0.6186180441264455,0.0010216394372319073,1
476,58,大专,13.798288067329938,90.37216906710375,19.670910948480824,0,5,0,-0.1125,0.6721056028799299,0.0006982291534964856,1
1691,60,大专,23.19751001411281,128.57221064461768,52.556966028679504,1,6,1,0.21666666666666667,0.5812025238930378,0.0011903081793023101,-1
1332,39,本科,15.611988533334102,92.07947880934228,44.76207639406175,2,4,0,-0.1375,0.6611214638462128,9.450374225497936e-05,1
168,35,本科,15.388807602287466,131.81464061625962,31.155808213832348,2,3,0,-0.12916666666666668,0.650059003866319,0.00032411051077286813,0
1613,51,本科,4.529986911537559,31.253500907223277,15.844703231654556,1,8,0,-0.08333333333333333,0.6543492514073004,-0.00020411451627533268,0
1046,30,大专,17.87614593425357,86.22543566487995,34.75356820118075,1,6,0,-0.1375,0.6736601454975638,-0.0012450276135226987,1
724,55,大专,23.5771734578643,136.4791084028797,46.680707931811135,1,3,0,-0.1875,0.6677336301526383,-0.00022879155390398824,1
580,24,本科,23.37861483747096,154.35099890390396,44.616731655142594,0,9,1,0.19583333333333333,0.6264592448795999,0.00010404511668680949,0
444,42,高中及以下,8.603895403941582,38.27013494378004,14.390808286647683,2,4,0,-0.09166666666666666,0.653229291804073,-0.00014046094975598164,1
1218,56,硕士及以上,35.272590204795186,305.4317301468287,82.10243461570356,0,4,1,0.2791666666666667,0.5796255945406334,0.0003386980584449039,-1
598,48,本科,17.066209325978235,128.61542283880428,30.02354831669471,0,5,1,0.2375,0.6385866323603155,0.0004277754371867675,1
1934,26,本科,16.337016696142438,116.56224446982434,28.36699412046216,0,8,1,0.25416666666666665,0.6187307609395023,-0.00010428505487462819,0
1747,36,高中及以下,18.07056961512244,99.05185570155145,39.21448596767619,1,9,0,-0.2125,0.6850541315691165,-0.00047093212422537177,-1
245,23,大专,17.13554800074583,76.70134153428086,23.750352811008295,0,1,0,-0.14166666666666666,0.6244104611462257,-0.0004665777896823207,1
140,64,大专,17.853493910473816,102.96089033093789,44.15520128072047,1,4,0,-0.15416666666666667,0.651023761957422,-3.978180605017746e-05,1
832,40,大专,19.848730904927585,121.08017621698636,31.821328371068525,0,5,0,-0.14166666666666666,0.6633985446243932,0.0006133983561345626,0
1679,43,大专,11.886585075738363,70.40379066876656,32.126814068665055,2,9,0,-0.15833333333333333,0.6721704472686307,0.0011045108598148911,0
1043,36,硕士及以上,29.56356289637401,260.1471069978935,98.12217277691664,2,7,1,0.3,0.5653894869614461,-0.0002482100550358038,0
1462,22,高中及以下,11.251488363324194,52.45901127735927,16.86278882893487,0,4,0,-0.14166666666666666,0.6441995238272865,-0.000473730332620593,1
1516,41,高中及以下,10.03367267050811,72.11596585566804,14.436604355004098,1,8,0,-0.15833333333333333,0.7085353309484513,-7.634127325585824e-05,0
334,40,硕士及以上,27.8053539975758,220.1976490371792,80.66393752411685,2,3,0,-0.19166666666666668,0.657061205804256,0.0006357941168052175,0
1860,53,大专,13.518932585359003,70.26357561917055,35.45199917435585,2,5,0,-0.15416666666666667,0.6180541517125286,0.00013090979049912703,1
1057,54,大专,15.417207178723183,60.645119274013766,25.39727988589905,0,5,0,-0.12916666666666668,0.6753143800149315,0.0005312019967288326,-1
993,39,高中及以下,13.950377747361156,68.20256251122746,23.53212153680588,2,7,0,-0.15833333333333333,0.6721704472686306,-0.0005985456714801512,1
1659,31,大专,15.2003575632104,102.9970004036361,25.111525628251734,0,6,0,-0.17916666666666667,0.6380403881883605,-0.00028794998378558464,1
1938,63,大专,14.90167670331957,106.7920731294276,32.74356958498936,3,6,0,-0.09166666666666666,0.6596034479197869,-0.0006137791709987028,-1
196,35,大专,15.84852962819565,96.31199531555006,26.428156467166357,1,8,0,-0.15,0.6019494133515787,0.0006210668583366652,0
247,38,大专,9.064724227315567,44.35266850128608,6.490954965424956,0,3,0,-0.18333333333333332,0.6594448449163511,0.0005449671676112266,0
1966,36,大专,11.771602219733952,48.727610370627005,33.39089378703932,1,8,0,-0.10416666666666667,0.6217663909454615,-0.0005068340208922384,0
1513,34,高中及以下,12.121240687275945,84.93506535570819,23.43451288473815,2,0,0,-0.1875,0.6155668884388272,-0.0004480859415370667,0
1517,22,大专,10.156785975192667,72.94699121988423,17.58199153260299,0,5,0,-0.09583333333333334,0.636398842511792,0.0014375115925317574,-1
10,43,本科,16.53298454468013,104.37724372128493,49.41624088390898,1,5,0,-0.11666666666666667,0.6556268626167314,0.0011203699821348593,1
277,55,高中及以下,10.206030333908098,56.72643449702094,20.210763109845,1,7,0,-0.15833333333333333,0.6783666493999619,-8.398071625683373e-05,-1
160,64,高中及以下,6.079288532647956,30.378892828136664,7.880406819556962,1,3,0,-0.10833333333333334,0.6820573520754859,0.000980037268207932,1
854,32,本科,18.21311261539353,113.8106106549078,30.93712811299043,1,3,0,-0.16666666666666666,0.6763591100489185,-0.00037967736790832824,-1
455,44,高中及以下,3.0,5.0,3.5,1,4,0,-0.14583333333333334,0.6529490017484063,0.0004142079703897831,0
582,24,大专,12.477610961267365,68.81623607379481,26.89536048464376,0,3,0,-0.15833333333333333,0.6270850853939761,0.0004514024914151932,0
665,51,本科,9.125284777106366,68.2095687146352,16.37255935488118,0,7,0,-0.15833333333333333,0.6467923212546904,0.00025347289563059505,0
404,42,高中及以下,12.439956854022936,75.58538488778646,18.993987035633047,1,1,0,-0.15833333333333333,0.6721704472686307,0.0002922545542346025,-1
771,64,本科,20.611801069172344,129.35859082696146,52.98352092633722,3,7,1,0.24166666666666667,0.6337222618469311,0.00015446998533021568,-1
487,43,大专,14.039970147744066,98.38415722810934,25.069871388609563,1,5,0,-0.14166666666666666,0.6942180012026938,0.0006338644273892166,0
1016,37,大专,13.79952543947782,130.91956634561433,41.72565344920139,1,1,0,-0.15833333333333333,0.6402906418160512,0.0008271638293369888,-1
1059,33,高中及以下,8.47538914530419,46.02220914674385,14.273049672477168,1,3,0,-0.17083333333333334,0.6337635256273597,1.9648146819485025e-05,0
1004,25,高中及以下,12.348636698675245,73.20480684863283,24.75989665260612,0,0,0,-0.2125,0.6209808006788258,-0.0008110435308707082,1
1737,24,本科,5.196313071706893,33.791414082521385,11.772349836991614,0,9,1,0.2375,0.6705474563469681,-0.0005033703602287092,0
49,55,大专,13.02188834596156,52.45823944802101,27.136602407065368,1,3,0,-0.1,0.6583865151620897,0.000680813252134763,1
1744,29,大专,17.994564637955108,102.00045674034706,28.69271880207316,0,4,1,0.25,0.5601852652299533,-6.63897481825715e-05,0
1520,58,高中及以下,12.0306862735272,65.12888004835492,20.10492424740013,2,8,0,-0.125,0.6729999036351244,-5.195797268612593e-05,0
221,40,大专,10.958801353313566,75.67498403956361,39.555166964411846,1,2,0,-0.10833333333333334,0.6633985446243931,-5.994683745481148e-05,0
1308,38,本科,13.757375123236796,95.8047349722274,34.680650910427474,1,4,0,-0.14583333333333334,0.6132969866739274,0.00013896777996403247,0
128,45,本科,18.9961902062462,145.0002700922301,48.863266718672016,1,8,0,-0.17083333333333334,0.6906301571369454,0.0007137174699539413,0
1831,62,大专,20.028365725959777,114.86274379224749,35.2688730426378,0,4,1,0.31666666666666665,0.5926090575738355,0.0011687585124926922,0
1394,29,本科,20.36004784189037,135.98925048182173,42.252026616203054,0,6,1,0.13333333333333333,0.6328964212695376,-3.9198948171162285e-05,1
1695,50,高中及以下,6.508736515685695,24.526623252739466,7.269284928185186,2,2,0,-0.12083333333333333,0.6643832932807058,-2.2517410889782117e-05,-1
1712,59,大专,9.823098555759817,59.23334276160744,41.463339933125205,1,6,0,-0.1875,0.6486629312103164,0.0007171806887039703,1
26,38,硕士及以上,37.75471741343346,326.23111922866497,122.43155781191837,1,5,1,0.2791666666666667,0.6605938539590147,-0.00025475144874758504,-1
199,63,本科,18.259160494964235,128.00993234988124,55.30152453751674,3,6,0,-0.09583333333333334,0.6621754224505989,0.0003527408565394575,0
1505,30,高中及以下,3.0116805952741075,26.812479390830028,10.83009403909401,1,1,0,-0.12083333333333333,0.6706514454076244,0.0002007296638053032,-1
1512,53,高中及以下,4.611318209763683,48.88024480827213,6.494798034232186,3,3,0,-0.18333333333333332,0.6401272537365442,0.0003994427657618285,0
1634,38,本科,18.894458558525905,117.0961530039577,54.82247312676125,2,7,0,-0.15416666666666667,0.6314486013308873,0.0005648249757052015,0
1762,20,高中及以下,11.805005518157202,42.71649776696071,16.96384343278894,0,8,0,-0.1,0.6122870221469174,0.0008211497276561189,-1
825,24,高中及以下,11.9851580114699,64.75266059307693,17.382598543229346,1,4,0,-0.175,0.6489450724930199,0.00022742408242237375,-1
1131,50,本科,18.90715698975181,156.99282146106043,44.09556633416237,1,5,0,-0.19166666666666668,0.6176732333135556,0.0001587409367458604,0
1853,27,大专,7.404849081657439,17.997324302856473,12.59812701199953,1,4,0,-0.1125,0.6066662451912034,-0.0005280900359198959,1
1488,24,高中及以下,13.826712680681426,78.74697578153899,17.84228897541714,0,0,0,-0.2,0.6284736108206197,0.0005873061861623316,1
1178,31,大专,16.792575908037815,97.54178729766323,46.15294522378122,1,2,0,-0.10416666666666667,0.6672112489812242,-0.0005099996557821671,0
430,23,硕士及以上,23.358379346054864,205.36657700556552,51.45881892445856,0,5,1,0.25416666666666665,0.5980996171394153,0.00023410727005876281,0
23,61,本科,20.656116142962908,145.79405237008666,46.154611581459335,2,0,0,-0.2,0.6481386286963369,0.0005891449052614474,1
1805,22,大专,18.0662883935982,99.48930042725314,22.911660314833718,0,6,0,-0.1625,0.6293468088881841,0.0007409230145468077,-1
302,20,本科,20.728968799249763,141.52252574879617,31.180773140013265,0,4,1,0.24583333333333332,0.622102768802057,0.001591215415140439,0
105,55,本科,13.82574423614249,72.00918216665339,20.79846749120605,0,5,0,-0.12916666666666668,0.6564639436743579,0.0001583279083824726,1
307,44,本科,23.568298533706493,177.71108777647152,54.299561699275785,2,0,0,-0.125,0.6667538297273342,0.00040174188948536953,-1
6,23,硕士及以上,24.24637690867444,203.91382995765957,54.53723550115312,0,0,1,0.24166666666666667,0.6659165933842548,-0.000515577059740316,0
1299,21,本科,13.1950182903784,90.86744742457724,24.746063765231103,0,5,1,0.17916666666666667,0.6314486013308871,0.0002093540914636454,0
871,29,大专,18.91458103230881,108.82388611276428,23.146759542098724,0,3,0,-0.11666666666666667,0.686795156628786,0.0008413456785607632,0
1710,35,硕士及以上,27.90508700159569,235.48704839452463,85.19410960363314,2,1,0,-0.15,0.6678511096064081,-0.00048763365734671077,1
184,42,高中及以下,9.233845198708927,43.171415062027776,13.310924244600898,1,8,0,-0.1625,0.6425058813204596,-0.000976588281759992,1
1425,56,本科,15.760667941117696,127.52745191507456,42.25259722446134,1,3,0,-0.175,0.6804195112554249,-0.00038694863148071935,0
1684,36,大专,8.986309939257065,53.431990483820826,18.82370289301652,0,2,0,-0.13333333333333333,0.677595222764689,0.00045172588073506397,-1
1797,28,大专,13.219682495890488,93.0902883534604,20.73261622279687,0,8,0,-0.15833333333333333,0.6596034479197868,0.0009595902749074629,-1
1072,54,大专,12.46236117641492,82.95280012491638,28.03542588087826,1,4,0,-0.15,0.629139014512365,0.00018175099975057928,0
131,44,本科,16.54967113031374,111.4184908213954,33.83440089822095,2,0,0,-0.1125,0.7084738149314447,0.0006122166098014915,1
602,53,本科,11.321397453477154,61.93099795794521,33.76337279432367,2,2,0,-0.15833333333333333,0.6532292918040733,-0.00011154085728978198,1
605,44,大专,18.315462268054542,118.36390748568336,29.08380949788668,0,0,0,-0.175,0.6680077167394334,0.00039561995758013573,0
477,20,硕士及以上,17.024081267388958,164.87497945334252,35.90182658796436,0,2,1,0.2,0.6150143720469202,0.001256678971997125,1
577,43,本科,20.55353974606757,149.91025844877032,51.30922783227536,1,9,1,0.2708333333333333,0.6317798241195857,-0.0006713408970135128,1
192,47,本科,20.78308332838777,167.70761721684633,64.88927405416261,1,6,1,0.25416666666666665,0.5910625611434843,0.00017407974146354925,1
0,24,高中及以下,15.281927930154415,84.45416113389618,10.690830854751905,0,9,0,-0.1875,0.6614378277661478,0.000674030020770389,1
900,20,本科,14.1261400221082,86.71353513295615,19.527652377620782,0,8,1,0.23333333333333334,0.5890682428209308,-0.0009191658495020304,1
687,46,本科,19.641369810405152,175.51447986433354,38.528601384644205,1,6,0,-0.08333333333333333,0.6732588991819971,0.0007010813577367621,0
292,62,本科,15.0401059613501,111.08816841619615,36.7092043491343,1,3,0,-0.0875,0.6505951572040835,0.00013437211077578032,1
