user_id,age,education,income10k,asset10k,debt10k,children,exp_years,risk_label
0,24,高中及以下,15.281927930154415,84.45416113389618,10.690830854751905,0,9,0
1,54,大专,10.223902902914897,55.55583579831506,12.075696988373668,0,9,0
2,49,高中及以下,3.0,5.0,3.5,2,5,0
3,39,高中及以下,3.0,18.851756722707854,13.196229705895497,2,5,0
4,39,本科,25.108134890411044,150.6910579603005,47.7485425628647,0,7,1
5,58,大专,11.99372530340088,82.45745095069823,23.433924137207182,3,6,0
6,23,硕士及以上,24.24637690867444,203.91382995765954,54.53723550115312,0,0,1
7,51,大专,22.213301467181168,138.83893043545132,51.6802287113073,1,5,1
8,29,本科,24.325799727441634,162.45629303171907,37.30945423620882,0,7,1
9,24,大专,14.122243609598934,80.76718096672306,20.01553876764425,0,8,0
10,43,本科,16.53298454468013,104.37724372128493,49.41624088390898,1,5,0
11,63,本科,17.339493935934374,118.9580160838286,39.073856659670525,1,8,0
12,53,大专,15.13581399193733,119.1555771418843,29.856382565793158,2,5,0
13,54,硕士及以上,36.00023640659804,344.778022065112,82.68651083304971,0,3,1
14,52,大专,16.112337121186133,101.99120705204865,37.18509970655676,3,4,0
15,55,高中及以下,13.630145165195707,67.77131184250425,22.431501953744586,1,6,0
16,43,本科,23.84635054535086,179.5874716778493,61.31224755963123,1,8,1
17,25,本科,12.151619994877905,102.01089587575868,25.58095275919571,0,2,1
18,57,高中及以下,13.774309462370216,56.424271578738136,35.63408936076239,1,2,0
19,40,大专,12.527156226691943,74.00135434566863,27.17906492608221,1,6,0
20,42,本科,5.419524021136169,10.607294704431979,7.425106293102385,1,7,0
21,36,本科,7.35915229007094,68.36059768441001,26.439895831028807,2,3,0
22,28,硕士及以上,22.90941194240657,237.16007134717196,70.44974186449852,1,6,1
23,61,本科,20.656116142962908,145.79405237008666,46.154611581459335,2,0,0
24,55,本科,18.568997826701484,98.10783291336513,35.696735846826066,0,2,0
25,48,大专,14.92183353587832,98.6643589639254,38.507345575089445,1,9,0
26,38,硕士及以上,37.75471741343346,326.23111922866497,122.43155781191835,1,5,1
27,57,大专,7.654551925700939,35.97706992923873,11.915295831899291,0,8,0
28,44,本科,17.86283322908138,134.43847845043473,38.39757203462874,2,2,0
29,39,大专,15.522177614069077,96.95137756710533,34.167388076891484,1,2,0
30,40,本科,14.318634417308322,92.90880929107924,42.749885567804455,1,9,0
31,30,本科,18.141633725414703,117.24735158887795,40.18128876073846,1,9,0
32,24,本科,10.000253329578275,71.88931413536042,17.326734057351345,0,8,1
33,44,硕士及以上,35.04953108637514,309.3037964896908,110.04582816017678,1,3,0
34,59,大专,10.591927237347832,46.91300642004188,20.025555613723462,1,8,0
35,22,本科,28.157000823892517,192.1105580450722,53.47085155091565,0,4,1
36,58,大专,13.837628380412724,88.1196596313041,24.63348418254865,0,8,0
37,57,大专,19.140267826995917,112.170054959681,33.17136840370057,0,8,0
38,32,大专,13.733485655044229,61.198284956542594,25.604289336122562,2,4,0
39,48,高中及以下,9.846280838697352,64.06737351411985,5.308717681540443,0,3,0
40,27,高中及以下,7.079853333889961,5.0,3.5,0,9,0
41,54,本科,18.595619646831388,123.4738602023932,44.982212990240946,1,4,0
42,51,本科,19.589993472070237,127.82697748618293,59.24399521957339,1,4,0
43,35,本科,14.078707455424102,100.77363535603993,45.393646028683314,2,6,0
44,23,高中及以下,9.374777920700579,55.298816720543925,22.843768612943492,0,9,0
45,63,大专,10.949505669714432,82.59850614220211,19.60734808159247,3,1,0
46,40,高中及以下,21.498320348074195,96.80552864008858,43.15619608634959,2,9,0
47,60,本科,17.55134615044191,131.6581581130956,36.91250969532717,0,4,1
48,50,本科,25.7261607584828,183.0204011276015,51.51379937470761,0,0,1
49,55,大专,13.021888345961559,52.458239448021004,27.136602407065368,1,3,0
50,54,本科,19.29643820767454,163.58317128523342,55.69822413543508,1,4,0
51,28,高中及以下,3.3931796417736537,5.0,3.5,0,6,0
52,36,大专,11.764637040660677,76.8802813286098,26.7580248549439,1,5,0
53,41,高中及以下,11.052673353946235,61.112765932697386,13.034595279763472,1,1,0
54,42,大专,21.930019154799332,135.71466666373215,51.90846737151945,1,4,1
55,21,本科,19.109913888381357,126.35074398624539,34.14683169508536,0,2,1
56,44,硕士及以上,34.918601805965,326.6762060207925,113.8888270805608,1,2,0
57,26,大专,17.203645551014603,79.81636119694119,39.36766162227551,1,7,0
58,53,本科,26.13700669732343,181.97161505115514,49.38883030685381,0,8,1
59,50,本科,17.704788913474722,115.47540224603618,45.007167811594506,1,1,0
60,61,硕士及以上,39.95111355325902,349.4005528483257,131.57680647596484,3,6,1
61,53,本科,15.573018985429385,115.44234970980888,38.794600823346755,1,4,0
62,36,大专,10.167690829011654,77.16832311486517,15.296286543140955,1,3,0
63,63,本科,11.94973575155483,78.49931383333082,33.376352877092266,1,7,0
64,38,大专,25.65512335779035,165.64095649562876,37.51627221506217,0,2,0
65,34,硕士及以上,32.09723786308949,289.62125074947437,95.92936575916023,2,7,1
66,60,大专,12.329396333098458,60.58539486002062,22.260043188765586,1,4,0
67,36,本科,24.245113484367476,165.8465129919564,63.362926849343516,1,0,0
68,23,高中及以下,13.43846092558891,62.70001626607033,17.995289757210497,0,7,0
69,41,大专,23.83063735687795,132.53392545368598,42.240599783904806,1,8,1
70,55,本科,10.260835836300444,78.25309478394061,17.115570761073975,0,5,0
71,28,本科,16.673199458428726,120.23208902457247,36.774941120259115,0,7,1
72,40,大专,11.687393080285872,46.26461300767396,23.689534283567742,1,1,0
73,25,硕士及以上,18.13158661795699,138.41138963302257,40.78460852107334,0,3,1
74,50,本科,23.30163602389847,169.4817189653756,64.75063722769636,1,3,0
75,41,大专,12.648017220983208,63.658806893981236,32.0560445216054,2,7,0
76,34,本科,21.69815602493281,156.41770950103452,60.54754408196189,1,3,0
77,30,大专,25.79885967164806,166.5071317015262,43.41070042079018,1,7,1
78,45,本科,16.23378154086196,94.57217822495032,50.144927029112864,1,3,0
79,50,大专,11.894235086714225,50.19235170164258,29.587204069645225,2,6,0
80,62,大专,14.59332084861998,112.6764003276493,44.70455435405711,1,2,0
81,39,硕士及以上,32.93623676491705,301.69969262869034,101.31964631003856,2,5,1
82,27,硕士及以上,25.16643487344925,220.2093040109442,48.93971500632148,0,0,1
83,57,本科,14.845192014339347,89.90723731068147,37.96555788026292,3,7,0
84,48,硕士及以上,33.28594635120683,291.91690442725223,104.97173694332002,2,0,0
85,51,本科,19.893196619190178,121.39379129263159,54.09543728010502,1,9,0
86,24,本科,7.7763586849758966,67.68569340619013,19.799787083562066,0,8,1
87,34,本科,11.87304100265446,71.4600197144864,29.899149037384667,1,5,0
88,54,大专,21.506179319136052,145.4400947380603,46.54017785941841,1,9,1
89,57,大专,16.009641415394064,90.04841469581422,28.54921819051902,0,8,0
90,39,大专,10.189020344813756,45.483869314622815,15.224569630135798,0,1,0
91,56,本科,17.14795171382509,113.6411381765686,42.113106124339176,3,7,0
92,57,大专,14.066183364008351,45.03459852152885,27.97289174306996,0,3,0
93,37,大专,17.67866680140082,104.2604721582948,45.545529583627676,1,8,0
94,60,本科,11.208683025706053,75.90899331298999,34.05801634999444,1,8,0
95,32,大专,9.79525430664771,71.14266703810577,20.90431599713029,1,9,0
96,30,大专,15.364778774316944,63.89409872615097,23.4108639402177,1,4,0
97,50,本科,17.50082709752275,139.93378509561245,43.97358280220639,1,1,0
98,48,本科,20.85929591318355,158.3240608172497,49.50560099479873,1,1,0
99,26,高中及以下,3.8524630132020112,38.042968521489996,6.57474305470083,1,1,0
100,57,高中及以下,11.785643381356605,58.13739626672097,18.742626876455592,1,9,0
101,28,大专,19.45791809688736,131.9559610928655,43.09287889776193,1,5,1
102,56,本科,20.434092735746418,120.96998862662136,47.012728793674285,1,3,0
103,20,本科,18.69555869880796,141.56462436972373,28.276674202696874,0,4,1
104,55,高中及以下,9.520581987170146,36.035468504351556,19.20425764521341,0,1,0
105,55,本科,13.82574423614249,72.00918216665339,20.79846749120605,0,5,0
106,55,高中及以下,9.640007037801057,31.337927416539873,18.07667132215875,2,4,0
107,49,大专,20.298529264402028,121.87414266585122,49.835309199986675,1,7,1
108,41,硕士及以上,27.404857466999374,234.27922907973033,92.13004023821087,1,0,0
109,51,高中及以下,5.550980053257949,33.396003241726746,14.38232862443541,2,9,0
110,32,高中及以下,7.538764556173069,10.570259455805086,7.39918161906356,1,0,0
111,55,大专,15.004251486379651,58.11904576403998,36.92945484244707,2,4,0
112,45,本科,16.132430014095764,133.512821610824,48.08379934904546,1,3,0
113,40,硕士及以上,30.426516415315703,287.3956496788628,99.33783291691054,2,7,1
114,42,硕士及以上,30.614218803745153,259.78851669499926,88.62641734389486,1,6,1
115,45,高中及以下,14.44491590202324,72.1795848580581,17.21909333453147,0,1,0
116,21,高中及以下,17.117797361325167,100.88159270964569,27.018821730432535,0,4,1
117,26,本科,22.979293621861803,167.1430644773917,39.49111000000662,0,5,1
118,31,大专,9.328804679260202,58.196174518313384,28.810477085250866,2,4,0
119,25,本科,13.482327767118639,110.80360558951944,24.69381886717292,0,0,1
120,39,本科,17.62114261770088,112.38731119588785,45.44826324502293,1,1,0
121,50,高中及以下,7.7441232138029275,39.18829279898407,16.271890413487704,0,5,0
122,49,本科,12.308366365195287,85.89083498198114,30.5336265765275,2,2,0
123,41,高中及以下,7.791541029135029,34.86627443060951,15.49052460826911,1,5,0
124,58,大专,11.627435331904806,63.91752932011755,30.30852385682423,2,1,0
125,45,本科,14.64076130119397,103.57835267578515,19.797259134546383,0,7,1
126,23,本科,16.421052569224972,115.46348042435773,40.52929850243206,1,1,0
127,54,本科,23.892254251591655,151.5193651231237,65.19047608971229,1,6,1
128,45,本科,18.996190206246197,145.0002700922301,48.863266718672016,1,8,0
129,48,硕士及以上,40.35904538027735,348.58563030600226,136.28381905037355,1,3,0
130,45,硕士及以上,28.852540930098247,256.3993667026766,58.33696464364088,0,1,1
131,44,本科,16.54967113031374,111.41849082139541,33.83440089822095,2,0,0
132,24,高中及以下,10.02066441327433,55.47487625625989,22.63717835800296,1,3,0
133,45,本科,19.2824598922177,103.19066014226392,53.59572109928011,1,1,0
134,55,硕士及以上,30.176269785855318,284.95007529663974,95.44693193164858,3,8,1
135,33,大专,24.383556629295118,136.14648456158824,41.50333373968672,0,9,1
136,47,大专,9.773397675112157,76.93983547232875,19.55893912183873,0,9,0
137,21,大专,18.29523029088868,102.59890787758975,25.568957041980926,0,9,1
138,35,高中及以下,11.03875298807062,54.46111115434294,17.163419977385914,1,5,0
139,39,本科,10.144511287146912,99.71836961105474,19.766699333650706,0,3,0
140,64,大专,17.853493910473816,102.96089033093787,44.15520128072047,1,4,0
141,29,本科,24.338117804019525,188.94957289823856,39.31742389466629,0,2,1
142,32,本科,13.714117981112851,96.58450215125836,34.04983328206824,2,8,0
143,38,本科,17.955330660540145,131.91859707818335,44.654686679157884,2,4,0
144,64,大专,5.373228689961483,33.28875098093951,14.018363216928313,1,3,0
145,58,大专,7.7059677015783175,58.95358060397177,12.440175826512704,0,6,0
146,21,本科,23.240147888086263,152.39806102380808,40.38105641338573,0,3,1
147,30,本科,15.667917469962827,94.91469444445201,46.27435803954206,1,3,0
148,56,大专,8.455985125309804,41.1572678962035,16.075999570083667,2,2,0
149,22,本科,19.14730182229215,135.5267684009064,34.05776306524467,0,0,1
150,58,高中及以下,7.387937842844884,33.62740743096948,5.894895275736038,1,0,0
151,32,本科,15.645891711122319,120.17536512492389,25.454999739902426,0,4,1
152,61,高中及以下,13.696630128374515,88.05412613919538,28.26156187239747,2,9,0
153,33,高中及以下,4.191333205328267,6.319090968116205,4.423363677681343,2,2,0
154,39,本科,13.47317393659084,83.30298568192688,37.42154435831841,1,6,0
155,49,高中及以下,10.770399960744344,32.30840852902891,22.615885970320235,2,3,0
156,25,高中及以下,14.847048953741027,104.69083963009169,38.27678696974019,1,3,0
157,45,高中及以下,16.190801507449248,85.52405002407365,18.523057935508163,0,1,0
158,42,大专,10.674691398191886,71.24518318992499,15.600696186812048,2,5,0
159,55,本科,22.68688483459824,138.70506806672196,52.71222577204089,1,6,1
160,64,高中及以下,6.079288532647956,30.378892828136664,7.880406819556962,1,3,0
161,49,本科,27.131046734534,197.55604690793427,45.45645700947601,0,5,1
162,38,本科,12.331144872901358,82.52664875229313,31.974379388487243,2,4,0
163,38,高中及以下,16.642394053958654,99.34755464218918,37.467763378957585,2,2,0
164,38,高中及以下,6.717569465906381,68.26531421417434,20.293738113424038,1,6,0
165,56,本科,28.066232273973,182.2576835114017,74.23076596923403,1,5,1
166,34,本科,20.956603644262422,131.3649168201865,64.25048338836056,1,0,0
167,27,本科,12.91991735295889,77.27308048778359,22.184581406906645,0,4,1
168,35,本科,15.388807602287466,131.81464061625962,31.155808213832348,2,3,0
169,21,高中及以下,13.905906026118709,85.16485988603881,24.38651112535407,0,7,0
170,24,大专,19.263222088077807,113.5464152615621,22.013447823940737,0,3,0
171,24,本科,17.646422041377686,124.07334925565692,28.95909777325659,0,9,1
172,54,大专,14.223291404817331,73.09159403595316,34.176268080808455,1,6,0
173,52,本科,21.791765163220326,165.89276350869002,55.16605259178403,1,1,0
174,51,本科,18.6589921350541,124.91441758375039,33.65766659616783,0,4,1
175,40,本科,11.53247570330812,76.82618183133185,15.488792265536535,0,8,0
176,52,大专,9.935129876799097,68.74262583373344,22.00197637932731,1,2,0
177,27,大专,15.175599715758326,88.23367422330163,38.708143812672446,1,7,0
178,60,大专,20.07741208248847,116.93998259246312,44.6716944058045,1,7,1
179,42,大专,22.07991212081024,132.63810080779757,44.86627550999343,1,6,1
180,62,本科,21.897647103857253,165.2138609338969,49.71079604736864,2,0,0
181,26,高中及以下,11.436453805181818,81.87966515816659,17.395377969938018,1,3,0
182,42,高中及以下,13.744069429912384,77.50264063325315,27.73179894315751,1,3,0
183,51,高中及以下,6.666245748965721,45.38094209919261,10.884099216626415,0,3,0
184,42,高中及以下,9.233845198708929,43.171415062027776,13.310924244600898,1,8,0
185,40,本科,13.879346393302617,86.53845680558757,24.4079329249779,1,0,0
186,27,大专,7.756286946461442,56.34751516229537,14.66524867162836,0,5,0
187,37,硕士及以上,29.667745058181026,269.5783178926378,90.29990846601213,1,9,1
188,30,高中及以下,10.927566532923718,33.29840293337236,18.47071637784653,0,8,0
189,33,本科,21.438262422545066,145.1467926064315,50.99421227896391,1,6,1
190,50,大专,16.730559154462235,99.1398995745501,32.202339054557115,2,9,0
191,48,大专,15.21322135661931,83.62246013428867,34.53921094799279,1,4,0
192,47,本科,20.78308332838777,167.70761721684633,64.88927405416261,1,6,1
193,36,硕士及以上,27.786584518862618,257.2768462232968,92.52328749334893,1,5,1
194,63,本科,20.064456976112,161.04882260111373,51.945784069995426,2,0,0
195,23,高中及以下,6.369277986568202,35.7977688576234,10.552014913436118,0,0,0
196,35,大专,15.84852962819565,96.31199531555006,26.428156467166353,1,8,0
197,25,本科,21.342088426430045,135.34565172085658,33.977872177264956,0,1,1
198,35,大专,10.651592859638985,64.08850015578241,11.09189182316285,1,3,0
199,63,本科,18.259160494964235,128.00993234988124,55.30152453751674,3,6,0
200,36,本科,14.881987451853202,83.66720390245891,45.660408085263676,2,5,0
201,60,本科,15.367466517419425,99.47935357538005,41.22796958308118,1,5,0
202,42,本科,12.375353224489228,81.77823359367916,23.63185574684854,0,9,0
203,51,本科,24.32887462583278,176.50431554166528,54.40232465651485,1,7,1
204,40,高中及以下,15.328425873600239,83.56238104778679,27.644298711746995,1,9,0
205,31,高中及以下,12.687169271136685,54.716069126205355,32.750401775400746,1,6,0
206,54,本科,27.860979759719072,202.05990235616179,71.84188327706082,3,9,1
207,63,大专,13.053771517158042,75.5914451627205,26.15614043703137,2,6,0
208,31,大专,29.158812075553172,131.90857208049468,55.942209507709975,1,5,1
209,55,大专,12.862352923183899,69.90358705983026,35.455952128122284,1,8,0
210,31,本科,19.275966758780083,151.11659691359625,35.406499332398774,0,8,1
211,52,本科,16.01111043029896,86.85068666267753,32.124717882599704,1,0,0
212,55,本科,19.861627800301527,140.7217626083438,32.22199115920162,0,9,1
213,40,大专,18.178074639431223,132.84736604936666,33.96763561274666,2,6,0
214,53,大专,13.430418034734581,69.17331391325028,29.15681040855091,2,8,0
215,32,本科,26.883599235588104,188.21743085553203,69.72429089499171,1,7,1
216,23,大专,15.195746423167304,71.614234680585,22.10102388413841,0,9,0
217,24,本科,19.352426930550997,159.87545563881056,39.783984938606515,0,2,1
218,40,本科,13.455011527431413,92.93509128707068,34.77156565494948,2,1,0
219,60,高中及以下,12.092495372751923,61.161879505669894,27.98499075027051,1,1,0
220,25,高中及以下,9.329863895953173,66.9638264623502,11.042592466532017,0,2,0
221,40,大专,10.958801353313566,75.67498403956361,39.555166964411846,1,2,0
222,51,本科,14.117627959258181,85.68896472735616,23.365756247054136,0,4,0
223,29,本科,31.358816898783424,209.80254943017422,53.65395538846389,0,1,1
224,52,高中及以下,8.682613749104823,50.8370383133736,6.807091154540343,0,1,0
225,33,本科,10.71507289609366,65.64369444671152,26.32230761674778,1,5,0
226,56,大专,10.508892701337137,31.294706526214917,14.732061342639524,2,7,0
227,46,大专,13.742160802618931,81.65435283612742,23.735114719381723,0,1,0
228,44,硕士及以上,30.733335163082426,254.39682655086972,88.66648699822433,1,5,1
229,27,高中及以下,12.773982608626568,88.11413934658873,18.372580707147684,0,6,0
230,40,大专,17.383072758882626,106.95025111974304,21.404319148908094,0,7,0
231,58,本科,14.775698466813353,89.85226341653984,35.84544254580766,1,1,0
232,20,高中及以下,11.702202217507727,48.03152486760183,19.11323004473492,0,7,0
233,54,本科,13.619702679447109,66.99695493802096,46.31852876536914,1,0,0
234,42,大专,10.90178508492994,48.918782207872084,18.811960284638683,2,2,0
235,52,高中及以下,5.411455127498702,42.302123675604,9.394891116928108,1,3,0
236,49,大专,8.058055727008654,81.8251265444378,14.270090340081499,1,8,0
237,39,大专,19.321047444290045,126.82223236372465,26.950745246945896,0,1,0
238,33,高中及以下,13.443058504894438,65.83465444515676,14.909338794382128,0,7,0
239,48,高中及以下,14.88332684989065,67.9372436146445,24.584906796784338,0,9,0
240,26,本科,18.19656533012148,113.02852010720494,44.05194509730849,1,9,1
241,46,大专,17.884038494325733,138.2007194560505,50.949128948757405,2,3,0
242,24,大专,5.1935529767872755,28.33008733275803,13.609583887941422,1,0,0
243,49,高中及以下,14.315437590226775,103.31163540207145,14.633673380691441,0,2,0
244,48,大专,14.88559915002515,110.21638754430182,31.21250420233045,1,7,0
245,23,大专,17.13554800074583,76.70134153428086,23.750352811008298,0,1,0
246,54,本科,19.900116495243065,129.3115295303121,54.84514091007961,1,6,0
247,38,大专,9.064724227315567,44.352668501286075,6.490954965424956,0,3,0
248,55,本科,10.509801123044767,72.37091239972727,20.14778496720033,2,7,0
249,21,硕士及以上,24.439729169085183,219.05284872506036,53.131447849304784,0,6,1
250,28,高中及以下,12.82458640636456,109.06651846279493,21.048540274442896,0,5,1
251,42,高中及以下,13.450457075876976,51.0938672622635,31.384908391383195,2,7,0
252,28,高中及以下,3.160288613090686,19.23599210041928,11.24810779686391,0,9,0
253,34,本科,13.094503162658928,100.90913827562954,36.10546318033121,1,3,0
254,49,高中及以下,6.383821570295804,31.895527784441075,11.55521776251453,1,5,0
255,26,本科,16.213474698665923,115.14703155738184,45.398556916661406,1,6,1
256,50,本科,11.189745845736738,62.65608750555836,15.034475456683099,0,8,0
257,24,本科,10.889741169299338,77.82548110413559,10.97718375896914,0,4,1
258,27,本科,13.89082351796223,104.90674956835119,27.950665514252385,0,3,1
259,46,硕士及以上,28.431269181125028,260.7954313941922,60.22137068493769,0,8,1
260,55,高中及以下,4.097028301232547,29.03815506484411,7.355394403983623,1,9,0
261,27,大专,13.42098245014117,101.7150132103905,22.34012664859277,0,5,1
262,33,大专,19.292764080709077,129.81108261296959,44.07053405506563,1,1,0
263,61,硕士及以上,21.49110131293245,194.4893310188536,73.35302638744444,1,2,0
264,64,本科,16.9677712079473,101.19802317738194,47.51303137776402,1,4,0
265,46,本科,23.123783668753862,152.86640656061024,60.05626760950457,1,7,1
266,40,高中及以下,7.908658048180953,36.248822962143535,12.61865743799226,2,6,0
267,35,硕士及以上,25.131651545707903,229.97005138149285,80.83443713191836,2,8,1
268,47,大专,19.817479071532368,111.72988300670329,41.01375145542725,1,0,0
269,46,大专,12.46898960514226,60.77793964308829,26.699012313384962,1,4,0
270,33,硕士及以上,33.52247512602784,283.87929579744554,120.19517514556104,1,7,1
271,21,大专,16.144826955635995,72.10129534798301,27.06556817254802,0,9,0
272,26,大专,12.285776735450817,70.19039985608637,22.154183396618066,0,1,0
273,63,本科,20.39845265298765,120.74418693985896,48.59064328323164,1,8,1
274,38,高中及以下,11.602247569230189,43.00335258379006,21.053457489840845,0,0,0
275,41,大专,19.10441410501237,108.71795653740969,46.213161426444586,1,1,0
276,41,高中及以下,7.258272310674908,16.252601912503035,11.376821338752125,2,8,0
277,55,高中及以下,10.206030333908098,56.72643449702094,20.210763109844997,1,7,0
278,22,本科,17.692421601976815,134.950297167923,37.99039255050084,0,9,1
279,23,本科,21.520740708198925,142.4037796607615,46.279399996882674,0,6,1
280,32,大专,8.874104027779122,46.6892145525247,21.11600553841613,1,6,0
281,41,大专,19.08488524118928,122.57075799922184,41.795383440438584,1,5,0
282,50,大专,16.331643860852083,87.27993670659231,40.729104321665424,1,5,0
283,42,本科,11.415374631835268,68.16661374888746,24.645655651540398,2,5,0
284,39,硕士及以上,34.0413141274025,324.3193043194169,74.53501451931211,0,2,1
285,62,硕士及以上,39.17046540398866,365.79700471658975,124.88313525131927,1,8,1
286,27,大专,19.00916984774704,123.07826912164103,22.088069811159478,0,3,0
287,45,大专,21.134923836132344,140.69421233770547,51.057507284030926,2,6,1
288,44,大专,14.42685690801294,56.9019605675672,27.213052898459612,2,6,0
289,41,本科,9.69247540130745,88.15486101104875,22.40681954283175,2,5,0
290,56,大专,4.779397744162376,34.55731821373038,9.543865013641618,1,6,0
291,32,本科,19.27541021933879,150.08959229545755,35.95232006472621,0,0,0
292,62,本科,15.0401059613501,111.08816841619615,36.7092043491343,1,3,0
293,34,大专,9.427118608363244,57.29658402038181,20.591348074414658,2,4,0
294,44,大专,13.686266580156623,77.98796129550891,30.085373645995627,2,3,0
295,43,大专,17.07792643930644,107.97472428913174,35.67784190712467,2,9,0
296,58,高中及以下,3.0,10.323781366431717,0.2590277118061728,0,8,0
297,39,高中及以下,7.755611898598076,51.79620099396706,19.9491419316494,2,7,0
298,32,本科,25.549353415601576,155.048624240928,54.756569465528514,2,3,0
299,20,大专,8.623558098893128,43.6177106664446,12.941588325159454,0,0,0
300,36,大专,18.34880593582478,140.7651843420984,38.38985181810994,1,7,0
301,57,本科,15.57634619225503,99.64321639219932,41.89152195484404,1,8,0
302,20,本科,20.728968799249763,141.52252574879617,31.180773140013265,0,4,1
303,60,大专,19.486637536014335,103.68111121583487,29.069426102125203,0,8,0
304,44,本科,21.706408834925107,156.98254693776312,39.7535897188373,0,9,1
305,26,硕士及以上,32.54579801106938,281.8682087474915,109.33419269721898,1,5,1
306,33,本科,12.24203233296022,82.91006230861578,32.93931744469048,2,2,0
307,44,本科,23.568298533706493,177.71108777647152,54.299561699275785,2,0,0
308,34,高中及以下,5.736534426825901,18.201220851907266,8.318618456695265,1,7,0
309,24,硕士及以上,29.297708827857694,275.5085462396976,71.66849852323686,0,5,1
310,49,大专,15.291230934986135,104.08082534332216,27.94265834605389,1,1,0
311,50,硕士及以上,30.425612794347906,289.6548565699205,96.8166115360797,2,0,0
312,25,本科,19.684783380300953,139.90159858587728,36.46967090782689,0,9,1
313,32,高中及以下,5.780950107376384,77.52363669153371,8.910366151726897,2,3,0
314,30,高中及以下,3.250662938521419,32.07132014073832,19.573751923722234,1,3,0
315,49,本科,22.361743399808844,161.4053681647643,55.07059708927385,1,6,1
316,52,本科,18.92917288759458,119.36534400193602,50.61286252464314,2,3,0
317,52,高中及以下,15.746884204789088,77.27853413583333,17.820460180488574,0,9,0
318,62,本科,17.77633532906066,145.82925195692513,48.057276725747016,3,6,0
319,54,本科,10.974178196615199,102.46226661070042,32.39296327661151,1,3,0
320,34,大专,18.830648405020533,135.15882693672663,27.565830232402774,0,2,0
321,24,大专,12.148146951694464,84.66676631111108,19.406488985652366,0,8,0
322,47,高中及以下,11.710017287105106,39.71518334109195,17.479883563867705,2,5,0
323,61,本科,14.762702857602404,110.64634727060188,31.996686740924687,1,9,0
324,63,大专,22.221508551168455,114.70801563621576,54.515726146095,2,3,0
325,30,本科,13.617175879084016,73.00816325287673,32.021879641641426,2,0,0
326,30,大专,12.312851229469127,77.46448764547334,15.266468086881112,1,8,0
327,21,本科,18.537243513486583,137.60869630345235,43.21336749998573,0,2,1
328,26,大专,8.53908836456521,64.78518666460333,14.946299554021735,1,8,0
329,44,高中及以下,11.652597642937977,65.7200318204813,14.790456540299562,0,7,0
330,44,本科,26.05955238733745,190.3906564975034,74.78668887711876,2,2,0
331,36,大专,11.547689196531447,54.51634640430303,24.927159545361608,1,7,0
332,33,本科,19.975714095158626,138.2553483958404,50.22126650212098,1,0,0
333,57,硕士及以上,14.252823069807222,105.6686558437477,39.39690448528142,1,3,0
334,40,硕士及以上,27.805353997575796,220.19764903717922,80.66393752411685,2,3,0
335,56,本科,16.434788570368973,126.15316064022893,29.654601475053806,0,6,1
336,63,高中及以下,5.907511987948075,18.240694032875993,12.768485823013194,1,5,0
337,34,本科,23.40725234814266,176.93824396914442,61.33315679055836,1,6,1
338,29,本科,16.36878159188086,131.2066848113666,27.95778445059292,0,4,1
339,62,大专,13.112612564532062,69.38591551784441,29.21128888999589,2,7,0
340,48,高中及以下,8.114035626054644,49.42484454860271,6.027766822212621,2,1,0
341,33,本科,8.415920641174617,48.9940935590177,17.91236789285631,0,7,0
342,47,大专,8.340067799615195,22.35222367828881,14.317939059226845,0,0,0
343,43,本科,22.80546743060108,161.48791308084444,68.13627375610005,2,0,0
344,60,硕士及以上,17.45024676560014,149.98911269466484,40.085714559197555,0,7,1
345,31,本科,14.168423251921471,92.57762760464333,21.569078371583934,0,1,0
346,64,大专,12.00139971855118,101.63854507898995,26.389491704739523,3,7,0
347,62,大专,22.71810933645783,113.4208012777569,48.795203726857196,2,1,0
348,28,大专,17.843018827481846,112.80117999546314,31.07922984437258,0,1,0
349,27,高中及以下,7.214147364734503,21.14862826650124,10.05391293513587,0,9,0
350,43,本科,24.522568485577757,185.28190053805417,56.35542897538796,2,1,0
351,22,本科,14.297420897494401,104.55841482508679,18.34299932388202,0,9,1
352,33,大专,19.04549901867003,119.96315934972938,43.59554883461254,1,3,0
353,39,大专,7.205613770384922,29.060338358275633,20.342236850792943,2,7,0
354,63,本科,23.366289158945786,152.08020541329566,60.097608221365086,1,9,1
355,64,高中及以下,7.969331772645072,53.755416473413646,19.008983843310546,1,1,0
356,26,本科,12.857478795293652,116.56431739296902,28.91466893628773,0,3,1
357,60,大专,12.91428193461843,84.69030886607338,30.003665123826256,1,5,0
358,24,本科,19.386720898601073,122.245735478636,31.88990982759795,0,8,1
359,53,高中及以下,7.526257847371439,42.715367073788215,15.088273889049269,1,1,0
360,58,本科,20.76976752997662,181.80045337490048,59.102120477092676,1,1,0
361,60,大专,11.085030581679662,68.04652565086165,27.258220639328425,2,3,0
362,30,本科,21.101861969656788,169.6406466785015,57.65648404661638,1,2,0
363,60,高中及以下,12.211110310182997,49.95061106333431,14.47754546804249,0,2,0
364,25,大专,13.695384726460325,81.54101758421615,21.17475445813832,0,1,0
365,43,本科,15.793088438170251,119.8450971590749,39.75770440502316,1,8,0
366,41,大专,14.757703978826331,94.50614849690096,32.505412820310475,2,7,0
367,34,高中及以下,12.751268715168496,52.26051337417507,29.74842042100272,1,1,0
368,20,高中及以下,20.308995763658043,89.40221696133122,16.18900053333897,0,5,1
369,54,大专,18.697102108990904,127.0068787004853,41.660258204868995,2,6,0
370,35,高中及以下,14.879949749079206,92.27301093514819,20.062449026509633,0,6,0
371,49,硕士及以上,43.442560974301415,413.6652021405415,92.843171728801,0,9,1
372,38,大专,16.57979238383922,126.53771155182834,40.16597517506039,2,6,0
373,36,本科,20.423217556558512,144.98181444074854,48.55881989728238,1,6,1
374,59,硕士及以上,31.52007537160827,279.01268968100055,98.92147756552265,2,0,0
375,24,高中及以下,4.955170112058735,45.04071464197071,18.534853498880345,1,0,0
376,53,本科,15.780491817906219,121.15948195311732,45.36902484244567,3,6,0
377,53,本科,15.46915366653833,93.54724678575444,31.567714747154184,0,9,0
378,37,本科,21.238069886097808,133.161954219901,56.16715323220193,2,3,0
379,31,大专,13.129127188894007,86.15371615370869,28.32326224711798,2,6,0
380,20,大专,14.691117127371514,85.4875828419691,33.79649607319236,0,2,0
381,62,高中及以下,15.437273100742322,76.78991618260115,32.95572522109305,3,4,0
382,62,本科,22.315753693520694,172.2982763252978,53.26900111711912,1,7,1
383,30,硕士及以上,27.191394984793764,256.1081120379194,79.87599558532781,2,6,1
384,21,硕士及以上,24.650024515608887,241.79831936675646,59.40599627326875,0,1,1
385,25,高中及以下,15.676373658265943,49.40882669572921,21.275668130723446,0,8,0
386,23,本科,21.86945590454933,156.88716009016332,33.42314986820817,0,9,1
387,57,大专,5.968715908523089,46.232623287096644,15.393480145479169,3,4,0
388,60,硕士及以上,26.434230305458595,215.0092848988121,83.11223002438261,1,3,0
389,26,高中及以下,10.827577310083813,44.31445193076948,17.54124342900259,0,5,0
390,53,硕士及以上,31.89414858560516,274.4400598355126,75.40577207686836,0,8,1
391,28,本科,22.550507474698854,158.1790248887907,38.78987125784718,0,4,1
392,36,高中及以下,11.419530005877368,81.51545955979779,18.866077580202404,0,0,0
393,46,高中及以下,12.92623765679428,94.97002935394491,21.74717019331478,1,0,0
394,52,本科,18.32068401189077,116.03047478713616,44.64493828447606,1,8,0
395,59,高中及以下,6.630741559097197,41.0520665528896,6.455912610651755,0,7,0
396,22,本科,16.69367804479373,125.23771409569085,36.62164491212373,0,7,1
397,28,硕士及以上,28.09495593320054,258.66898997152606,63.075061926423444,0,1,1
398,32,本科,17.82660374990705,130.77092077043787,52.40918848383378,2,1,0
399,33,大专,4.572135477782647,31.9889504034658,19.067565111611778,2,3,0
400,64,大专,12.012583325352844,97.38905176421336,15.766789302799365,0,2,0
401,54,高中及以下,10.281028265445759,67.94213904274966,4.67195142422613,1,3,0
402,34,硕士及以上,26.593150040471496,223.43604190026946,90.1876620956628,1,5,1
403,63,大专,12.765881022442072,88.53110234786067,26.630396383020692,3,2,0
404,42,高中及以下,12.439956854022936,75.58538488778646,18.993987035633047,1,1,0
405,42,大专,8.605214064756831,56.35579369581782,16.159984692995327,1,4,0
406,39,硕士及以上,19.859788930243944,195.70946592973644,61.37795652529927,2,7,0
407,26,高中及以下,8.259151045816626,44.11686574356869,17.842298141466557,0,6,0
408,62,本科,21.82057202750895,155.7510200087064,56.551117726872945,1,3,0
409,20,本科,26.437765197433194,186.882964552188,55.46004759177926,0,3,1
410,27,本科,21.9106411954737,123.10082708132086,43.11534001399619,0,5,1
411,30,硕士及以上,20.658681200655764,184.72215489731377,64.45833281634276,1,1,0
412,32,本科,16.838163803116146,107.84338800499447,41.069722500915475,2,8,0
413,25,硕士及以上,29.28317190540765,245.7518274757805,70.01292327665857,0,8,1
414,20,高中及以下,10.887955584617961,75.95005219418265,19.073067075513237,0,0,0
415,50,本科,20.69652276471437,152.43877213101746,57.863579092349575,2,9,1
416,63,本科,13.414755267696197,93.45582065970517,32.967007152085074,2,0,0
417,25,本科,18.324715437753714,119.80095779773958,34.8683764190555,0,4,1
418,33,本科,20.101614148880646,145.1538428115956,54.27982619666669,2,6,1
419,42,硕士及以上,32.1283547665183,304.0267342984274,100.73026834934167,1,3,0
420,61,本科,13.97140916693604,85.39537651534816,30.02225025250775,1,2,0
421,51,大专,12.27421566378551,73.57286839856391,15.85287404182191,0,0,0
422,54,大专,3.0,31.020997482767587,3.6548227872600734,0,7,0
423,46,大专,10.89269016211113,36.31612403640483,25.421286825483378,2,0,0
424,38,大专,11.377925535144785,67.40400677478765,31.553882165881934,2,4,0
425,28,大专,8.902077459162784,46.97309419676363,7.64112944017061,0,3,0
426,58,高中及以下,10.828060751163259,52.132855889490784,11.901858463199567,0,9,0
427,56,高中及以下,9.720272839773658,41.07693585328975,16.43619908925935,3,9,0
428,21,本科,6.703930612111943,48.991883362893034,16.409376447000874,0,8,1
429,52,大专,15.077539846508783,119.31964738539347,21.785061874401727,0,7,0
430,23,硕士及以上,23.358379346054864,205.36657700556552,51.458818924458555,0,5,1
431,53,本科,20.428444795952576,147.37477870807965,30.83480221074091,0,3,1
432,57,高中及以下,3.5907437613566726,47.874915082920054,9.149681132410056,1,1,0
433,25,高中及以下,10.150032692654701,42.499929787685176,18.224315925744794,1,9,0
434,39,大专,12.58418335556747,102.72523036733936,24.666661874461802,1,3,0
435,25,硕士及以上,29.515509424751652,265.71942992217146,66.44052800739455,0,4,1
436,45,大专,14.623486388256735,114.4693617175143,38.09911729158627,2,1,0
437,61,本科,16.72417912489273,128.32227074844388,37.70584312250171,1,2,0
438,23,硕士及以上,20.318638429778776,187.47437130674533,42.422977040824314,0,6,1
439,37,硕士及以上,20.613960182694843,184.5411814159548,72.12286502103814,1,4,1
440,63,大专,11.080565304538904,57.12277022904526,24.97772911617065,1,5,0
441,33,高中及以下,9.958600580352066,50.92987615122562,22.02114657171971,1,2,0
442,25,高中及以下,6.958760264004415,48.25422320532243,11.577054913034502,0,0,0
443,41,高中及以下,13.126059652897329,65.43362679953658,24.434689087712748,2,8,0
444,42,高中及以下,8.603895403941582,38.27013494378004,14.390808286647683,2,4,0
445,49,本科,13.174936376102448,88.46281662005053,28.597297090089132,0,3,0
446,34,硕士及以上,26.609518535060452,254.37281601928987,90.82909455857393,1,2,0
447,63,本科,19.129299181582763,152.28251609757717,54.296301144024454,2,6,0
448,43,本科,19.624423594122923,127.36370745233489,44.21304411474565,1,5,0
449,32,大专,23.39189565996565,130.32255609808152,58.454563454345376,2,3,0
450,63,本科,14.655453299982902,108.278556894887,35.655006910468096,1,9,0
451,61,本科,17.632606692047997,146.3412278156948,28.93333772602486,0,9,1
452,42,本科,20.13061973409713,158.1041927633683,50.587094936775806,2,1,0
453,21,硕士及以上,27.882885203995922,232.16818365326463,68.14686371941431,0,6,1
454,46,大专,11.496909270056733,65.02031607046247,28.22545949966626,1,9,0
455,44,高中及以下,3.0,5.0,3.5,1,4,0
456,26,大专,11.445827204734922,64.66227539968065,29.598065728901396,1,0,0
457,48,大专,8.631487936410995,75.85507755899629,19.861206122629582,1,1,0
458,57,硕士及以上,19.366966594381108,152.9636896176847,59.01260094135077,1,6,0
459,24,大专,10.021605791647069,35.84665535067956,12.694824967675785,0,9,0
460,52,本科,12.764541396167727,76.92347747167005,34.66457748931665,1,1,0
461,26,本科,20.91893272646474,150.74218812389307,53.03528443703941,1,5,1
462,53,高中及以下,13.00545918707147,74.3386182449687,17.50771020869082,2,4,0
463,38,大专,9.480603552095626,63.445347835496754,25.282747350999806,1,2,0
464,20,本科,16.698856847184395,134.527278978756,40.26420410143403,1,6,1
465,63,本科,8.708786689437323,34.51522291255232,24.16065603878662,1,8,0
466,27,大专,11.528300249086529,86.99484956990324,11.660896477746624,0,2,0
467,46,大专,15.994909503511728,91.288027220376,34.60515611584598,1,0,0
468,28,本科,22.124689448070512,165.8452407835666,37.54141050397467,0,3,1
469,61,高中及以下,6.434764591543431,12.322441556269084,3.970688711485522,0,3,0
470,53,硕士及以上,33.2592743026376,299.40781917887443,103.82942781313525,1,7,1
471,56,高中及以下,3.0,18.544061558835203,12.980843091184642,1,5,0
472,39,高中及以下,3.7618610042810374,36.14557058388146,7.770340233424463,1,0,0
473,41,大专,17.548309328189383,81.51103663001982,24.46972091767966,0,3,0
474,48,本科,26.355606142816235,184.9505312277372,58.195431643208465,2,7,1
475,55,本科,20.467159940918478,126.99159021929722,43.68678091730829,1,4,1
476,58,大专,13.798288067329938,90.37216906710377,19.670910948480824,0,5,0
477,20,硕士及以上,17.024081267388958,164.87497945334252,35.90182658796436,0,2,1
478,49,大专,3.887764719782604,42.63414195631694,7.510584146744954,1,3,0
479,24,大专,14.647047684479345,79.85684429225044,12.367298246677281,0,1,0
480,32,大专,12.209686652144127,87.16651719819662,26.647096392527292,1,0,0
481,57,高中及以下,4.47082408923941,42.767644258352846,11.286031998439729,0,0,0
482,31,本科,18.327662904150255,103.64493578121979,54.941384956924885,2,6,0
483,55,大专,14.575656837539048,96.63911482671105,22.885727439750987,1,1,0
484,40,本科,22.722079342701363,173.43222420561113,38.142493384515255,0,5,1
485,30,高中及以下,10.683011415063504,49.53416127950596,15.759477098371395,2,9,0
486,35,硕士及以上,34.141971841671925,289.1161429121707,109.81220717177005,1,6,1
487,43,大专,14.039970147744066,98.38415722810934,25.069871388609563,1,5,0
488,54,本科,17.42332502596332,103.97064276837688,52.927911684969686,1,1,0
489,47,大专,19.32156093123591,113.25409406975194,43.11147762577242,1,4,0
490,61,高中及以下,5.107795599792827,24.9371171319142,8.961385303115494,1,8,0
491,59,本科,32.07223726633081,235.23873163987565,67.45756879795755,0,3,1
492,53,本科,19.876287390833678,129.73453834314776,36.790274989579736,0,8,1
493,47,本科,19.904146264188366,129.06026851690075,52.85661073749473,2,7,0
494,33,大专,16.62547986986299,101.23661140062461,33.15457394463559,1,2,0
495,38,本科,27.38568237665821,206.7956338009037,63.117908147089814,1,1,0
496,25,本科,21.962537058363033,188.04950941833843,37.688698085742274,0,0,1
497,36,本科,9.974720104980381,47.21082273818105,33.047575916726736,2,2,0
498,61,大专,21.017351923837523,130.83424180982382,37.21321485805157,0,3,0
499,39,本科,16.295517102774912,97.77059432591001,31.600858411202715,0,6,0
500,25,本科,18.535775364196617,145.03259619747746,29.501996349658732,0,5,1
501,49,硕士及以上,21.60373013912367,180.35540304247453,73.58017179941936,2,4,1
502,63,大专,16.63101009061948,89.66633727098201,30.132376029606284,1,7,0
503,59,大专,10.743128549662238,55.61970841201348,9.568586002040922,0,7,0
504,32,本科,18.500848189967368,128.36295324897452,31.52463777798124,0,7,1
505,40,本科,16.579504973196084,120.90449876525321,52.13308976632324,1,8,0
506,43,本科,27.62506400867926,200.63096896488253,80.07150970413858,1,3,0
507,31,大专,23.911301500727948,143.38129581162593,50.82690469036333,1,8,1
508,32,大专,14.232565851073707,65.44702976983352,19.685761587749482,0,4,0
509,30,本科,18.319888556844273,139.15601215256277,38.605505059938224,2,1,0
510,64,高中及以下,8.132785168252425,39.86954588631671,15.639125818073719,3,1,0
511,53,高中及以下,15.530031457513932,95.07617913779013,29.92887274277922,1,0,0
512,57,本科,16.355400648333113,103.87172284613274,34.28704947364249,0,9,1
513,56,本科,15.893313626771503,87.2190744771356,45.16095388302702,1,1,0
514,63,本科,22.89296431832482,159.7403601880276,57.50441424499676,1,8,1
515,24,大专,11.308504523416753,87.29031746476448,21.099916701733065,0,7,0
516,59,高中及以下,9.811224827757346,51.47025618802749,14.892852212812342,1,4,0
517,22,硕士及以上,20.093446092445035,177.84596784441248,66.88377293216533,1,9,1
518,41,高中及以下,13.520951725615834,54.54955336321767,22.815624094606896,1,9,0
519,46,高中及以下,19.704334695909345,124.88817047975907,39.242920134664715,2,9,0
520,36,大专,17.60612686399896,90.19272226072206,40.97810826450452,1,4,0
521,26,本科,25.308995837736525,166.28205699973208,47.29220540747658,0,2,1
522,28,本科,13.769489319113346,104.93693817505375,29.515101277752027,0,0,1
523,57,本科,19.181621410141002,106.43103952268518,41.15704734610684,1,8,0
524,34,本科,13.284200378153052,112.10826262779145,19.31761061036921,0,8,1
525,33,高中及以下,8.861172272093286,53.668758073726764,15.26439964240974,1,5,0
526,61,大专,17.861057386762525,120.6548103977418,21.718596028188678,0,0,0
527,26,大专,14.509103065516493,95.42637357234378,21.470424393363196,0,8,0
528,61,高中及以下,3.0,12.58314723815445,3.7518485246122486,1,2,0
529,61,大专,7.424854472311233,28.601896181536056,18.576683178477666,0,5,0
530,46,大专,7.094180342546132,40.46395043690238,16.461748871909723,1,6,0
531,27,高中及以下,12.457262949697952,47.657770072200236,28.50451591100305,1,1,0
532,27,本科,28.31947267828334,205.52863839912914,54.04099541226419,0,0,1
533,32,本科,24.812291220001065,185.78773599822898,60.717067710942395,1,0,0
534,45,高中及以下,3.0,37.15212946797311,6.293584038732561,1,9,0
535,26,大专,21.10537969034892,132.20879275038646,37.83784676802612,0,9,1
536,40,本科,22.682002085073236,172.64264494444043,63.919521959575036,1,4,1
537,25,本科,10.273500272356213,67.45733084804135,18.395792690548607,0,4,1
538,44,本科,16.48399191644751,108.21378634500967,33.87904612725868,1,4,0
539,20,大专,19.47761205747905,123.97075070712631,22.964720246006557,0,3,0
540,51,本科,20.752167554673925,139.46807979196385,51.38972505160745,1,5,1
541,22,大专,7.454524738060072,48.764935260775296,4.859537412753493,1,3,0
542,28,大专,17.05371077898097,86.40438183385452,46.8347602580219,1,6,0
543,27,高中及以下,3.0,5.0,3.5,0,3,0
544,57,大专,12.885889121213943,86.846474242558,25.42833880160873,1,6,0
545,22,大专,19.689783847000243,131.4390542130929,26.349211862096418,0,9,1
546,39,大专,14.091971077856599,69.76698393263939,27.96958862600824,0,2,0
547,46,本科,15.50531225019027,118.5964004089282,34.047887020981115,1,0,0
548,43,大专,18.446731268861747,102.68935251764137,35.86060959886782,1,5,0
549,50,大专,18.873759075432908,113.49013209560209,38.07001544732759,1,1,0
550,56,高中及以下,16.550198464334752,104.00515855853347,23.32695996133191,0,2,0
551,37,大专,18.371712142231935,122.34258136373583,43.88918815149189,1,7,0
552,57,大专,19.406873969685734,128.3793236384473,49.046621379780646,3,4,0
553,34,大专,17.664542787187674,134.61911209998055,44.440141482290144,2,5,0
554,64,大专,15.32764324558236,81.4076693577472,24.834650604017135,0,7,0
555,42,本科,18.44754499881907,114.3446903668453,52.2360873407644,1,1,0
556,53,硕士及以上,26.81370140451299,230.49147858718806,82.31477791753721,1,4,1
557,59,大专,7.938158534701372,43.811435407109,8.518381874727211,1,0,0
558,55,本科,13.223442455900956,57.2458379769283,30.430240116274412,1,4,0
559,58,本科,16.589927590323953,113.01806958181551,38.355962421896265,2,2,0
560,44,硕士及以上,29.207260798012147,254.69678620368563,63.870728172441986,0,9,1
561,21,本科,25.204062990021317,188.1848374411162,41.9566632002801,0,2,1
562,42,本科,17.79101386062244,129.82338770950767,43.15049252599177,2,2,0
563,28,硕士及以上,33.01738145438832,288.14598367295486,78.8749765082891,0,0,1
564,60,本科,23.396578282160604,172.6254606555678,51.97693822672079,0,1,1
565,30,大专,12.842766011556044,87.90554196669281,19.8842081743593,2,2,0
566,30,高中及以下,12.97345105685092,53.33906843738343,17.886547597091752,2,2,0
567,31,高中及以下,8.782359791375693,36.51643512614219,12.509693315188589,1,7,0
568,48,大专,20.610679470392384,90.28362901588457,49.58441781145405,2,8,0
569,45,大专,17.17921669132966,86.7154005324387,37.1131238398866,1,8,0
570,62,大专,8.047581226558224,37.14844395299567,9.416535471506212,0,9,0
571,38,本科,18.807623260769233,132.76585547447496,51.63714246979251,1,8,0
572,32,本科,26.240560809119398,169.50318547343858,71.82658419900991,2,4,1
573,22,本科,17.093844827266494,111.95513398512882,43.58097373654775,1,3,0
574,20,高中及以下,12.238575150475342,42.81291552863772,12.746944698800874,0,6,0
575,36,大专,16.729394188695725,102.94307361014341,28.453016421864042,0,3,0
576,61,本科,12.816885504176998,96.10391744801261,31.580801420909403,2,6,0
577,43,本科,20.55353974606757,149.91025844877032,51.309227832275354,1,9,1
578,60,硕士及以上,21.03082423982687,189.46283513702073,45.703740537393486,0,1,1
579,24,本科,14.871879467993018,80.98706132843023,42.62256827733262,1,7,0
580,24,本科,23.37861483747096,154.35099890390396,44.616731655142594,0,9,1
581,57,大专,15.78378145154179,88.59308862447347,40.21849923187092,1,5,0
582,24,大专,12.477610961267365,68.81623607379481,26.89536048464376,0,3,0
583,22,大专,16.232305106225937,98.51854890720317,28.59123811641922,0,2,0
584,38,本科,17.699538761224343,145.27989191413567,42.68993596050244,2,1,0
585,61,硕士及以上,28.062892511759166,264.7474757961015,94.86257273616948,1,3,0
586,51,大专,17.28409263360069,88.8917891038737,30.328553577824888,0,7,0
587,24,本科,14.363161296704341,110.7181722063799,39.66050308942475,0,5,1
588,57,大专,14.201682027773453,94.81462768162676,24.557239327466426,0,2,0
589,57,高中及以下,8.438659026966736,30.102283040560202,15.091596357149678,0,5,0
590,56,高中及以下,3.0,27.732988839531586,5.577119456480157,0,8,0
591,60,高中及以下,5.397721218753501,24.58295655458856,9.625234325822225,1,0,0
592,30,硕士及以上,35.84103223531916,301.4199877676558,113.2181402439069,1,0,0
593,64,大专,15.92361657292617,102.36974030711414,36.82164801518893,1,9,0
594,34,本科,11.382058492993053,82.92883680516924,31.687038208666532,1,7,0
595,56,本科,10.298228120757948,68.67243240751822,32.08391234675868,1,5,0
596,46,高中及以下,9.43918049944708,46.634106222485904,14.523125978258552,0,9,0
597,55,高中及以下,17.80593266588241,78.24338114608511,22.168711538462166,0,5,0
598,48,本科,17.066209325978235,128.61542283880428,30.02354831669471,0,5,1
599,48,大专,20.53499776702008,122.55822708448659,38.97301032826867,1,2,0
600,47,硕士及以上,29.759653854093287,270.333617346063,103.38816328168961,2,8,1
601,55,高中及以下,12.356252289229468,67.13839031258043,14.283978830086273,0,7,0
602,53,本科,11.321397453477154,61.93099795794521,33.76337279432367,2,2,0
603,26,本科,22.687614608748788,145.39905693301074,43.46827938644167,0,7,1
604,57,大专,12.325339813631963,40.80287198754864,21.485709652280818,0,7,0
605,44,大专,18.315462268054542,118.36390748568336,29.083809497886676,0,0,0
606,34,硕士及以上,23.929150090069434,197.17920045442344,50.97840501357599,0,1,1
607,43,大专,14.885246737549563,91.30002607373216,19.271422712370416,0,5,0
608,63,大专,15.760014769688157,100.12491199222224,43.62955973273239,1,6,0
609,58,大专,13.229833417120668,88.41429308611181,22.002135529921713,0,6,0
610,57,大专,16.022725965430784,78.07610208504383,41.19679037419459,2,3,0
611,40,本科,16.668014624037458,115.69867809615184,49.51131205264196,1,8,0
612,55,本科,14.754701234793604,128.33711495537148,35.64402700440159,2,4,0
613,37,大专,22.027416913969823,157.87922168358367,51.01839437865222,2,2,0
614,50,本科,23.24476433180721,177.52319673305476,59.61542674522417,1,1,0
615,48,大专,10.195676274759116,66.23645473083728,16.848332314880793,2,8,0
616,31,高中及以下,12.842221527973065,49.13451180718465,23.151765485428214,2,7,0
617,31,本科,14.286605726494235,110.78556446632544,39.439810582388915,1,4,0
618,22,硕士及以上,22.07657678168838,196.31887260399282,48.170597438920545,0,2,1
619,26,高中及以下,15.16904720699488,84.25316016406707,19.23322393275865,0,0,0
620,39,大专,5.479501871762972,23.384359407796083,11.297659878385574,1,1,0
621,41,本科,22.634279567882707,155.84596028258002,68.38823095249083,1,1,0
622,27,本科,16.736388437134707,119.61692946108931,21.875755865362684,0,5,1
623,38,高中及以下,8.942266984597357,48.40550629539466,19.274967091256336,1,1,0
624,47,大专,16.04875609811645,103.69837730560242,34.3615431515577,2,1,0
625,30,本科,20.905994059971263,137.65403365192537,50.21154028071442,1,2,0
626,35,大专,9.86828411585546,39.06043791347972,20.518212201417793,1,6,0
627,36,高中及以下,13.588628043750317,92.3149158172485,28.815558801198957,1,4,0
628,42,高中及以下,10.566852690126117,90.17307598598096,23.435466764089274,2,1,0
629,36,大专,7.719726035659809,53.02966688199453,18.06787741133854,1,7,0
630,53,大专,13.150627582101304,59.04388407165616,26.767723265287245,0,4,0
631,34,本科,24.906395077794627,162.74683879191923,69.98000439926817,1,1,0
632,39,本科,26.382973991228482,192.31758147436392,53.022296463481915,0,6,1
633,37,本科,21.586742288043386,171.22393019152298,52.423164290214764,2,9,1
634,28,硕士及以上,22.04828255915815,180.2411835142955,53.07301621933234,0,5,1
635,50,大专,16.45303451227944,96.85321476094312,39.0217399129532,1,1,0
636,30,大专,18.254304519295964,112.46480808243533,36.446398864604284,1,3,0
637,33,硕士及以上,31.62853991659361,297.62553601863056,93.2059905632453,2,5,1
638,55,大专,17.92477144343959,102.39461224463184,29.67911449756311,2,9,0
639,62,本科,19.816315396237655,115.25698740383471,50.979963287947974,1,9,0
640,50,本科,17.637938305847282,132.7835315327245,46.5551309457744,2,9,0
641,61,高中及以下,6.958162520479908,51.662752079968115,7.137646837637757,1,8,0
642,58,大专,4.510322407492518,25.8230625187777,15.243077407390203,2,5,0
643,41,大专,15.698208833566754,100.267854370997,35.611114357000254,2,6,0
644,54,高中及以下,10.930264218260943,47.53395264989866,21.776376374685558,0,7,0
645,34,大专,16.787879214124082,88.04068336385608,39.12177120527342,1,7,0
646,40,大专,7.312281533535529,59.270074409421454,10.901597145053117,1,6,0
647,44,本科,21.2250834465753,154.38802184324402,41.66393585984793,0,1,1
648,63,硕士及以上,38.27272547310389,351.81005824896323,125.63191136092745,1,8,1
649,58,本科,18.39225065388956,151.2774817971461,31.379507033530103,0,0,0
650,42,大专,13.691673403967297,66.32740540902518,23.18504997025802,1,4,0
651,49,大专,15.545011780428505,84.9896766601797,25.68439940582721,0,4,0
652,29,大专,24.16168512355169,147.33911097383054,34.13770672357281,0,9,1
653,56,高中及以下,4.881761191500545,15.944107391084097,11.160875173758868,1,0,0
654,44,硕士及以上,29.016034666969524,272.89136003181244,90.67034735883468,1,4,1
655,43,大专,10.00171288851178,57.199289017510914,30.826808144962644,1,3,0
656,54,大专,11.264976395775026,52.70186626219232,14.387454261026381,2,0,0
657,48,本科,17.752048460590302,125.25091435194705,46.03046183753397,2,2,0
658,23,大专,20.736616208067794,126.97477881050858,40.74028145757643,0,4,1
659,32,高中及以下,19.004953003443685,109.04499596066339,21.68028880029858,0,9,0
660,27,高中及以下,12.240710723133532,67.10066716287902,16.034972566173426,0,3,0
661,53,本科,16.117026384882575,119.73638056457555,39.16382384155476,3,8,0
662,21,本科,30.463694333192592,218.05023559245652,53.09131477731085,0,7,1
663,29,大专,11.862227593352399,68.35002774073544,20.43992190680229,0,8,0
664,46,硕士及以上,25.144320428201315,215.55559712714287,73.8589957631077,1,8,1
665,51,本科,9.125284777106366,68.2095687146352,16.37255935488118,0,7,0
666,42,本科,24.980457846223718,169.86633343531142,66.40504098552448,1,7,1
667,58,大专,18.841227961856468,138.39470707775405,40.75205751838814,2,1,0
668,61,高中及以下,22.08902768058223,130.57787282450943,36.41590590116281,2,7,1
669,25,本科,11.052383238909371,86.85926965763973,25.653097901184395,0,0,0
670,62,大专,21.290854037395547,133.42212831376807,50.91698077110237,1,7,1
671,47,本科,18.350677591830635,127.13535737809678,28.834571076327123,0,6,1
672,48,本科,22.030501084000683,135.29665161779775,49.81739244450904,2,7,1
673,24,高中及以下,3.0,11.757416650170516,0.0,0,6,0
674,47,本科,25.340409113326487,178.90386429436427,67.47111111198527,2,3,0
675,52,硕士及以上,31.932583756659152,290.8351009266023,74.66314421634549,0,3,1
676,46,本科,17.805449826068912,131.6811942877198,49.44333786783465,1,5,0
677,23,大专,17.225563438305606,117.17333359799892,26.27466167980201,0,4,1
678,43,本科,14.172523494788754,88.82535338812828,31.587126341684737,1,3,0
679,62,本科,15.102799572091502,95.47346289650535,43.18188534876629,2,4,0
680,52,本科,15.682776931873018,131.54228871925852,37.302252493679745,2,5,0
681,26,本科,8.73636069154861,72.7192486787375,23.254141846176594,1,2,0
682,63,本科,22.308792471016837,150.29998316511805,49.24934056787116,1,6,1
683,63,大专,19.95796807091283,118.13964089119344,41.45763699581249,2,3,0
684,27,高中及以下,6.493279251180792,30.925687055780482,13.975240575081154,0,2,0
685,56,大专,15.741015079724093,94.9197023125653,31.3636806436382,1,4,0
686,38,本科,16.67229762685382,123.79632977155593,46.67023954386901,1,1,0
687,46,本科,19.641369810405152,175.51447986433354,38.528601384644205,1,6,0
688,40,本科,14.862113793944854,106.88114497505376,24.772262789551775,0,7,1
689,55,大专,9.58287421956182,67.43621757374967,20.41720753803658,1,9,0
690,64,本科,23.260374430118713,137.52547041797885,51.860696084582244,0,2,1
691,55,硕士及以上,27.680647074377536,241.8523237777153,57.68177063562418,0,5,1
692,61,大专,24.11054475426738,163.09549356635335,42.41404897914861,0,5,1
693,62,本科,18.2315498239707,133.65557963814413,39.10418382970962,0,7,1
694,24,本科,13.369609798247538,27.75054981476022,19.425384870332152,0,6,1
695,31,本科,24.134704382179695,179.0532787100008,59.79654995260567,1,8,1
696,52,高中及以下,13.154000820730099,94.54247002308203,18.794894997563404,0,8,0
697,46,本科,21.634364318482117,121.50193643757792,47.86837599775917,2,1,0
698,22,硕士及以上,33.95300339433959,328.367845683739,106.20432978560822,1,3,1
699,24,本科,14.736018530771027,61.57279525600827,43.10095667920579,1,6,0
700,43,硕士及以上,27.36373345507356,260.34358527146327,90.04040244328215,2,5,1
701,47,硕士及以上,27.142750842561036,244.15502819286573,85.9373324945663,2,4,1
702,27,大专,7.546267315421908,10.028035663862205,7.019624964703543,0,1,0
703,27,本科,16.68204924920878,123.46641215305827,45.527162659377304,1,5,1
704,25,大专,20.68189728938412,141.3539799735856,49.775862721983316,1,7,1
705,45,硕士及以上,29.186690518969236,268.1385197280467,90.4694054712112,1,0,0
706,20,高中及以下,3.2696933607750616,25.120881359769506,13.804279767851588,1,5,0
707,45,大专,6.220802941675325,31.14967596496603,20.391923536542528,2,9,0
708,41,本科,26.323880293741357,156.34631572787418,70.64380230227525,2,5,1
709,40,大专,13.54840494872435,91.66839002740205,25.862659656938597,2,9,0
710,50,本科,14.762948971491912,129.58695159213784,32.61821508830888,1,3,0
711,43,大专,12.630041175514984,92.72395986650179,26.405672426660303,1,0,0
712,52,硕士及以上,20.61346122841334,155.70301361169987,66.1638341130027,1,6,1
713,54,本科,25.1154757475581,153.0849141247427,55.327581207215694,2,2,0
714,61,大专,12.034735312069852,59.518895745459,29.19057806052135,2,0,0
715,55,本科,24.83700763869211,149.9644217016426,69.89586583610071,2,1,0
716,43,大专,14.258258572236576,86.21240022676004,34.53570472951959,2,9,0
717,42,本科,25.147659872842198,181.9348561876032,60.87200696109064,2,7,1
718,30,本科,19.283472495215428,113.5305082178725,31.79882449162217,0,2,0
719,46,本科,22.26616331434538,167.5200700895506,58.389308989022844,2,5,1
720,26,高中及以下,13.595465230441684,76.99388531250862,17.927246115166415,0,3,0
721,61,大专,17.116455331259854,94.47634511490357,40.213736706676414,1,1,0
722,58,本科,19.739672385913554,135.58987691163512,39.625699138897815,0,9,1
723,25,本科,16.835746419422076,88.60320730115906,36.68976225250126,0,8,1
724,55,大专,23.5771734578643,136.4791084028797,46.680707931811135,1,3,0
725,25,高中及以下,5.465315074520497,27.437349984557372,8.622902966712243,0,3,0
726,52,大专,14.021538211715798,86.66044319871763,29.310439810202453,1,8,0
727,23,本科,18.074429376037976,132.20415931256844,33.03489127287364,0,4,1
728,41,高中及以下,12.012203766717608,63.72464498204662,20.838824442580428,0,3,0
729,49,大专,11.852636770527495,67.15066516417991,31.178482995827256,1,3,0
730,52,硕士及以上,29.57373152794794,270.4565078898462,74.8639321085588,0,4,1
731,38,高中及以下,9.15578707398517,60.80941526957957,14.717158478570944,0,5,0
732,61,本科,10.090237412810504,69.19919079002887,18.16730644698451,0,0,0
733,54,大专,14.047761431284233,89.05049195018056,29.92163803019908,1,4,0
734,29,本科,12.497173334849242,84.68764740398292,14.508481524172002,0,4,1
735,50,本科,9.328071187755494,55.59511456709489,30.53189710920831,1,2,0
736,52,本科,18.684366603446925,138.63376122789253,46.12906460287855,2,3,0
737,35,大专,16.43941671009783,90.3081110980339,39.02499039643173,1,4,0
738,53,本科,20.633490210522883,150.22663498854303,56.113550116598134,2,3,0
739,60,本科,20.835853535098472,146.27480531834,47.00902823692591,3,9,1
740,56,大专,4.337054895296948,21.46330922397954,5.011529905261051,1,5,0
741,54,大专,7.194915360462653,38.24734968057601,19.39086241922697,0,5,0
742,48,高中及以下,19.867607184068355,91.71622103410648,28.77013745651171,0,2,0
743,32,硕士及以上,22.763956199614817,180.18858821519817,69.82791173627677,1,9,1
744,55,本科,21.054205155683444,153.1228625172095,53.16175911713349,1,0,0
745,36,本科,14.56531189167077,105.4303856208702,32.44983808321348,0,5,1
746,43,本科,18.39836369633782,141.53359966109215,51.679391642814664,2,1,0
747,34,本科,14.833728988632028,95.86424938582228,30.56976875475662,2,7,0
748,34,大专,16.807705773098224,129.27698902073936,45.48452603463752,1,3,0
749,27,大专,14.683870586583495,82.40718430175647,28.618610505258665,0,2,0
750,63,本科,15.758551131778832,97.18321328953138,28.469736102741805,0,0,0
751,26,大专,8.749139401596448,37.58956261193872,8.214993615152645,0,7,0
752,23,本科,19.338870987462556,109.36326086379297,54.68085857327147,1,3,0
753,62,本科,11.936406004787049,106.54426041940627,32.87965484370401,1,2,0
754,44,大专,16.137405210604193,117.39044212515509,18.85360455078997,0,8,0
755,39,本科,31.1324245451845,226.93814925956286,78.38295433615453,1,0,0
756,53,高中及以下,16.75085025631006,70.3129191649136,38.66328381638877,0,4,0
757,37,硕士及以上,31.591739434470814,311.49467013362414,101.01811628020637,1,1,0
758,25,硕士及以上,27.57196351129426,242.8718841788235,59.56780328674204,0,1,1
759,52,硕士及以上,18.306236864982374,160.72074431644157,53.44594365708548,1,0,0
760,27,大专,7.388568020499079,65.89029432953562,20.82997511035561,0,1,0
761,44,高中及以下,16.413964280513568,91.95348016978093,35.01498047385138,2,9,0
762,62,大专,10.0512195993761,93.3238646775755,23.320171320575422,0,4,0
763,62,高中及以下,6.503739509179766,36.249531450684124,13.435438000172852,2,9,0
764,36,高中及以下,9.171747621579893,39.9032761142186,18.881249156336285,0,2,0
765,55,高中及以下,4.689768705767227,14.271770276939199,4.551714375573997,1,7,0
766,47,硕士及以上,21.866156327241818,169.09046428731693,70.6753243701129,2,0,0
767,41,高中及以下,9.74762963609289,44.55921158837138,19.712073142537847,1,1,0
768,26,高中及以下,5.542352726639819,44.8806637156098,14.532969658505854,0,0,0
769,36,本科,14.294907101105526,109.04686229757972,38.1177028440269,1,8,0
770,49,本科,14.09404486926497,98.96293418326088,32.88272593229093,2,6,0
771,64,本科,20.611801069172344,129.35859082696146,52.98352092633722,3,7,1
772,20,本科,16.839371547523214,121.27869610285356,22.854968208354357,0,9,1
773,52,本科,17.107140160530733,134.94218670164574,20.128901331433177,0,3,0
774,58,本科,20.984729486544417,153.3538952528607,57.77269068866243,1,7,1
775,62,本科,17.289801958835298,123.52964125634747,30.19886320210776,0,5,1
776,39,本科,16.608731157714136,104.30675330478087,29.502109802658385,0,5,1
777,25,大专,16.352251777850853,111.12123787878531,30.645381276951458,0,6,1
778,32,大专,17.340989217788156,57.06736302556622,39.94715411789635,2,4,0
779,58,大专,13.26463250245698,85.33048064771906,24.161144428118227,0,0,0
780,59,高中及以下,10.403038878102608,90.57002410468202,29.146062047531448,2,0,0
781,48,本科,14.09104885133336,76.01174114935583,38.51607548544313,2,5,0
782,25,大专,9.696584784177372,54.558966884543736,17.219534668267315,0,5,0
783,25,高中及以下,13.845737509834038,69.1100226972993,20.239833188544793,0,7,0
784,41,大专,16.224710312723108,90.40951966549,29.591379083577223,1,5,0
785,46,本科,20.27649219208288,157.48105898296484,42.392886044514356,0,1,1
786,21,大专,15.40427174362761,99.51239567709518,12.727590124600301,0,3,0
787,50,本科,18.231016379074767,129.90162024173316,43.648982562157144,1,4,0
788,44,本科,21.482059454113845,162.3335045963361,55.001313658098944,1,9,1
789,20,高中及以下,14.675543805113918,73.62897966164573,16.23006111496482,0,5,0
790,24,本科,22.556140025953237,205.59094751402537,39.58286013277915,0,6,1
791,40,大专,13.496110420270066,83.24686652647152,39.15824296413569,2,7,0
792,52,大专,20.93496364954419,128.5390133746107,51.9957387308965,2,3,0
793,57,本科,19.142303408661604,108.3391031170321,45.479446805096714,1,9,0
794,39,硕士及以上,31.16188096282899,272.30517375590955,97.21437712137676,2,6,1
795,33,大专,15.410439454174398,109.67330195204354,27.826155845507948,1,8,0
796,63,本科,19.235033537420872,114.61338200654802,52.67047961814102,1,7,0
797,40,大专,10.321240048748402,29.564082677961096,20.694857874572765,2,6,0
798,34,本科,21.50675419172413,151.03201140988253,45.117424605382425,1,0,0
799,39,本科,32.2264719745382,246.1464714338921,82.8425538539954,1,5,1
800,20,本科,16.126024626049585,113.51789081278898,32.10867009933111,0,1,1
801,33,本科,18.354973577124742,123.44294600047803,51.71266235542898,1,6,0
802,43,高中及以下,7.768973678263688,10.967549325203741,7.677284527642619,1,7,0
803,61,本科,15.559900492190327,115.7031152858652,37.89218994361438,1,5,0
804,53,本科,25.722247390593363,189.9748583673992,75.6516654854137,1,3,0
805,55,本科,14.635144911362676,75.72002689302224,27.181124591075523,0,0,0
806,44,高中及以下,7.629597633168194,55.165974896299254,17.90330472018004,1,6,0
807,24,大专,6.062535881343494,47.8606481764426,7.123609910895169,0,6,0
808,37,大专,10.211941377288763,78.25638740194276,26.12005811576022,2,4,0
809,64,高中及以下,3.0,23.75287637750013,0.0,2,7,0
810,21,大专,17.159023496059646,112.75938160852766,25.48728033502346,0,7,1
811,59,大专,27.998486109186548,175.80173013564539,56.11526796526387,2,5,1
812,50,本科,16.16660603174739,126.19332704474965,26.964187579544067,0,0,0
813,32,大专,5.666210335048813,6.715895473434102,4.701126831403871,1,8,0
814,55,本科,22.499998322148667,134.98409675071795,54.42586626657137,1,4,1
815,57,本科,14.365375205349215,89.51750793459794,40.29481427703767,1,6,0
816,21,本科,24.4967346527677,169.5298399942856,53.027768691169285,0,9,1
817,24,大专,12.589854761050276,81.36118241592435,27.81159100151502,1,3,0
818,49,大专,10.840921554586096,69.91575412594932,29.03568137646253,1,6,0
819,64,本科,17.110212221271567,136.52807272074145,46.37202201604224,1,0,0
820,21,硕士及以上,31.788883804680935,303.3273837208337,73.53767298466042,0,8,1
821,49,大专,12.862896846221718,64.09160445292342,32.30720894519686,1,0,0
822,26,本科,15.516376486031472,112.19327705297736,37.98256883154765,0,5,1
823,49,本科,17.00584198510564,106.32342067991192,40.26358170940215,2,3,0
824,48,本科,11.640724077495575,78.66136296716552,24.946045517120822,2,0,0
825,24,高中及以下,11.9851580114699,64.75266059307693,17.382598543229346,1,4,0
826,50,本科,9.06636703077545,12.333888068352778,8.633721647846944,0,9,0
827,60,大专,11.779392728172423,106.8450169636298,24.72945433528109,0,1,0
828,58,硕士及以上,31.796926044153714,294.6684645583456,98.90599404440147,1,2,0
829,21,大专,15.515241414663585,84.15589935678042,23.76376819335642,1,1,0
830,31,大专,16.95160286493195,130.6201635180451,24.08781294157433,0,1,0
831,30,硕士及以上,27.674771636405954,243.86147717036067,66.25287179458664,0,2,1
832,40,大专,19.848730904927585,121.08017621698637,31.821328371068525,0,5,0
833,26,高中及以下,14.62349598384896,65.81074276328039,21.009045711569154,0,7,0
834,58,大专,16.23070502123837,122.16410768908031,33.4154430557712,2,6,0
835,54,高中及以下,14.637728886567714,71.61387383825037,32.51618728586329,1,7,0
836,56,高中及以下,13.752117772017884,71.00285037118206,20.625120945297773,0,7,0
837,28,大专,11.802682433265549,88.87282689497499,22.0526629037092,0,3,0
838,20,本科,11.280505441543333,87.74062995271947,21.72066600919629,0,9,1
839,60,本科,20.10181062921312,139.89745342748077,39.91069953524456,0,1,1
840,33,高中及以下,12.730446154157143,80.30809535614766,26.162444979949452,1,6,0
841,49,本科,23.452359955692827,202.24376813126906,55.28040654611627,1,1,0
842,60,高中及以下,5.318393624773533,31.353124855858987,11.837303523326014,1,7,0
843,21,硕士及以上,23.467844703614183,212.96200365061614,78.93730468777993,1,0,1
844,20,高中及以下,12.299501331538853,64.05691291198048,22.687521661840137,0,2,0
845,20,本科,17.644165055734568,143.16559790261476,34.810461919806194,0,3,1
846,27,大专,4.57119194714436,18.439185657372324,2.579078360716183,0,6,0
847,22,本科,19.875540818770954,134.95402233572176,32.81254157095011,0,0,1
848,56,大专,4.737885425055227,5.365668313431744,3.7559678194022204,0,2,0
849,47,本科,13.273717240633118,75.15800274483223,34.86166709050024,1,3,0
850,64,大专,20.758406864300536,116.78344114533365,33.017438613628904,0,7,1
851,56,硕士及以上,37.12439508903557,333.28050089041386,112.9937819813141,1,9,1
852,63,本科,11.921718157640193,109.98827699003314,24.811389721195443,2,6,0
853,30,本科,16.35304231293653,122.51118826443407,31.28941423501942,1,5,0
854,32,本科,18.21311261539353,113.8106106549078,30.93712811299043,1,3,0
855,58,硕士及以上,36.90613463790784,321.2355044607088,84.04066987922386,0,8,1
856,31,大专,11.535655260877991,89.83516181372778,37.21030655486342,1,1,0
857,22,大专,11.61557988483361,86.59263453843954,27.801137032387583,0,1,0
858,50,大专,21.74362779231431,130.8840154072489,43.379696638322905,3,2,0
859,56,大专,12.12605423640871,66.11842843536978,27.66935689178039,1,2,0
860,63,本科,21.611008544832288,168.15105234939566,47.893229281795676,2,4,1
861,61,硕士及以上,20.61428517443786,170.62865966907046,59.30209347803837,1,9,1
862,25,硕士及以上,27.14383627953837,250.17498248670816,80.7371939249732,1,6,1
863,54,本科,9.702015808367976,102.00399552197581,16.86974590231343,0,3,0
864,58,本科,12.722831095221478,92.1401529003222,22.68855363057596,0,2,0
865,51,本科,22.19600677576132,143.73790524140517,42.43710242307155,0,6,1
866,56,硕士及以上,27.750473044566437,255.909787941171,67.00341758580139,0,2,1
867,57,大专,12.404471297235126,67.37669699818055,25.85352166288619,3,9,0
868,40,本科,14.256251880095412,78.88202550436667,36.60573340695692,2,4,0
869,21,本科,16.896719633793587,128.7925778396367,25.874352387236055,0,5,1
870,40,大专,15.505565835503468,109.80091102126664,27.699871033531792,1,9,0
871,29,大专,18.91458103230881,108.82388611276427,23.146759542098724,0,3,0
872,25,硕士及以上,14.87426657951599,128.2098641041998,37.382680805630336,0,4,1
873,25,硕士及以上,23.841194128685952,200.1472662913461,74.4830760007104,1,5,1
874,51,硕士及以上,28.795481210945027,256.9102968914917,82.64596115484736,1,2,0
875,42,本科,17.505684420188572,114.10426519747215,44.411578930163756,2,0,0
876,44,大专,16.016881212633624,80.93579697525291,29.313369633116235,1,2,0
877,53,大专,15.33770143063277,120.40874103979071,42.351591270869605,3,1,0
878,44,本科,16.475660685032963,122.32701704647336,27.668241962802014,0,6,1
879,48,本科,15.365734020064114,116.14606476088909,42.666980350359424,1,0,0
880,23,本科,16.772492551322497,130.6584413932439,48.29853360555392,1,3,0
881,58,本科,23.743711749113714,177.7715254951931,39.26994303182074,0,8,1
882,40,大专,10.339960335471428,55.84311272087785,17.130971331237255,0,5,0
883,26,本科,17.685966384280224,127.89005403453358,35.57480714978055,0,6,1
884,56,大专,14.916711069992106,85.46480915604273,33.69282943743301,1,6,0
885,53,大专,21.801754649372292,137.38748226788363,50.20539911815557,3,2,0
886,22,高中及以下,8.498458708818434,47.617656833464636,9.286463111238795,1,6,0
887,28,高中及以下,14.794033280054805,68.230262487311,23.111976858647974,0,2,0
888,20,本科,24.15989701632511,149.17979827044877,59.29771590584712,1,6,1
889,32,大专,13.681228675046759,84.28092790476316,32.11958377502451,1,6,0
890,24,大专,12.946405104616188,74.61438831058764,33.34096356000526,1,8,0
891,51,本科,16.35473163975892,86.12753776268107,33.682069729344164,0,9,0
892,43,本科,16.72088432878709,124.66111683484039,44.46545808749839,1,0,0
893,64,高中及以下,14.271199302884163,85.83612819806244,22.833540522388304,0,2,0
894,53,大专,15.15504988627757,128.8556464457997,27.993236085213596,0,5,0
895,47,高中及以下,11.176448545849347,50.01428017943682,28.433346830387155,2,3,0
896,42,本科,12.373882448100826,78.53649868846976,22.78329844391318,0,6,0
897,22,大专,9.162549613123828,38.33398222215434,15.663115340472544,0,8,0
898,23,高中及以下,20.7172341238849,106.71579921672961,33.1465309652223,0,2,1
899,47,高中及以下,9.110871373556552,48.589129576158086,10.075510089822691,0,8,0
900,20,本科,14.1261400221082,86.71353513295615,19.527652377620782,0,8,1
901,21,高中及以下,17.15549582794649,83.15353090967483,26.05495763634027,0,9,0
902,29,本科,19.40904274341776,106.18331420058398,48.55998578635266,1,0,0
903,59,高中及以下,12.890774584322608,78.34952413911174,11.687177994771746,0,2,0
904,40,本科,17.309764623592333,109.60816347006383,46.7291582601776,2,1,0
905,51,大专,12.40663454711598,73.9199620115012,34.69839376974372,2,1,0
906,38,大专,13.152068137513549,57.5120075056146,21.048878533834646,1,0,0
907,27,高中及以下,3.0863091485068663,6.6962417506107315,4.687369225427512,0,4,0
908,36,本科,17.560362952900512,118.72867336754068,32.18138976593241,2,0,0
909,24,本科,19.480165385213088,136.19179499207914,47.77038940831187,1,2,0
910,54,高中及以下,19.25231616921877,103.45756857893153,45.30067237849809,1,9,0
911,28,高中及以下,10.429995325026077,73.73610287742369,17.91462099185956,1,8,0
912,36,硕士及以上,16.329114788948473,157.9526972420766,52.621213729795336,2,9,0
913,64,本科,17.530072836076894,137.14297799973193,48.60366710004425,1,0,0
914,46,高中及以下,23.69752066554153,140.1791649768547,35.85048367758711,2,6,1
915,40,大专,18.3318311749252,118.53660527239165,41.05713921253272,1,6,0
916,44,本科,13.945555280957056,97.06827903241447,35.95195910265182,2,1,0
917,55,本科,20.955532572152784,161.8254065988953,62.85299058809407,2,9,1
918,31,本科,14.289932875551298,116.12466941828393,20.32912132915854,0,4,1
919,48,硕士及以上,21.23096240226571,200.80714918988193,46.8173621309492,0,9,1
920,59,大专,12.25815318382964,51.72950514743629,22.57132111398372,1,1,0
921,45,大专,14.457632196194306,74.12389088074613,26.92388445709446,2,6,0
922,40,大专,4.63922248783302,23.712523366540864,15.936087558312195,1,1,0
923,26,大专,8.25420354730682,61.21953659487941,18.45758938502523,1,9,0
924,31,大专,14.051677815911773,83.98987060941225,28.416888769191534,1,6,0
925,62,高中及以下,7.9591341200552295,56.8487001020346,8.354579909363263,0,0,0
926,44,大专,15.974056355730454,115.57288756554695,32.646269724994625,2,2,0
927,33,本科,11.926658363457193,101.47416557435844,28.103596231594665,1,3,0
928,38,高中及以下,13.570568742766504,85.93595218103682,19.122589671240874,1,0,0
929,46,大专,8.081204514699024,32.93231851831337,11.79790360098642,0,0,0
930,44,本科,26.213671509688147,190.73523305965367,46.830327192210795,0,9,1
931,51,本科,9.421208578108416,56.83552443242767,13.687358380374402,0,9,0
932,31,本科,12.537228648082937,63.02460556619259,32.80785047737679,1,5,0
933,49,本科,20.086854015159147,136.29591112527652,52.52135940932243,1,9,1
934,39,本科,26.32116625748819,204.1192182868261,64.4673437164238,1,6,1
935,62,高中及以下,11.575215180580853,64.78720605468122,15.195250119467397,0,0,0
936,27,大专,16.814289600911955,131.1528781795601,38.03226778798165,0,7,1
937,26,本科,18.087684508365292,129.27224373757872,44.1548210560283,0,0,1
938,40,大专,8.868007729424033,89.9250876804378,14.416526208672673,2,8,0
939,42,高中及以下,7.549308258803103,40.40935967677128,9.582715152313025,1,3,0
940,51,大专,7.940451400093616,47.97991284286775,7.566514883191678,0,1,0
941,38,大专,7.606450161115642,26.447849647871408,18.513494753509985,1,2,0
942,61,大专,16.00874459659873,112.7109086839839,33.54676650657071,3,6,0
943,41,高中及以下,4.384110089560192,14.388673513693776,9.418577635906859,2,8,0
944,25,本科,19.597770033616808,127.47867564418677,60.05713910229537,1,5,1
945,25,硕士及以上,21.49088623889451,212.6364346064892,68.61105756171565,1,1,1
946,63,大专,15.481915100583773,110.264830635442,37.901095132082574,1,9,0
947,26,硕士及以上,25.556587155185188,246.99005490482688,84.25539970731865,1,7,1
948,62,高中及以下,17.03307766825322,79.73252133044137,20.479395035368423,0,4,0
949,32,硕士及以上,29.618594477895325,265.80271232147913,99.92721801558486,2,5,1
950,24,硕士及以上,34.17891446497071,306.71241421929864,104.9531276700805,1,9,1
951,33,高中及以下,6.221766417874037,42.84660479945616,18.365210965734697,2,3,0
952,47,本科,18.280716701220836,151.2684869359593,43.769976345573646,1,0,0
953,39,硕士及以上,23.094564209418607,213.37327621274355,71.39729404641199,2,1,0
954,55,硕士及以上,25.931973786277908,263.01113035686154,54.07144072137385,0,6,1
955,47,硕士及以上,26.689478886276856,253.66322624698762,80.65158798757133,1,9,1
956,38,本科,14.370708896564304,97.07297136423385,34.583339619079126,1,7,0
957,48,高中及以下,3.9224857057715248,32.04309962079225,0.0,1,6,0
958,63,本科,10.932413381736737,102.11599785278875,26.765654484459386,1,3,0
959,38,本科,6.301259421463014,74.0831507003611,13.559846635630418,1,4,0
960,26,本科,12.718267682482711,106.83124394636519,27.54244204406459,0,0,1
961,38,大专,17.137469483359222,103.20993370502532,40.1600859448416,1,3,0
962,57,本科,10.007507339933586,66.8021525686963,22.030994098033833,1,6,0
963,29,高中及以下,3.1593857687334745,24.437971397088237,2.0514016348789927,0,9,0
964,62,本科,26.954492856164578,213.79106742221774,67.69563905489602,2,9,1
965,46,高中及以下,6.81751975075873,40.59413558701042,16.8038724296725,0,8,0
966,47,本科,19.60523004582418,144.0545883988014,45.97983936479857,2,0,0
967,34,本科,21.211585732502474,149.2520679422737,50.59679822179056,1,8,1
968,61,大专,17.3126306489064,98.95741795397021,22.403540893142615,0,2,0
969,21,本科,10.388428846959702,70.28698432905915,11.860338113929325,0,6,1
970,33,大专,12.84470160050255,79.09959938169825,30.050255671243136,1,9,0
971,38,硕士及以上,19.908863652408037,204.95127281526965,64.62333602480973,1,8,0
972,41,本科,30.23158929455162,208.0254183838993,62.49340740557001,0,6,1
973,41,大专,6.025623679921999,36.9429232182027,18.58392960806149,1,2,0
974,26,高中及以下,4.7607989056508995,10.82332962215687,7.576330735509808,0,5,0
975,30,大专,8.796995725792478,63.5314403518522,13.881769238078334,0,7,0
976,24,大专,6.516697616385598,59.60037337908783,9.254402319563635,0,5,0
977,45,硕士及以上,34.76296954878273,337.2341936283959,104.56655598269404,2,4,1
978,35,本科,30.112239505417477,213.836144408358,80.4196627737233,1,4,1
979,45,大专,11.621254403436913,78.34284066981,26.39185598286164,1,5,0
980,46,本科,11.39788426577795,77.48193502789509,32.37792582411608,1,0,0
981,51,大专,3.0,25.92028019541784,0.9643789038080008,1,9,0
982,44,本科,16.779456407389493,122.16567213921466,32.883912580841006,0,1,0
983,49,大专,12.418172884192781,75.38300311392899,28.59434189267768,1,9,0
984,46,本科,14.743519368199276,105.27094096155189,38.36486718521759,1,0,0
985,49,硕士及以上,29.10687626988114,268.74072067983496,89.58014014131763,1,5,1
986,47,大专,15.975865714077433,91.44290776178114,41.413045128018894,1,4,0
987,34,本科,19.615416289689502,133.670462146656,60.36892651504674,1,5,0
988,31,硕士及以上,26.419375640157565,263.3848109664914,78.85818503881535,1,4,1
989,55,高中及以下,4.491890852128691,63.117655793339196,12.024515245706086,3,8,0
990,35,高中及以下,13.32916548903358,48.58032321715724,10.602934535236015,1,0,0
991,44,本科,18.06256879710765,107.54591351411268,49.49291302402235,1,9,0
992,28,大专,18.44178762417325,96.29343332791726,20.524922868451895,0,6,0
993,39,高中及以下,13.950377747361156,68.20256251122746,23.53212153680588,2,7,0
994,43,大专,6.891189654764422,54.78384559414539,8.733317724805765,2,1,0
995,48,本科,10.828888962711984,84.67101686970797,26.589753824982143,2,0,0
996,43,大专,10.222296406297358,63.91424548949117,26.887466513819277,1,3,0
997,36,大专,8.71867295854666,60.24607095564844,10.068887649338471,1,3,0
998,63,本科,21.776258879880505,142.052519809738,53.840942990516496,2,7,1
999,43,本科,19.756548379939588,134.63399708328782,47.911137266665364,1,8,0
1000,56,本科,23.495919968926554,164.17002155684892,67.93731893996673,3,4,1
1001,53,大专,15.982434087054592,72.13135943924976,37.63980871251262,1,7,0
1002,45,硕士及以上,29.043247909366844,243.96957811346266,86.90709150405996,1,0,0
1003,59,本科,23.998648901720852,151.16705139288106,58.96007604874479,1,7,1
1004,25,高中及以下,12.348636698675243,73.20480684863283,24.759896652606116,0,0,0
1005,61,本科,18.340504817188595,132.06385794890642,50.43181639178699,2,6,0
1006,58,大专,21.402265169653425,137.5795090190297,30.080502262811446,0,3,0
1007,42,高中及以下,10.57590441576395,25.28469723178279,17.699288062247952,1,4,0
1008,53,高中及以下,8.478296975410391,20.137984586277902,14.09658921039453,1,2,0
1009,43,本科,13.810883706111753,106.6244175466297,32.5968982333365,2,4,0
1010,32,高中及以下,13.515127295227057,25.895591851144523,16.789802896942284,1,8,0
1011,55,大专,20.185252709212342,139.48095661927113,41.42315243750156,3,8,1
1012,31,高中及以下,9.74706299283285,21.385557811322403,14.969890467925682,2,3,0
1013,34,大专,20.539578118899193,135.88764209226983,43.69214098865033,1,2,0
1014,43,大专,4.14992484014212,11.570779669498279,8.099545768648795,2,5,0
1015,57,本科,17.722733125960428,139.79268760929673,45.98421137109677,3,6,0
1016,37,大专,13.799525439477819,130.91956634561433,41.72565344920139,1,1,0
1017,42,高中及以下,6.3650281379632645,5.0,3.5,1,7,0
1018,21,本科,29.919305189909366,219.86579354727527,60.97003789519943,0,9,1
1019,25,大专,13.669036836556193,54.89178031543106,19.15293881496505,0,8,0
1020,22,本科,15.961346141977835,118.13095682710741,28.31130079085643,0,5,1
1021,23,高中及以下,10.129810567167524,47.54747038255921,13.99125314540677,0,3,0
1022,59,高中及以下,3.0,16.94673483692765,1.7543352907530774,1,3,0
1023,57,大专,10.200660373275424,47.528668094728985,21.62687712565665,1,7,0
1024,56,大专,18.91619984722702,125.20531572580963,35.08449843157412,0,4,0
1025,22,大专,10.855273225336127,43.40627178246105,13.583719819585111,0,1,0
1026,23,本科,13.855624185998643,115.61392824547161,25.702628019845676,0,6,1
1027,32,大专,20.547628182572,117.14701449627928,49.159402323589504,1,1,0
1028,45,本科,24.701272004759144,151.86854387226765,58.989419728095896,1,9,1
1029,35,本科,20.58495236080571,168.01871887575044,43.662155592369366,0,4,1
1030,41,高中及以下,7.724413329806664,37.61192685689603,14.84769239194411,1,3,0
1031,27,本科,16.80264467441838,146.23305227755907,42.10514432644252,1,0,0
1032,52,大专,9.979250192125205,78.19584309245136,6.125646282241757,0,1,0
1033,34,大专,9.026134404856776,42.184620857344136,18.169956168714677,1,9,0
1034,22,高中及以下,4.777917558457839,22.61474077823796,8.427598723606042,0,5,0
1035,53,本科,14.909727966073962,106.18366485747136,46.821080047331314,2,9,0
1036,60,硕士及以上,22.826395046576273,228.33210341898305,55.22602240245061,0,9,1
1037,20,高中及以下,3.0,21.562765700506723,9.756081158891742,0,0,0
1038,39,本科,19.09701334876953,136.32348275783357,42.74734623799646,1,3,0
1039,57,本科,19.172977904467185,131.2126515247957,34.931761534521854,0,8,1
1040,51,大专,22.503963792141583,134.26542721502992,56.06253183019864,1,4,1
1041,58,本科,14.658308158226486,122.17703839276027,33.01330959226906,1,5,0
1042,38,本科,19.480502948116353,136.4191008987766,54.59879817730281,1,5,0
1043,36,硕士及以上,29.56356289637401,260.1471069978935,98.12217277691664,2,7,1
1044,51,硕士及以上,26.730812194372334,232.1097022651457,86.7785632032687,1,9,1
1045,26,高中及以下,13.72166794374838,60.30186241119947,24.08461426884834,1,8,0
1046,30,大专,17.87614593425357,86.22543566487995,34.75356820118075,1,6,0
1047,47,本科,19.6370554759877,126.20375870701673,45.30363437847376,0,5,1
1048,50,高中及以下,8.721801474761023,66.08531150855995,15.151789616416558,0,3,0
1049,25,大专,12.212349457227324,70.17510783485149,21.48708674408551,0,1,0
1050,42,硕士及以上,21.161230506014704,201.01724958247382,65.54588272570572,1,7,1
1051,36,高中及以下,5.970411106911541,5.0,3.5,2,0,0
1052,42,大专,10.88996238049156,73.86444391743755,24.999302834541428,1,6,0
1053,63,本科,12.380141187852828,84.2406977494331,33.630639158631844,1,4,0
1054,23,大专,16.19961983343832,89.97611865727228,29.915085572529748,0,7,0
1055,64,大专,19.98313934493505,122.61323543092728,40.450211716480354,1,9,0
1056,40,硕士及以上,23.45968783835425,203.69981173800784,67.6207178161068,1,5,1
1057,54,大专,15.417207178723185,60.645119274013766,25.397279885899046,0,5,0
1058,39,高中及以下,4.829444302351449,37.9809406293363,0.0,0,4,0
1059,33,高中及以下,8.47538914530419,46.02220914674385,14.273049672477168,1,3,0
1060,54,硕士及以上,24.54835210411112,216.22603211578232,53.79251892837622,0,0,1
1061,50,大专,17.009478243032206,87.56408887710667,40.21978266053984,1,0,0
1062,26,本科,14.60605913078911,80.19455117391675,37.007224865045345,0,7,1
1063,51,高中及以下,15.058302068533234,78.64990094868703,10.982212224715388,0,9,0
1064,53,大专,12.771396131689006,100.82999119351443,39.7234245639416,3,0,0
1065,37,硕士及以上,24.751981452025845,225.8153302193482,77.91720494362747,2,3,0
1066,61,本科,11.733473688274184,61.3928917265269,31.71806868440344,1,6,0
1067,48,硕士及以上,29.26602255147675,266.7709538688668,86.43078126384964,1,7,1
1068,35,大专,18.476092011130902,110.05640763308449,46.00128211584221,2,7,0
1069,20,本科,19.366606282684373,148.52689836990407,36.13241733613813,0,6,1
1070,50,本科,29.19415833207212,213.46010598568077,74.28373748250286,1,0,0
1071,29,大专,21.148937262352092,82.1062855624637,24.574352790495624,0,2,0
1072,54,大专,12.462361176414921,82.95280012491638,28.03542588087826,1,4,0
1073,43,本科,16.409862830964652,99.8168486741913,46.156341152197555,2,0,0
1074,41,大专,16.348483597426764,76.76497046283009,35.11224040887147,2,3,0
1075,27,本科,13.809904097871573,93.84222752949756,41.15530169828263,1,3,0
1076,52,硕士及以上,33.83144153266243,310.64754042941206,113.7559315563133,2,9,1
1077,27,高中及以下,11.808002609217919,34.42899389178723,13.0305266739704,0,3,0
1078,38,大专,15.282294554292664,102.26241358161926,41.90226320451668,2,9,0
1079,57,高中及以下,13.43476833885408,78.6239244072444,25.416665456976816,1,7,0
1080,61,大专,22.614149416845294,136.38953944556422,50.45213795933571,1,6,1
1081,64,大专,14.854776760937526,76.11430611221942,24.55964446573245,0,8,0
1082,63,本科,17.43479814564308,107.35291695666217,44.892488016823705,1,8,0
1083,45,高中及以下,17.54359811661289,103.10697255676786,19.74357968535663,1,2,0
1084,29,本科,22.837752079955678,137.19592426225117,41.436498117369176,0,4,1
1085,57,大专,12.395100798081389,90.33766170077601,13.260330934579578,0,5,0
1086,56,大专,14.0259322432951,81.67760607281404,39.269248091193504,1,9,0
1087,64,大专,14.976904579693993,88.4239099835211,32.19300037771028,0,0,0
1088,49,本科,19.809064723024914,113.04213747997454,54.8718520296066,1,4,0
1089,26,大专,7.21700074530443,41.10125501989778,10.499204020698734,0,2,0
1090,42,大专,6.287576960992199,46.92924450612384,5.145799993788871,0,2,0
1091,40,本科,13.563049889987731,74.8951979121344,31.365687462540635,2,7,0
1092,57,本科,13.176307784943289,99.7136925033807,43.37867592266027,1,2,0
1093,37,大专,10.780879930137488,66.02046338601026,20.47256651230542,1,7,0
1094,34,硕士及以上,31.17355321045002,270.9056446865656,59.76532784605248,0,9,1
1095,23,大专,13.155354218376308,91.7522216076274,34.35571390722237,1,7,0
1096,57,高中及以下,10.98197302505094,21.876013590576363,15.313209513403454,1,1,0
1097,53,大专,7.878482949788692,52.47110892988779,25.786310584363505,1,1,0
1098,21,高中及以下,7.691788985395274,62.750472298075756,15.767949876165144,0,4,0
1099,39,大专,16.9362883087242,123.21687693885514,43.60615843154163,2,5,0
1100,41,本科,20.97476229088401,152.6704368442659,53.85518802347636,2,7,1
1101,41,高中及以下,6.37713085906046,27.360442653339614,1.575642243280047,1,4,0
1102,61,本科,18.80831193189777,122.12114517506991,35.02882384117043,0,1,0
1103,26,硕士及以上,38.99423926741166,346.4042664981203,92.59964298080685,0,9,1
1104,33,本科,17.912010353721808,133.54118119482123,32.550428923322706,0,9,1
1105,28,本科,14.534065269287773,89.62979980312318,26.056510480830745,0,6,1
1106,30,本科,17.1311880531892,131.27967364308012,38.9495952808068,2,6,0
1107,60,硕士及以上,28.460885537634166,288.1453776087573,85.92383557638104,3,9,1
1108,62,大专,13.244158096547253,78.5367000523726,38.59277354816525,2,4,0
1109,22,高中及以下,9.843226496617492,29.050210433837876,20.33514730368651,0,1,0
1110,48,本科,10.7827660153158,55.30819091246441,27.53673151290136,2,6,0
1111,30,本科,13.186847624570245,103.95641664766534,35.10001370624161,1,4,0
1112,28,高中及以下,9.253323814642512,45.3704263888059,7.819029959948359,0,7,0
1113,33,本科,17.173660149887816,133.3680844901755,47.091575932660646,1,7,0
1114,28,高中及以下,7.169053625699997,27.84075439110974,18.65569459340849,0,4,0
1115,42,硕士及以上,27.114932069617815,256.49374183965784,78.98605406270546,2,3,0
1116,64,大专,14.305074277071027,83.45595806068027,34.07668139360965,3,4,0
1117,46,高中及以下,14.447067282622626,61.2477755832539,29.783362368142623,2,6,0
1118,52,高中及以下,9.503941323869746,41.50472943731297,20.457922556702062,2,6,0
1119,42,大专,15.995516026491266,78.01728082759905,43.72413391805296,1,5,0
1120,20,大专,11.291998492830395,97.59238433570654,28.473128619241002,0,5,0
1121,23,高中及以下,12.86047861799241,62.85666588658475,16.51573971037625,0,9,0
1122,32,大专,15.878651488061784,104.93962025860364,38.61647466427895,1,2,0
1123,30,高中及以下,14.329085015899096,63.592388086433495,27.288202933441102,2,1,0
1124,57,大专,17.567302312222438,89.62489654363728,25.29845328110187,0,7,0
1125,57,大专,16.94367811440573,98.15386102266537,38.9690361983858,1,9,0
1126,58,大专,13.507912956711099,97.56536574095458,33.34506440639988,1,6,0
1127,48,大专,15.224696135222342,83.53719994035978,34.88346884727852,1,4,0
1128,45,高中及以下,15.317544642257632,63.529743620346935,24.314490156802474,2,3,0
1129,49,高中及以下,6.739627152986028,36.030099430467295,10.318997712570416,2,4,0
1130,38,大专,10.857961106515672,72.6331056498602,21.825136555591502,1,0,0
1131,50,本科,18.90715698975181,156.99282146106043,44.09556633416237,1,5,0
1132,55,硕士及以上,30.076398451327268,275.9938432375328,70.59303235382443,0,2,1
1133,54,硕士及以上,23.879467503679976,224.5750977110883,56.89393840241093,0,2,1
1134,47,本科,17.626187182933457,134.17243883433903,49.93249625683097,1,5,0
1135,22,本科,17.530006128856076,105.41481217300309,28.230049628224865,0,9,1
1136,52,大专,3.0,5.0,3.5,1,2,0
1137,36,本科,16.902030053706202,102.05576603185867,50.957534046875544,1,9,0
1138,53,本科,17.213410835757667,100.51168951492897,43.15778536499624,1,5,0
1139,44,本科,17.198535285884905,132.32164512425038,44.092912801694105,2,9,0
1140,59,本科,25.079571372886342,179.90775098516073,45.64708628972592,0,3,1
1141,35,大专,7.921008507455623,48.71849199110547,23.249792980159697,1,9,0
1142,61,本科,13.876887143976937,58.24746227680452,40.77322359376316,2,6,0
1143,58,本科,4.93902100840333,65.40529993810259,18.185239179414747,2,6,0
1144,34,大专,11.595416669129296,56.15841995247245,25.87466306225478,2,5,0
1145,41,硕士及以上,26.021782229369997,264.97323140341433,78.77741433539214,1,4,1
1146,43,高中及以下,7.4501141183287185,15.511948381873854,10.858363867311697,1,5,0
1147,54,硕士及以上,33.5383866974188,289.6594628984211,111.43669038303067,3,8,1
1148,51,本科,22.303087611684816,123.07887254414926,54.70109394089276,1,7,1
1149,58,高中及以下,10.38928362133652,57.37829274582306,26.599001024728032,1,0,0
1150,36,本科,16.14693473230069,96.50969081393634,38.57737366473279,2,6,0
1151,42,高中及以下,15.130948340534319,59.55973939119629,27.85857098417797,0,8,0
1152,39,本科,17.90121070082074,104.72076164812923,53.12901628751946,2,7,0
1153,60,本科,13.90864980540771,109.02087457892193,30.929186394411424,2,4,0
1154,33,本科,9.418756612577242,76.6032510615539,20.38058503143559,0,3,0
1155,46,本科,15.793427530521587,137.7345010798329,44.26316086028931,2,6,0
1156,25,高中及以下,13.773218085863043,58.580491113220624,32.012720865993344,0,6,0
1157,58,大专,25.382693447715447,155.5784512519947,52.63807386575901,2,3,0
1158,37,大专,14.30805173094738,66.508282424655,38.926591227672326,2,4,0
1159,35,高中及以下,6.173222424398478,25.84052678096262,11.661522135914918,2,3,0
1160,46,大专,8.07517395857893,40.66836405225591,6.874960894995019,0,0,0
1161,42,大专,16.759774481527995,107.52539625159928,36.60676349982071,2,0,0
1162,58,大专,5.176919738078658,46.316845524744814,11.505085624033155,3,0,0
1163,43,大专,16.751725507024442,115.37635340461915,31.89437966001781,1,4,0
1164,43,本科,22.088558031314562,141.97772213593777,57.99713386426637,1,5,1
1165,24,大专,16.18139726616432,112.06540216633091,31.002909848679106,0,4,1
1166,20,本科,16.901691640307213,117.65056442553355,44.374825411295,1,9,1
1167,37,大专,16.824703267734073,96.07926616794921,24.546798846829816,0,2,0
1168,64,大专,14.8546918556415,78.50047883156523,32.235055577489305,1,3,0
1169,61,本科,14.109380790697042,90.36662861945601,36.02675113626369,3,2,0
1170,48,大专,23.252061611875128,165.64707736419427,52.706184915768034,2,2,0
1171,48,大专,12.241603101947419,78.06078010909486,32.72551269752343,2,5,0
1172,37,本科,21.878761502249546,155.7705082282649,57.25993440517804,1,3,0
1173,27,高中及以下,3.0,11.066297121945798,0.0,0,3,0
1174,20,大专,20.382354413904643,158.9838056549983,30.20780879058207,0,6,1
1175,35,本科,25.34381872327291,196.98188839560675,47.84288898615444,0,8,1
1176,34,大专,14.149168935633192,74.07908189181725,37.03177746187626,2,2,0
1177,28,本科,20.793855173688794,141.4527603952522,45.06183355487548,0,1,1
1178,31,大专,16.792575908037815,97.54178729766323,46.152945223781224,1,2,0
1179,21,硕士及以上,24.78608215179638,225.2628190404064,57.537130526269216,0,5,1
1180,47,本科,20.735611527196703,134.63089080090538,56.79603332950005,1,9,1
1181,61,硕士及以上,23.956847650637222,222.19387670616047,69.26982057177109,2,1,0
1182,51,本科,14.956215381773369,126.4748296530033,40.36253816623837,2,0,0
1183,40,高中及以下,15.634715716061493,58.46915694524502,16.121413602280242,0,5,0
1184,38,本科,22.87328845350101,143.1908181181261,42.11725410247063,0,9,1
1185,33,高中及以下,6.468122489421037,25.093234117645583,17.565263882351907,1,5,0
1186,26,本科,14.332118282494797,93.77289457584612,28.103850594979995,0,9,1
1187,46,本科,14.77201698771164,133.38110703517043,33.4234373077016,2,6,0
1188,45,大专,17.663197832327455,121.00482529418731,41.251244217556476,1,0,0
1189,20,硕士及以上,23.000076095948014,221.16552014530606,50.19979870725391,0,4,1
1190,38,高中及以下,11.783563195179763,54.95233057319781,17.290460425174302,2,7,0
1191,32,本科,21.734234053171473,147.8449372703981,66.04666567280563,1,5,1
1192,27,本科,17.558772748534498,101.13582803326051,37.90558357986526,0,1,1
1193,51,高中及以下,15.050318484324638,86.97769584234044,29.94703028308742,1,1,0
1194,43,本科,16.478449152551036,122.71496313998904,28.60840672674447,0,6,1
1195,48,本科,16.930721995030428,137.80501443538725,41.70404728244175,1,4,0
1196,52,高中及以下,5.113768844340718,22.40639852136108,15.684478964952755,2,5,0
1197,64,本科,23.085886738101024,159.47451997370123,60.51732830417097,3,3,0
1198,56,大专,10.167397765105648,63.55506951904342,7.157597323790469,1,3,0
1199,47,本科,19.748859088575298,151.62047725263352,62.56302754960407,1,6,0
1200,59,高中及以下,9.643419664370326,26.163863990389444,14.175013823370621,0,0,0
1201,41,硕士及以上,22.736084684441686,215.6656041660508,74.35863559546529,1,4,1
1202,64,本科,14.954484280883396,104.37395653359131,33.174042408212685,0,3,0
1203,54,高中及以下,16.914361195203668,68.69224695671289,34.04144137756481,1,7,0
1204,49,大专,15.008287713172402,58.78063998922342,28.047969183923342,0,7,0
1205,60,本科,12.95424829316579,88.63263237398523,30.979487052213972,3,4,0
1206,43,本科,19.52664143674346,158.4021848063153,43.741592251047614,2,2,0
1207,52,大专,13.269429842027275,104.73684905328457,30.859298156666533,1,2,0
1208,32,高中及以下,27.27023201122091,141.68180321615597,58.28975828241215,2,2,0
1209,63,高中及以下,11.425619206711362,86.55818099119053,12.471213617312532,0,2,0
1210,48,硕士及以上,26.096875764668177,234.2277656376624,79.73939809401595,2,7,1
1211,55,大专,21.10013958893552,140.90039080825483,40.28732243597523,0,0,0
1212,40,本科,8.794819163535772,54.795270811154,14.0281635226534,0,0,0
1213,59,大专,14.471600781905487,79.1106221021707,30.074154166658168,1,5,0
1214,23,硕士及以上,37.97214247340536,331.58664550743873,85.28034561173409,0,2,1
1215,25,高中及以下,9.41900357820123,16.187083684141456,11.330958578899018,0,8,0
1216,42,高中及以下,3.0,34.306383899203674,0.0,1,7,0
1217,52,硕士及以上,26.02041017794701,224.55920501445286,57.02014079568026,0,7,1
1218,56,硕士及以上,35.272590204795186,305.4317301468287,82.10243461570356,0,4,1
1219,39,大专,15.880347981603856,77.582512665433,36.370562200034705,1,4,0
1220,49,大专,9.805719452437412,55.768925166580225,27.55866244730899,1,4,0
1221,44,大专,10.57378596410488,89.89510044302543,26.32649437282393,0,1,0
1222,63,大专,11.201498644250933,98.61567462784636,32.429744223559084,1,5,0
1223,49,高中及以下,11.80598942026998,34.11694396431865,23.881860775023053,1,8,0
1224,38,本科,24.690980664693264,167.52014471320862,62.34178264445526,1,2,0
1225,63,大专,19.262115063995854,100.05732383256965,39.6465500922864,2,0,0
1226,24,本科,20.280060910545643,156.7854924919923,37.708905151604185,0,5,1
1227,64,高中及以下,3.3417761997125837,21.00778420797182,9.193724223325585,1,3,0
1228,26,高中及以下,3.3603374300327937,7.253147239466443,5.07720306762651,0,7,0
1229,32,本科,20.666260106068815,145.752416951347,55.91772323858508,1,8,1
1230,56,大专,7.272644510335528,36.47458774089754,11.175806749863293,0,9,0
1231,53,本科,16.87216489465698,142.31884567822232,35.23217707880001,0,3,0
1232,63,高中及以下,11.520752230930885,65.808153879895,27.90577295841292,2,9,0
1233,53,硕士及以上,22.312030023186555,210.85562152242557,55.606910823550855,0,1,1
1234,48,本科,12.878688328205683,50.147056126946325,32.74498340274853,1,3,0
1235,35,本科,17.529394677160905,121.70393255769417,40.618359937616084,1,2,0
1236,20,高中及以下,12.518251437620268,93.83942157398685,12.924758579787328,0,9,0
1237,25,大专,19.307593852068784,135.73749916296296,39.456770233631794,1,6,1
1238,33,大专,17.03526717385276,74.50525925431201,39.103669119327776,1,3,0
1239,21,本科,18.368282974960973,123.8765933344729,36.672183686330776,0,1,1
1240,42,大专,10.269026232214753,43.5913654045077,15.724576645796603,2,7,0
1241,54,高中及以下,4.645465020777404,48.89384850933008,6.190271372139879,1,6,0
1242,63,大专,11.445614558354261,72.33786158426419,26.625691646073427,1,8,0
1243,42,大专,16.049677924902834,84.78113415344546,31.13188544279628,2,4,0
1244,59,大专,15.683118533136714,94.61108035193212,36.986043908861525,1,1,0
1245,64,高中及以下,3.0,5.0,3.5,1,3,0
1246,58,大专,10.071614858662485,44.15526960012626,18.741883627884434,3,6,0
1247,40,本科,24.02253775803078,168.7044201936101,61.64361113401314,1,2,0
1248,34,大专,14.396075239020696,99.06158196092402,33.920688678521444,1,0,0
1249,64,大专,6.91495543448507,12.37002079795031,6.959583232516177,0,8,0
1250,30,本科,29.779105907990758,202.73641174039886,74.87255369584615,1,5,1
1251,38,本科,17.855291338426177,140.13232544676555,47.95866125621443,1,3,0
1252,23,大专,15.92166979656704,73.75821891380316,21.982654153854767,0,5,0
1253,55,本科,19.997623780225673,143.42110898334232,42.8051445563571,1,7,0
1254,49,硕士及以上,26.162022669199068,236.44782156938166,75.90479319964227,2,0,0
1255,23,本科,14.362131590893028,126.25062594160023,24.55149978082172,0,4,1
1256,29,硕士及以上,38.6083749253297,344.0233314312927,82.01412907210597,0,2,1
1257,44,本科,23.016029348088754,158.53819646099524,57.06734550848555,2,0,0
1258,44,高中及以下,14.109686005543383,83.37282632518725,34.78037551625724,2,0,0
1259,56,大专,16.881445958591055,81.39344573080615,30.58381808962873,2,4,0
1260,31,本科,12.983413048191577,87.57064323907817,31.75959608074098,2,5,0
1261,61,硕士及以上,34.38765095870137,302.6529834657047,89.58118172157657,0,5,1
1262,40,大专,9.784336709941254,56.62234306907102,23.761877910948133,1,7,0
1263,57,高中及以下,11.416433990753228,69.8082666882087,19.567197295284306,3,4,0
1264,30,本科,9.803050472677155,76.93377558497268,24.262380785093942,1,5,0
1265,21,高中及以下,3.0,5.0,3.5,0,8,0
1266,22,本科,19.591456013265574,139.1906801427672,58.53502976703075,1,6,1
1267,36,本科,13.95450366402546,120.03814985968609,23.231336259381017,0,9,1
1268,62,本科,8.054162143513635,43.90864952263586,16.790332862235925,1,2,0
1269,22,本科,20.703047514735378,147.09883430910284,31.510109475932992,0,7,1
1270,36,本科,28.600403855253944,197.30541683269817,73.58951201272286,1,6,1
1271,24,本科,24.94780129290031,173.6895338127505,39.249734549240515,0,5,1
1272,61,本科,16.713410573671638,92.53400968196046,40.38385089162207,1,0,0
1273,50,本科,18.04422653348473,147.47102854907615,41.559581587501725,3,5,0
1274,54,本科,22.438531283919566,145.45444047411422,62.701064981585034,1,8,1
1275,52,高中及以下,15.610640099174535,93.44428004817567,26.727968249118227,1,6,0
1276,49,本科,16.282321405871507,104.65560072038788,43.585982832029785,2,0,0
1277,54,大专,14.170888578622872,75.64276169330083,23.43891263609996,2,2,0
1278,20,本科,19.50307403382268,154.71836699374077,36.8357371050053,0,5,1
1279,58,本科,20.76938160139416,160.29394026192796,32.51140134128242,0,8,1
1280,53,大专,13.334617789943666,83.13769522412174,27.474608994025644,1,4,0
1281,53,高中及以下,9.399573774656279,58.415127120376184,28.68021369876164,2,8,0
1282,37,大专,20.89916164877194,121.06667818878564,51.05701074647813,1,7,1
1283,56,本科,24.04760351221443,168.20771016971764,43.96624160100124,0,2,1
1284,37,大专,16.38705286718044,88.39795131612534,52.37396691405655,2,1,0
1285,22,高中及以下,18.59554535011464,106.53870099007709,20.993001404541037,0,9,1
1286,60,本科,16.067771188867916,102.07319835456514,46.87923729793434,1,5,0
1287,30,本科,26.114867243146904,205.08141587609612,59.06011352200478,2,8,1
1288,24,高中及以下,12.712577217677753,58.8253735635914,16.26017988606717,0,9,0
1289,47,大专,30.355130611072948,182.4384121266827,60.649441205679146,1,4,1
1290,30,硕士及以上,22.037590366087613,209.71923360460355,71.6964807951043,1,0,0
1291,58,本科,14.553273738913292,102.23088249023678,37.46346567081725,1,9,0
1292,39,本科,20.093989141002737,136.1892992727395,49.801818259344095,1,5,1
1293,20,大专,15.986170264894959,95.46666987224268,31.357880954761367,0,1,0
1294,62,大专,23.75069492087509,155.9114448286143,49.89104785932875,2,5,1
1295,43,高中及以下,6.65812658350233,23.34784958546107,14.11824608310349,1,0,0
1296,31,本科,22.52459259346942,155.77859304518697,61.653108777671065,1,2,0
1297,50,高中及以下,15.81231502340998,79.21587602711203,14.325827112707803,0,3,0
1298,43,高中及以下,13.523239161103238,80.58497373843103,21.61400171869665,2,4,0
1299,21,本科,13.1950182903784,90.86744742457725,24.746063765231103,0,5,1
1300,54,硕士及以上,35.03879402627099,342.47363265384473,115.09971401107742,1,8,1
1301,38,本科,24.146624656577067,166.67829393031303,68.80081482716207,1,3,0
1302,51,大专,16.997922598951888,98.42228101763213,26.45723561666246,0,7,0
1303,60,大专,15.021738436044771,87.56494879200265,31.765904114769967,3,9,0
1304,47,大专,15.130540050221857,71.03361887146099,29.2268187604242,2,7,0
1305,50,大专,13.606321038803111,66.08702353143839,31.855953167028073,1,2,0
1306,31,本科,21.20392567126321,140.46747635275605,52.69044222158705,1,6,1
1307,30,大专,14.155674264724889,101.97149332110128,30.055435553560663,2,2,0
1308,38,本科,13.757375123236795,95.80473497222741,34.680650910427474,1,4,0
1309,58,本科,12.757041775862039,82.02962958679868,35.35238204777921,3,6,0
1310,43,硕士及以上,24.239818731738538,236.55638976974575,52.81173122344364,0,2,1
1311,35,高中及以下,11.110661212747258,78.82096305712021,11.416368722982956,0,0,0
1312,55,大专,13.865220817823964,102.02206182056018,32.93941114623971,1,8,0
1313,58,高中及以下,11.076718966443746,42.58724487369137,0.1018640694472257,0,7,0
1314,60,大专,16.504065667730554,91.59566470347848,33.6206349140534,1,1,0
1315,33,大专,10.863395370415606,92.38641327721443,18.360190225285827,2,3,0
1316,51,高中及以下,17.32830084172674,90.25859958863404,29.842704772458212,0,2,0
1317,46,本科,16.661445864762626,112.6157150798972,40.36533037175403,1,9,0
1318,40,大专,11.832865076092455,81.77240987651729,23.465379892589098,1,9,0
1319,37,硕士及以上,30.41193118666226,288.81686669033206,96.92300771511957,2,6,1
1320,25,高中及以下,3.0,6.428256436076033,1.1481378576754313,0,4,0
1321,32,高中及以下,6.047327751385403,33.52823813622599,9.325498743079956,1,0,0
1322,44,大专,18.905363993459165,127.33058499901088,42.455460117595166,1,2,0
1323,59,高中及以下,3.0,5.0,3.5,1,0,0
1324,58,大专,19.587870984665777,117.71240776938676,41.33898632459784,2,7,0
1325,28,硕士及以上,35.55568283179567,303.2853006904003,76.54950373041453,0,0,1
1326,50,大专,12.152723310881258,58.16263241138539,13.918493061024986,0,6,0
1327,23,高中及以下,11.45906383713155,48.84881802345319,16.059397264007284,0,9,0
1328,50,本科,23.595435424255133,172.324841037978,61.81934005790099,1,3,0
1329,35,大专,11.666054059782402,65.16598492912239,11.758224357927743,0,6,0
1330,40,本科,22.33887760263091,146.6458713438903,60.875539351626216,1,8,1
1331,52,大专,10.644256024346642,64.63885459595424,27.450486573173283,3,4,0
1332,39,本科,15.611988533334102,92.07947880934228,44.76207639406175,2,4,0
1333,56,高中及以下,6.003317678375131,36.448636659384306,9.754007231468794,0,2,0
1334,44,大专,15.713235995974017,111.25021740521875,38.068794412507295,2,4,0
1335,64,本科,23.789845262827747,165.34085622497406,55.05529218543708,0,8,1
1336,48,本科,17.07943533941418,116.51631247639612,42.13034928781676,1,6,0
1337,33,大专,7.643754200437984,51.46413050086145,11.740676820524543,1,2,0
1338,54,本科,12.586465888565922,57.67821993748828,15.677594807182476,0,5,0
1339,38,高中及以下,11.972997106852702,67.91724738323153,31.2277392265104,1,7,0
1340,44,高中及以下,19.220582066971346,142.63119739102967,44.88252766906456,2,0,0
1341,26,高中及以下,11.968624996571988,58.002981666139135,11.833860660615327,0,7,0
1342,25,本科,16.065517246743738,110.67174522146121,37.410792502037474,1,2,0
1343,45,大专,17.83091983425142,118.13962400700379,37.9646868443823,1,2,0
1344,28,本科,16.802506822066267,142.2975377774333,37.28993451566284,0,4,1
1345,64,高中及以下,8.108573913178969,55.167387232406874,4.712778138219531,0,5,0
1346,58,本科,13.207704471523682,60.11982812191251,14.667194170232056,0,9,0
1347,51,本科,25.04224422123178,183.74669211356365,57.29093541319576,0,2,1
1348,53,高中及以下,3.0,53.57895217862512,7.186866434600377,1,2,0
1349,46,高中及以下,13.989296001396347,79.28309570837372,28.501996532210956,2,3,0
1350,22,高中及以下,7.681275311012316,21.087347855985335,13.376861182148126,1,8,0
1351,37,本科,15.948296342741937,115.86551876547277,31.913014334376413,0,9,1
1352,42,大专,22.46157578058906,115.55914591341838,42.29366881620279,1,4,1
1353,61,本科,14.429344538999743,119.4974671120311,22.561831285543377,0,6,1
1354,29,大专,10.599654229857949,49.259686558728816,24.057021812897673,1,9,0
1355,42,本科,17.348028805402347,122.54985615819677,32.96975913330179,1,8,0
1356,35,大专,16.06923692906119,83.54872154448942,34.1611179134447,1,6,0
1357,26,本科,15.790721088535653,102.33832675652971,27.4709657675616,0,5,1
1358,24,硕士及以上,20.13070534732057,203.46860781379257,44.6865176123489,0,9,1
1359,36,高中及以下,5.671509095591173,29.909402951361322,7.878670515128542,1,2,0
1360,23,本科,24.406669282322596,162.45864787037237,40.294911889335935,0,3,1
1361,23,高中及以下,10.373883945677557,34.69100016508694,5.15393117395204,0,7,0
1362,35,大专,16.25543641851911,69.45709621512312,27.05754223383802,0,0,0
1363,29,本科,16.69289396413481,98.08104824610338,29.46469836948886,0,5,1
1364,44,本科,14.702511519133651,104.59696925560122,30.688509198543095,1,8,0
1365,20,本科,26.387847249377053,199.41843727647932,67.73361678632723,1,1,1
1366,33,大专,13.059040714744597,69.94897190213457,27.516319411369476,1,8,0
1367,40,大专,11.783150602364366,94.25705762497141,23.853474578938318,2,4,0
1368,63,大专,19.4807118317767,106.12176465723678,32.46270583250702,1,8,0
1369,48,本科,14.388198205663073,97.14721159644333,40.175683977008624,2,6,0
1370,59,大专,11.026363281130017,49.96452888172132,18.313271283562987,3,1,0
1371,35,大专,14.05123342008449,99.16882653902478,31.51008946679378,1,7,0
1372,40,大专,14.001350520440898,115.47076233331391,27.04165593821533,2,0,0
1373,38,大专,15.298056739516072,65.36108602305347,32.01805337398575,1,2,0
1374,59,大专,24.45834544697744,141.5576416523442,60.05898935103948,2,8,1
1375,63,高中及以下,11.681241231761852,77.37790386455978,18.719797697689415,0,8,0
1376,63,本科,6.109730186245997,21.06392848233796,14.744749937636572,1,0,0
1377,53,本科,19.631494717157803,145.9207216246709,51.81039647544606,1,3,0
1378,42,高中及以下,10.189399972447994,69.26908286535352,21.08584287004389,2,0,0
1379,44,本科,18.21725012175729,128.69418306765357,37.63937905995899,2,2,0
1380,64,本科,19.229736546980853,142.86210189296796,47.54435190820331,1,9,0
1381,32,大专,13.856608561626004,109.55318716167014,29.637126347566685,2,1,0
1382,35,高中及以下,9.736939534723055,77.91109598513248,24.3750857293656,2,6,0
1383,60,高中及以下,13.06522104885393,64.39659704875241,21.966142827066477,1,8,0
1384,37,高中及以下,7.289596014027495,28.462312330648977,11.347492064568417,0,8,0
1385,30,本科,13.261568321804122,79.0312765865234,25.728995952370408,0,3,0
1386,45,硕士及以上,43.11890726311196,402.7246276244383,104.74626797024558,0,6,1
1387,34,高中及以下,6.420712781093833,11.526930538604642,8.068851377023249,0,4,0
1388,60,本科,18.50071456230038,125.71639136623463,51.40826045014322,3,1,0
1389,60,高中及以下,3.0,16.54034656431699,0.0,0,2,0
1390,33,本科,18.58234207525711,122.53135683601845,39.40778683756221,1,7,0
1391,43,本科,13.333872246553325,97.53440970116013,22.651321866821114,1,6,0
1392,64,大专,11.787635285749946,109.19351148889106,30.098475210031552,1,5,0
1393,53,高中及以下,15.22532332885562,74.30263778907997,24.303154266120156,0,7,0
1394,29,本科,20.36004784189037,135.98925048182173,42.252026616203054,0,6,1
1395,46,硕士及以上,30.842047622874095,292.80840597159465,95.15353297655177,1,3,0
1396,47,大专,5.143975808040686,34.45760951042695,8.601888006176992,1,2,0
1397,49,高中及以下,19.184475849145066,117.51241581389597,25.773416079262905,0,9,0
1398,21,高中及以下,4.040593445290624,22.673281523748898,12.774312502012888,0,9,0
1399,33,本科,25.642804071469325,175.77328038071977,56.03654219068585,0,0,1
1400,58,本科,23.107719329907432,134.99816198793368,63.00926533712031,1,7,1
1401,30,本科,20.8866637089234,121.9106255552877,55.020524400316795,1,1,0
1402,33,本科,13.725076095458093,68.54005231180011,41.74448291239606,1,8,0
1403,34,本科,18.757949224097615,136.9957320629469,46.647347981821625,2,5,0
1404,27,本科,15.6453929467757,89.084008429418,27.06749626385745,0,6,1
1405,26,大专,14.145197857526458,103.7048476339495,30.75722864063968,1,7,1
1406,35,本科,16.7506387045722,117.70816940484471,37.90431004308409,2,6,0
1407,59,大专,3.8069474671379595,19.178881016302725,7.576376555188206,1,2,0
1408,20,大专,19.60892075492294,104.99569840147258,26.179411404055468,0,8,1
1409,32,硕士及以上,27.594464217253194,257.6840591793318,68.45433447309398,0,5,1
1410,22,本科,15.575998002488815,96.96451872428553,42.51511185152401,1,5,0
1411,45,硕士及以上,25.19836383585116,212.00460446161225,87.65658444328359,1,3,0
1412,31,大专,15.792297881833841,112.57903610008329,17.437108553999877,0,0,0
1413,55,本科,13.531218308527638,100.0378455713188,44.08074751289848,1,5,0
1414,46,大专,3.0,14.476058576275916,0.0,0,3,0
1415,55,高中及以下,12.035649016041381,69.79973985121265,16.57530152966156,1,6,0
1416,48,大专,16.595514989784107,99.70706803536513,33.73793554300527,1,3,0
1417,39,本科,17.001840876611837,124.75808339305812,38.077018285964286,0,9,1
1418,58,高中及以下,4.260485624049956,9.049709584617954,6.334796709232568,2,6,0
1419,41,硕士及以上,28.444677704446427,287.05807847367714,89.66159901309848,1,4,1
1420,62,高中及以下,3.0,6.305700484856624,1.6618628267741977,1,7,0
1421,64,高中及以下,4.863847016561703,47.65947998705818,2.240037402749693,1,6,0
1422,46,本科,14.246510317479194,96.89253948278721,42.0629704796244,2,6,0
1423,50,高中及以下,14.21969535445778,83.20493350711334,30.655125094851538,1,5,0
1424,31,硕士及以上,26.186945247815416,246.69585971573076,90.42954195223201,2,9,1
1425,56,本科,15.760667941117697,127.52745191507456,42.25259722446134,1,3,0
1426,50,高中及以下,19.77346257705623,86.25795727781896,23.864730039202755,2,4,0
1427,60,本科,19.762312485943568,154.4707184207879,30.43617499801806,0,2,0
1428,32,本科,19.69497255237413,165.5614056302905,52.64501140054944,2,5,0
1429,55,本科,16.151496273956127,109.18007922906503,28.112440462008514,0,9,1
1430,41,本科,15.018141661816111,105.64758263984461,35.57714211129954,2,6,0
1431,28,本科,7.067967799914246,41.62407496219741,12.542523904333262,1,2,0
1432,27,本科,22.84370265961779,154.70937483454802,47.1130162706637,0,9,1
1433,45,大专,16.241548528781895,123.12063315667874,38.33720092096735,1,7,0
1434,34,本科,17.104170033932935,104.66567234557749,46.20711055123927,1,4,0
1435,24,硕士及以上,27.31386649081872,231.6930160896069,59.51731235250368,0,1,1
1436,39,本科,21.680721311305277,175.9285632253526,56.27568174488404,1,4,1
1437,49,本科,10.226449634600733,80.95337383053058,19.439754185422473,1,8,0
1438,34,大专,11.050593342230972,98.1091137890237,23.88317731552179,1,5,0
1439,62,本科,12.318485685537347,79.47282023137362,10.211143053706234,0,1,0
1440,55,硕士及以上,36.857546412433734,333.61213477046715,109.91928009205303,3,1,0
1441,43,高中及以下,14.378277659266503,61.98123413975546,18.158572560231384,0,9,0
1442,62,大专,3.0,20.14951752971544,14.104662270800807,1,4,0
1443,39,本科,10.431191866800122,46.40689260833629,10.346145545789906,0,6,0
1444,26,大专,13.33827163321257,90.30394814910053,15.390097083105049,0,3,0
1445,21,本科,15.637798939637877,114.31670382985021,30.091991016492315,0,0,1
1446,62,高中及以下,3.3780889596155586,16.02712486108901,11.218987402762307,1,4,0
1447,63,大专,23.723811188252448,136.4874022605197,53.6777233228608,1,6,1
1448,53,本科,19.562699569912894,123.51758717886877,53.49340666264823,1,3,0
1449,24,本科,20.374081614315458,153.53426498069962,36.10590264117279,0,6,1
1450,33,本科,14.53992525383893,84.21312699132142,34.59640107886159,1,4,0
1451,21,本科,21.611370735890013,158.95803383196875,40.50001447541476,0,3,1
1452,22,本科,16.09783619508994,143.80162428777143,26.57003918876132,0,2,1
1453,31,本科,16.583284131462502,138.36581124990198,45.99163764947542,1,2,0
1454,45,本科,21.0550097991263,124.80814945382429,45.764190542039785,1,2,0
1455,22,本科,9.855012174698501,60.934014317739965,22.73098274689989,0,7,1
1456,64,本科,25.98513929925491,188.21773620311444,48.39899846163162,0,3,1
1457,40,高中及以下,10.91194607361938,53.50550153788164,19.38629454503202,2,7,0
1458,31,大专,20.40472104390212,101.43724048917642,24.840725290189333,0,3,0
1459,43,本科,12.622901216905909,94.14004779044372,27.35256924920525,1,3,0
1460,55,本科,13.384174379859035,93.53896723226876,30.820900840304404,0,9,0
1461,34,本科,12.190498892000939,114.0483733730633,30.103729678895576,1,8,0
1462,22,高中及以下,11.251488363324194,52.45901127735927,16.86278882893487,0,4,0
1463,22,本科,18.32991650959123,145.82946634703748,29.604335058715,0,2,1
1464,58,大专,11.677940903844098,51.06131937611495,18.772991083100187,0,7,0
1465,25,本科,12.929654035573602,75.08743878056758,17.123747995389138,0,0,0
1466,48,本科,11.667018651345789,92.49405995656288,22.141730869685876,0,4,0
1467,37,本科,17.75758049764672,140.55902519263765,47.2238226578384,1,5,0
1468,54,本科,15.672066102056998,95.3435718232831,30.674756255240823,0,6,0
1469,22,大专,10.571965038208688,63.7929513265108,12.608659209447268,0,1,0
1470,60,大专,21.73544743065805,109.68899698101214,46.54243837555836,2,0,0
1471,51,本科,17.58837160903633,120.40030386867211,35.31240006467055,0,2,0
1472,40,本科,24.350214669634624,183.00534447180425,61.15761050452598,1,1,0
1473,29,本科,15.333739086586517,100.81179611906344,37.741176454528,1,5,1
1474,63,大专,15.223881418993285,87.60776792480266,43.31435479329288,2,9,0
1475,33,高中及以下,9.722619918718326,31.666168619150852,13.474966753266235,2,2,0
1476,42,高中及以下,3.0,5.274623795626114,3.6922366569382796,1,4,0
1477,37,高中及以下,17.141691531319566,112.08012139981291,26.367268303699532,1,2,0
1478,30,大专,13.32423196483792,81.03926516478452,32.85370039079726,2,0,0
1479,38,硕士及以上,31.7320910981648,270.55420338372426,76.36591186090808,0,7,1
1480,26,本科,14.239856387692203,94.95741546507556,23.863107823883812,0,2,0
1481,20,大专,13.175778092101178,55.09325423510864,15.257376244893377,0,5,0
1482,33,高中及以下,5.665738200383227,13.11629561981295,0.7710931067014641,2,6,0
1483,25,大专,20.17999241381697,141.4850505685986,29.616020165756815,0,8,1
1484,38,本科,19.55704673725338,134.76209079497457,52.599347653444006,1,1,0
1485,58,大专,15.83526763340444,123.37255844194473,29.76615336065996,1,5,0
1486,27,本科,24.790920735524892,172.10622757123343,46.471900869017325,0,9,1
1487,20,本科,23.781706484495114,165.93226494859334,36.73291653918422,0,4,1
1488,24,高中及以下,13.826712680681426,78.74697578153899,17.84228897541714,0,0,0
1489,42,本科,10.891363264812686,36.150729120397784,22.092213620602763,1,2,0
1490,32,硕士及以上,24.521604402416582,223.76852947655286,77.95662355624886,1,7,1
1491,42,大专,8.980559319943236,53.14855859874514,12.043108750270381,0,7,0
1492,21,高中及以下,13.637668468128997,90.47892574337219,12.799963462489366,0,3,0
1493,34,硕士及以上,28.853259708750258,274.1495282912066,88.89179738001239,1,1,0
1494,38,本科,11.047437831847027,60.326689539727184,15.822212866866272,0,2,0
1495,39,本科,17.05627893494386,138.02603182402075,37.00916917759451,2,2,0
1496,44,本科,10.529438321406108,69.77135036612783,32.3164440376397,1,7,0
1497,55,大专,13.734217559651201,68.83850696346653,28.68908866017104,1,8,0
1498,41,本科,9.723137480064077,71.01851112351656,13.83148901619539,2,0,0
1499,57,大专,16.644137466923063,96.8232844665811,33.833581138595775,1,7,0
1500,43,高中及以下,11.889813130170367,82.5260453612797,26.866958188160762,2,7,0
1501,31,本科,27.53974246673441,197.887527694509,66.55724883621954,1,6,1
1502,30,硕士及以上,32.23936644748671,293.2391818406705,110.49349519038819,1,8,1
1503,34,本科,15.885428720887486,124.707707289044,36.30396010705959,1,0,0
1504,46,大专,18.090350466372428,124.93517706962524,31.823408034605613,0,6,0
1505,30,高中及以下,3.0116805952741075,26.812479390830028,10.83009403909401,1,1,0
1506,61,硕士及以上,23.187636981594572,229.98068492657546,55.46659673431671,0,8,1
1507,41,硕士及以上,29.66571266037555,276.12165013708676,61.21034068235674,0,4,1
1508,58,本科,7.2087516862603636,52.97603377472307,13.706017673787409,1,0,0
1509,50,本科,17.814196075330585,143.28695345863454,51.36562592440256,2,7,0
1510,35,大专,8.898683539407896,52.02865913521529,10.392810052180906,0,7,0
1511,30,大专,14.506535275766318,87.53790939976783,37.08289088171225,2,4,0
1512,53,高中及以下,4.611318209763683,48.88024480827213,6.494798034232186,3,3,0
1513,34,高中及以下,12.121240687275943,84.93506535570819,23.43451288473815,2,0,0
1514,31,大专,14.096637118336949,84.45718560617185,24.363998017603265,2,9,0
1515,61,本科,25.001829584406654,168.20953343126232,60.838336714596515,2,1,0
1516,41,高中及以下,10.03367267050811,72.11596585566804,14.436604355004098,1,8,0
1517,22,大专,10.156785975192669,72.94699121988423,17.58199153260299,0,5,0
1518,42,本科,16.765570720863586,122.09271385900554,43.30202109038588,2,6,0
1519,40,大专,7.278818014916343,38.84481743664889,18.472225474342455,1,6,0
1520,58,高中及以下,12.0306862735272,65.12888004835492,20.104924247400135,2,8,0
1521,52,本科,20.949251231576362,146.319131722719,48.87418654020472,3,0,0
1522,28,大专,26.34598018346409,148.11080840718958,43.59413332493337,0,9,1
1523,26,本科,14.890820046977977,106.17137525765436,22.474526672108972,0,0,1
1524,47,硕士及以上,26.661027131624085,243.93060486921087,90.5740943176519,1,9,1
1525,22,高中及以下,7.121207377808922,29.975110885241143,9.219048211541704,0,2,0
1526,34,硕士及以上,29.06056850565612,275.1025018800479,91.21784082704654,1,8,1
1527,26,硕士及以上,29.90845267239807,288.5085599362475,97.86838440206292,1,0,1
1528,20,本科,17.733125777857445,138.68034584983332,32.51312582076698,0,4,1
1529,61,本科,23.43162958436516,159.8776813123462,35.175414294821394,0,5,1
1530,24,本科,14.915102481226112,115.74303993140836,22.36036560572727,0,9,1
1531,20,本科,22.93087023945356,161.68551263807555,47.82530781350944,0,1,1
1532,61,本科,20.692489268205414,126.31123519894862,53.28873181948775,2,0,0
1533,28,高中及以下,9.939850400505268,59.79019267999252,5.259455288877534,0,6,0
1534,56,硕士及以上,26.425316796214272,240.01982578028267,86.18944749748043,2,0,0
1535,21,本科,30.133338793656847,249.83659158663755,53.101049362884716,0,7,1
1536,26,本科,13.914956746289603,119.26376017320561,21.439745001823304,0,0,1
1537,24,大专,15.489665884842074,103.6052476630703,19.36889510527493,0,9,1
1538,51,高中及以下,6.248904648789337,34.98208076326938,13.591891248678776,0,5,0
1539,47,本科,26.92810374310653,190.952560027616,58.97381320361043,1,9,1
1540,41,本科,22.434131643996018,141.98358045347553,53.13154597821239,2,1,0
1541,30,大专,10.608250605794279,37.564695226767014,24.15095017441951,2,2,0
1542,23,大专,16.56297496715614,86.28946316671338,34.72383479131044,0,4,0
1543,45,大专,15.288478606382776,91.01511636574021,36.70971348792136,1,0,0
1544,30,本科,15.416876190126306,76.33504415774938,35.15999558810871,2,1,0
1545,46,大专,17.790821086140866,98.58009963275396,47.14239008176679,2,3,0
1546,50,硕士及以上,29.94652695552205,265.80454710283203,88.90353662436809,1,7,1
1547,58,高中及以下,11.078493569429762,52.16106954486694,16.559609484741692,0,7,0
1548,42,大专,13.790401443788356,72.81655468990797,33.05361443397123,2,0,0
1549,20,大专,16.155272462998255,91.80892756226852,21.76596347405497,0,0,0
1550,32,本科,19.146938307462296,159.88697557409398,52.40839263500744,1,6,0
1551,58,大专,14.295466665125087,95.70497921310957,29.166485351872893,2,3,0
1552,43,本科,14.794920420062184,95.15993128696304,41.27673381084871,1,7,0
1553,47,硕士及以上,36.468831203812464,327.1942640088827,107.31993823324977,2,2,0
1554,40,大专,8.747900283257264,52.06270166475958,15.846478910021142,0,3,0
1555,27,本科,20.138181094398725,129.4479361546888,35.29579256664161,0,2,1
1556,60,高中及以下,8.398796288492836,30.457028176306356,21.319919723414447,3,2,0
1557,54,大专,22.7977363472465,151.9442783883797,50.39107104203247,3,7,1
1558,64,大专,9.482587313880796,50.59875822053253,27.297491505415962,3,4,0
1559,58,高中及以下,6.323683691198339,15.197972650528627,10.638580855370037,2,6,0
1560,33,本科,13.150909683690873,91.40926262479448,32.9630319465894,1,0,0
1561,31,本科,19.61732525475305,139.09142308020822,54.06061257396553,2,5,0
1562,31,本科,11.134746702156791,48.35266355219001,32.419570146646215,2,4,0
1563,61,本科,15.60735752621117,108.64030731622029,42.23634850192561,1,9,0
1564,45,本科,7.238170885728575,63.68689521532393,7.032019739910595,1,4,0
1565,40,大专,15.202106770640452,97.9810814066702,19.714610514615543,0,1,0
1566,63,高中及以下,7.498925706218687,70.941555259018,20.981014931689653,1,6,0
1567,47,高中及以下,3.0,33.766642234682685,0.0,2,1,0
1568,60,本科,23.428047014870295,185.73033947535487,64.27096587332265,1,9,1
1569,64,硕士及以上,21.461665508075303,235.15627861139262,72.10228458219895,1,3,0
1570,23,高中及以下,13.984718450141077,81.29593617732435,15.600226061033831,0,7,0
1571,36,本科,14.494795880060977,103.90962427941736,16.911688221929488,0,6,1
1572,53,本科,26.00785688947713,196.6611026278099,63.60551136287443,3,4,1
1573,56,本科,21.74775269463073,143.8457223614902,50.732156466705064,0,5,1
1574,26,本科,12.95976064562986,92.33361931183356,19.72396953659662,0,1,0
1575,34,本科,13.414587238948467,84.18619602646456,20.912772605253053,0,0,0
1576,44,本科,21.02762602612155,153.16315054629408,48.737672445191436,2,7,1
1577,55,本科,16.688109346449167,107.03812910484686,48.712041762925224,2,9,0
1578,25,高中及以下,9.153287464893172,35.46250982654009,11.371191706102577,0,8,0
1579,47,硕士及以上,34.36119430886049,315.452848176327,75.72940979408912,0,3,1
1580,33,高中及以下,6.256555633150217,29.21710655404258,18.798411898133413,1,3,0
1581,29,本科,18.456468860877273,100.28246499038971,37.13422017660503,0,3,1
1582,43,高中及以下,14.77313896826153,52.032341021626316,23.103184356939074,2,7,0
1583,38,高中及以下,14.045587441928001,53.01893983771805,13.194763177342097,0,6,0
1584,48,高中及以下,9.201936662396637,32.76510472027357,22.935573304191497,1,7,0
1585,34,大专,12.55547059573671,81.54917351659984,27.957085541244076,1,9,0
1586,57,大专,5.305922687395341,35.11961883044658,4.033828266737094,1,3,0
1587,23,高中及以下,4.718775036674021,39.57306575885809,0.0,0,6,0
1588,58,大专,15.591796132873668,104.84280414136857,19.678516159256553,0,5,0
1589,21,大专,13.310589055288819,95.94207867447278,15.365731329052739,0,9,0
1590,53,本科,18.37463539283113,137.74839062170477,23.85456379919457,0,3,0
1591,35,本科,23.196268048170303,165.51906597356447,37.53154229611343,0,1,1
1592,37,本科,12.063384454688627,100.93396731713523,26.226544473510177,2,3,0
1593,20,高中及以下,8.819098488836751,57.88668432028525,9.812853980227679,0,6,0
1594,51,大专,14.94355481705609,95.3027594156464,41.63924191950308,1,9,0
1595,27,硕士及以上,24.47920031212742,239.37888087204894,54.84554835584107,0,8,1
1596,49,高中及以下,17.157385569637086,50.60010421063448,31.332223754348462,2,0,0
1597,52,大专,18.542934008065735,106.90065643628766,43.71159031690065,3,5,0
1598,58,硕士及以上,29.450666635443778,260.469142734218,92.90828954491008,2,1,0
1599,51,硕士及以上,36.97115889664293,350.0306732320099,120.12361749420772,1,3,0
1600,33,大专,6.505523601949289,62.604066565957275,15.845336781086086,2,9,0
1601,53,本科,17.96136859447159,103.97688960814719,46.50423958687113,1,9,0
1602,57,大专,15.831684844670304,116.15761668026096,48.97867077726286,2,1,0
1603,34,本科,13.42722476603039,76.4188955718187,38.86218849742941,2,1,0
1604,25,高中及以下,11.503572709088642,40.39963486203087,10.408802551463229,0,6,0
1605,60,高中及以下,4.46708753106061,18.82115212039258,10.226900051684463,1,4,0
1606,26,本科,21.452786591371265,145.3964090576101,35.8362350936951,0,4,1
1607,46,大专,19.289173840644533,92.35878384811404,33.47971544214341,0,8,0
1608,30,本科,19.361667005641642,145.27983864188002,42.59312211387305,2,9,0
1609,25,大专,4.736010924675272,38.60710191895066,2.1334404575540464,0,9,0
1610,54,本科,13.166032394169827,107.97285070164384,35.358750579554545,2,7,0
1611,26,本科,20.823550016065802,139.26302016579262,58.19251585903825,1,9,1
1612,50,大专,14.10599321756183,84.04221858078425,33.828526686752326,1,7,0
1613,51,本科,4.529986911537559,31.253500907223273,15.844703231654556,1,8,0
1614,22,大专,20.2141519193412,146.60484313807416,34.616018903151975,0,5,1
1615,27,大专,14.683282531269162,45.5860234481167,31.910216413681688,1,0,0
1616,55,高中及以下,5.904626679999775,15.168968165162326,5.600395313707505,0,8,0
1617,42,本科,22.97477798783332,160.90655855671022,62.76556680249813,1,9,1
1618,25,本科,14.612299935465504,86.002546024526,32.23021254442172,0,3,0
1619,64,硕士及以上,24.557739411978925,217.14484934874358,78.1463989646238,3,4,1
1620,31,本科,19.79176325507018,136.65120973994263,49.98332490781103,1,5,0
1621,20,硕士及以上,36.905192296211474,322.2814390340162,92.65444537841651,0,6,1
1622,61,大专,22.117935889864434,133.6746492307267,48.99970877641792,3,6,1
1623,20,硕士及以上,29.798557494520534,277.609256617052,68.76611880175447,0,3,1
1624,44,本科,20.311928294251597,138.63950138429615,40.09975652460119,0,8,1
1625,64,大专,17.957494660424125,100.94704695301371,39.376606866370786,1,8,0
1626,46,本科,11.715081623153255,79.5190976122647,17.62977479723381,0,9,0
1627,46,大专,17.22074168575991,103.21290491487562,29.787429408548668,0,5,0
1628,37,大专,10.32963265928236,35.873002475677836,22.73800945349523,1,0,0
1629,25,大专,15.592390333982904,100.4776507733166,34.47092112342479,0,8,1
1630,45,高中及以下,8.862661861963314,37.54829086811466,20.559733742643093,1,0,0
1631,60,大专,16.506041635571073,117.9592759355922,33.66600099875277,1,1,0
1632,24,本科,18.5905173250323,138.99942340986323,38.1307107338868,0,2,1
1633,59,本科,3.0,38.55099606329483,9.2043291736549,1,1,0
1634,38,本科,18.894458558525905,117.0961530039577,54.82247312676125,2,7,0
1635,44,大专,17.210764761496314,97.69378895116648,35.58562670637662,2,4,0
1636,27,大专,16.22964174169227,78.74097313829247,27.2354003633391,0,2,0
1637,47,大专,13.487070268957101,70.34455347980273,29.445827751622303,2,0,0
1638,28,本科,26.21080845965203,202.25724058519307,67.26101272970244,1,2,1
1639,32,高中及以下,11.556865645608305,80.09668689687895,11.46469551769167,0,6,0
1640,52,本科,20.188366500965532,124.09656608469182,54.46083474953282,3,7,1
1641,22,本科,23.222459470252844,155.68305126701065,61.42320532574351,1,2,1
1642,40,本科,19.812964998482993,137.5478199090217,57.04824365573303,1,0,0
1643,46,本科,13.509911232928982,103.3534632576496,25.010756077149356,0,5,1
1644,25,大专,3.0,5.0,2.800802458759325,0,7,0
1645,33,本科,15.614395489909594,85.25576720644058,43.8412523664392,1,0,0
1646,35,本科,21.804727629405583,159.97748556392511,51.74005718513285,2,7,1
1647,49,本科,16.23451834291097,84.40604986660793,46.90411704155733,1,1,0
1648,63,本科,22.00589186140865,147.33928193777749,46.23513938998156,0,2,1
1649,57,本科,18.743640879601365,133.63686328559217,41.05584833733258,0,6,1
1650,28,硕士及以上,34.44033035131092,316.197962710795,111.91997039583588,1,0,1
1651,20,大专,12.523916464396695,73.0177273532227,17.85626275933382,0,3,0
1652,22,本科,20.33807413283844,136.8801681441561,38.273066147942124,0,1,1
1653,46,本科,20.529425322676797,156.37454015448478,54.35302617483526,1,2,0
1654,27,大专,21.508009363155963,133.32614507442213,32.04226694237328,0,7,1
1655,30,硕士及以上,19.46681346832861,165.49607188568558,68.862050475936,1,2,0
1656,58,大专,11.707958627234213,70.81359521363885,21.86731381396214,0,0,0
1657,59,本科,22.24258052694252,161.44559902844054,52.368678469728124,1,2,0
1658,57,高中及以下,17.72948239889324,114.42097061623691,42.6571478802537,1,0,0
1659,31,大专,15.200357563210401,102.9970004036361,25.111525628251734,0,6,0
1660,47,本科,16.536479177892566,133.9737070845571,36.78018908526558,1,9,0
1661,47,大专,17.785591843372224,97.55444011573888,35.33274327854996,2,1,0
1662,28,大专,18.343513376158416,102.19833666312546,37.15540965520336,0,7,1
1663,44,大专,12.201691606663465,69.67944974778594,36.212679947877,1,3,0
1664,43,大专,15.651536560887731,91.75562966575391,39.793836432575354,2,0,0
1665,37,本科,23.902636312059848,152.19807981737557,50.935933601806695,0,6,1
1666,53,本科,27.452294966372257,211.15506916295809,57.0070844566136,0,2,1
1667,50,高中及以下,13.713024796176459,81.81539854726417,28.49650225665119,1,5,0
1668,43,本科,18.220694483327964,122.95969346377315,48.19908334395758,1,5,0
1669,52,大专,13.72962411981046,92.00340445407056,33.17908151836226,2,5,0
1670,54,本科,20.786982785968114,148.85236694683437,42.23993028368732,0,1,1
1671,45,大专,13.42163578760275,91.32723443958712,26.08804141584611,1,2,0
1672,32,大专,14.948202495111941,69.5246081177872,36.84480318570906,1,7,0
1673,54,大专,8.710618677345625,50.078795966112224,21.404286493785,0,9,0
1674,52,本科,24.485285982455796,170.52642395860366,61.528043543529414,1,0,0
1675,64,本科,12.299076364256607,95.44816604397101,29.857901184066648,1,4,0
1676,26,大专,11.839441197734937,61.610083168677626,21.56262628652393,0,8,0
1677,38,本科,18.487966304259068,91.91680326857754,43.98846615534124,1,2,0
1678,61,本科,27.954934399443193,179.45904503085853,45.27231022782959,0,4,1
1679,43,大专,11.886585075738363,70.40379066876656,32.126814068665055,2,9,0
1680,62,本科,14.669920930198018,103.6477098939361,24.95794702540016,0,9,1
1681,20,本科,15.24591541333103,131.97762973269198,28.37341598533011,0,6,1
1682,21,高中及以下,18.294485838056563,100.21362580015429,22.104292822287444,0,6,1
1683,55,本科,3.938265032469893,28.79080941576159,13.689255709796647,0,6,0
1684,36,大专,8.986309939257065,53.431990483820826,18.823702893016517,0,2,0
1685,43,本科,31.656443545797757,238.1578555531297,79.67851555374477,1,8,1
1686,39,大专,16.954410367458184,92.87480542238754,21.5666579714685,0,0,0
1687,38,本科,12.4700752533039,85.18626995701831,30.126393247900467,1,0,0
1688,62,大专,13.790410089126143,66.40358873268234,25.19122784413292,0,6,0
1689,24,本科,18.33727283033931,149.6445005428047,34.95881962067824,0,8,1
1690,54,硕士及以上,32.23062622952803,295.96312012077647,74.51477741902676,0,8,1
1691,60,大专,23.197510014112815,128.57221064461768,52.556966028679504,1,6,1
1692,49,本科,19.942758406396077,137.8824836899979,54.74772888583278,1,3,0
1693,37,硕士及以上,25.301058484935197,235.354287812511,80.62758583904274,2,3,0
1694,27,本科,21.935422210491023,149.78717178260302,42.940275452758364,0,4,1
1695,50,高中及以下,6.508736515685695,24.526623252739462,7.269284928185186,2,2,0
1696,41,本科,12.833312520054854,80.01908235061902,45.55836737361678,1,4,0
1697,26,高中及以下,3.0,20.084428488616723,2.7057034034187257,0,1,0
1698,36,大专,6.174358027497996,31.675333976827698,14.725039860465436,1,3,0
1699,63,本科,13.51777421937864,87.8180535142093,37.37024075444349,2,9,0
1700,31,本科,12.111051161495645,64.73643180463841,28.889783155618673,1,7,0
1701,28,本科,19.566182636873588,138.12788710602268,36.33439276264782,0,1,1
1702,50,大专,8.002990870879824,45.29959364340032,17.745016106637085,1,2,0
1703,28,本科,3.0,16.175274770370528,0.9948095371331158,0,2,0
1704,61,本科,12.780441127052672,92.44464805169949,34.84697420731777,3,2,0
1705,58,大专,11.640701761392904,81.06424450939589,10.611827662162852,0,6,0
1706,64,本科,14.972752560640174,115.33275000358825,36.53799821207059,0,8,1
1707,61,大专,21.59762339654592,137.87666789277196,38.95300432729636,0,7,1
1708,30,高中及以下,6.9322872035542495,31.051381838235432,16.193650294931103,1,4,0
1709,29,本科,22.40461731599599,148.3273461728533,48.56058668020355,1,1,1
1710,35,硕士及以上,27.905087001595692,235.48704839452466,85.19410960363314,2,1,0
1711,41,大专,13.788476371637007,73.83351061975081,37.55714314905943,2,8,0
1712,59,大专,9.823098555759815,59.23334276160744,41.463339933125205,1,6,0
1713,53,高中及以下,9.706086742096165,36.736141885693584,24.172374966715463,1,5,0
1714,48,本科,14.174519365512916,100.66249264535205,41.40061403014026,1,5,0
1715,59,大专,14.850121571272853,74.61887925895915,26.682068086032967,0,8,0
1716,49,本科,16.81875183688156,92.8163845230656,38.734424964681544,2,8,0
1717,37,硕士及以上,23.276860334042,221.78283481934992,79.34543918326585,1,0,0
1718,38,高中及以下,14.959471698502977,67.68113956202723,22.542972749208438,1,3,0
1719,43,本科,20.134202400107128,128.38391200239153,45.38996130657444,1,0,0
1720,23,本科,15.759686329288758,93.91009718555974,22.8665715136382,0,3,0
1721,53,本科,18.72746523517655,137.43779626719186,39.61806124376047,0,6,1
1722,49,大专,13.580887392490181,102.1089400269606,29.86249973669069,2,2,0
1723,52,大专,9.662045313683631,51.92616396700962,21.954031095899566,2,1,0
1724,44,高中及以下,10.35248114510582,48.52895510559037,19.33388246181999,2,4,0
1725,55,本科,14.894941225963127,120.33906618007798,22.001533268170476,0,5,1
1726,62,本科,13.275330821899503,65.77063018792184,21.27208414453656,0,7,0
1727,45,高中及以下,3.0,44.503029643690006,2.522868968732737,1,0,0
1728,39,大专,12.206963232306846,109.90328392873661,20.073101139594392,2,2,0
1729,24,本科,20.834853297918617,105.24891014412907,50.71199969968032,1,7,1
1730,55,高中及以下,6.526703233105701,31.17096773177715,6.831036280091996,1,6,0
1731,60,大专,26.603543460789847,148.83705528669563,45.98611855081452,0,8,1
1732,51,本科,22.428428268263662,153.02742131427462,44.90958975746321,0,8,1
1733,58,大专,20.521650663302392,116.85412793557549,39.08986885933186,1,8,1
1734,58,大专,17.976215060368794,120.03367683940314,27.638309576557447,0,5,0
1735,55,大专,23.264324874692864,137.89740064363733,60.927100628401675,1,9,1
1736,42,高中及以下,6.064990082637289,16.661342200187093,6.46804191655345,2,4,0
1737,24,本科,5.196313071706893,33.791414082521385,11.772349836991614,0,9,1
1738,20,本科,15.769371958235585,118.10736726208525,29.779794652541433,0,3,1
1739,29,本科,20.79109287773769,127.7818302276846,44.03191507740795,0,4,1
1740,39,高中及以下,10.757584858739893,29.094418959149756,20.36609327140483,1,6,0
1741,53,本科,19.37736305483892,165.53268339640223,47.352685215494695,1,3,0
1742,40,高中及以下,16.60455001334936,73.38634987112025,31.467351882394475,1,1,0
1743,21,本科,19.910287872312498,137.31172030239466,37.340433722908365,0,8,1
1744,29,大专,17.994564637955108,102.00045674034706,28.692718802073156,0,4,1
1745,64,本科,13.302186290736206,101.33661959638557,18.079998292695574,0,9,1
1746,64,大专,8.523031553919816,77.73003816988455,25.136573087691453,1,3,0
1747,36,高中及以下,18.070569615122437,99.05185570155145,39.21448596767619,1,9,0
1748,56,大专,14.50450767573534,64.25156884131218,26.97906190578317,1,6,0
1749,52,高中及以下,6.883854082769325,13.657419008718676,9.560193306103073,1,7,0
1750,61,大专,10.893027532264409,59.3736935636827,16.52127625549726,0,7,0
1751,59,本科,14.754384391808712,99.25719274966198,31.914858118573353,1,2,0
1752,48,本科,14.455204894770791,75.35716522019653,17.480423740988485,0,8,0
1753,37,高中及以下,3.5842609869817013,30.211418737525115,3.367526091029009,2,9,0
1754,48,本科,10.497897988897456,57.190477554060024,17.691589068148822,0,6,0
1755,34,本科,17.024978111727904,141.57437021398167,36.292652408644706,1,9,0
1756,35,本科,15.035370648398002,132.55708349687183,28.775501373205692,0,8,1
1757,47,本科,23.535796427216475,161.02677200103267,65.9482413881198,2,6,1
1758,45,本科,19.465383266334584,142.84227247061486,40.31886668987699,0,4,1
1759,46,本科,19.326588400389916,116.8069104714664,48.746005097202655,2,8,0
1760,37,本科,14.284397962227747,109.34593063278095,17.295499737326487,0,1,0
1761,38,硕士及以上,27.394857921100122,239.08083493838555,91.10508276121013,2,5,1
1762,20,高中及以下,11.805005518157202,42.71649776696071,16.96384343278894,0,8,0
1763,47,大专,17.580978698563378,101.1458473675855,41.1515282569008,1,9,0
1764,45,高中及以下,9.530540867408172,40.66648421096041,27.550278127902892,1,2,0
1765,62,硕士及以上,33.395618896621045,295.6831790245331,102.57494422705098,1,0,0
1766,42,大专,14.039946544539713,98.48487780948366,16.794601663267947,2,3,0
1767,41,本科,21.9642355925884,141.97003525858278,50.851349050014576,2,8,1
1768,23,本科,15.550738957054248,134.88051769598786,31.27684610667474,0,5,1
1769,28,硕士及以上,18.937058167156792,150.55762901203084,43.595178002365046,0,0,1
1770,35,高中及以下,11.341794940092614,80.940428798142,15.18768486468024,1,1,0
1771,36,本科,21.626620315733128,136.13868288153148,33.0187937698028,0,3,1
1772,36,本科,20.876736659037846,146.12195812521568,51.567017084754724,1,3,0
1773,37,高中及以下,12.1109333071872,53.201724833765695,16.477526601566968,1,1,0
1774,54,本科,16.257065170225065,108.64352611850764,32.76002298204013,0,4,1
1775,25,大专,9.966268742772039,71.81797100196547,20.06798216582258,1,4,0
1776,34,本科,20.7586413452189,167.80789137496447,49.90273921537574,2,1,0
1777,27,本科,20.132237080991374,158.78353014127424,33.55391777062396,0,2,1
1778,33,大专,11.195504545780869,61.100182289557495,19.452330997067982,0,6,0
1779,50,高中及以下,15.547120945960284,80.49943306586972,29.363897892475713,3,9,0
1780,22,高中及以下,5.585672427261997,16.197194031284553,8.690085936798214,0,9,0
1781,35,高中及以下,7.082383106044798,20.538660841603573,14.180115542863055,1,5,0
1782,21,本科,26.182126061708324,166.08036884602825,48.206866161485415,0,0,1
1783,62,大专,18.342909688669565,103.49385852725545,35.55560659155598,2,8,0
1784,52,大专,12.209953470544887,77.00380528849345,23.454196070953337,1,9,0
1785,30,本科,19.436903548217753,107.38109744125171,47.68791404000168,2,2,0
1786,28,本科,18.773961222619192,130.72242301962285,45.15167425840021,0,4,1
1787,24,本科,4.271930675113108,52.64389159403463,1.180249800250758,0,0,0
1788,41,硕士及以上,23.467630252633093,228.0373383098097,72.88419614057828,1,8,1
1789,53,大专,13.745766914453592,73.69684033882157,31.006937850639417,3,7,0
1790,46,本科,16.21694261720347,92.56550468118249,39.917624620592406,1,0,0
1791,59,高中及以下,11.235512824152103,63.07501871773292,20.818677840397825,0,7,0
1792,35,本科,23.6474115647396,130.7704572000647,58.876646895395346,2,4,1
1793,32,硕士及以上,26.39232107673036,254.1832014288134,83.15075884440047,1,5,1
1794,41,本科,12.711726019385676,85.77827026745112,36.55160254761199,1,2,0
1795,29,本科,19.624258292555226,164.8393128565476,45.456557447281824,0,8,1
1796,63,本科,16.36688333216098,88.66370104147988,48.85487878341296,1,4,0
1797,28,大专,13.219682495890487,93.09028835346041,20.73261622279687,0,8,0
1798,41,本科,16.541131404234605,114.28028727742925,42.015019679157405,1,1,0
1799,43,本科,29.209189000054927,199.4985650283033,74.86307411906138,2,5,1
1800,22,硕士及以上,16.796478695010276,130.62065627691032,39.28291564736151,0,3,1
1801,41,大专,12.05833048433677,81.28620150669636,22.532753103488552,1,9,0
1802,40,高中及以下,9.98155487175804,60.04983513044306,23.398384378823515,2,5,0
1803,31,本科,14.094287538586105,125.43692979959108,37.043950299701436,1,7,0
1804,25,高中及以下,14.499129160641415,87.61639974611595,19.712021651805372,0,0,0
1805,22,大专,18.066288393598196,99.48930042725314,22.911660314833714,0,6,0
1806,20,大专,13.761226907557297,67.50942269108106,22.604618632695885,0,1,0
1807,41,本科,16.646631223281528,95.9990470601349,33.06608125938028,1,3,0
1808,24,高中及以下,9.440215828841765,69.29944432880089,10.072050044496265,0,2,0
1809,63,高中及以下,9.476066731760946,35.70771939463674,14.952136589655783,2,0,0
1810,31,高中及以下,9.608134859371187,70.24412233142554,19.450228826759073,1,5,0
1811,49,本科,17.060004492416002,127.29611205984303,52.98756160284937,1,2,0
1812,50,本科,19.262246572961963,139.78426923464315,52.074577322245005,1,5,0
1813,42,高中及以下,13.766060324139325,64.22727693229214,26.170343308869633,0,7,0
1814,59,高中及以下,3.8486992620071163,29.153590005069344,8.518022350777668,0,1,0
1815,24,本科,12.746680503834256,88.99470208428775,38.1930361357346,1,7,0
1816,30,大专,5.2574098525823825,26.006259743462138,18.204381820423496,1,2,0
1817,31,本科,22.331987001787997,166.76398081223897,37.766651726805456,0,3,1
1818,26,大专,15.251616465952315,89.35011715739692,20.722096504185235,0,5,0
1819,33,硕士及以上,30.526337579663853,262.76201653589226,100.87570306941262,1,6,1
1820,34,大专,6.852508808182658,50.11245448100571,11.082671998944676,0,6,0
1821,54,本科,26.92474061440069,187.51339946637634,69.89448143382857,1,1,0
1822,33,高中及以下,6.955745459273212,42.11237747273312,11.798688275600469,1,5,0
1823,59,硕士及以上,28.84102903555628,252.7613634446937,63.20886805147807,0,2,1
1824,54,硕士及以上,32.27192330339186,272.3104901603124,111.21261829821212,2,2,0
1825,60,本科,13.06510122101964,117.4818179848516,18.73645719589186,0,9,1
1826,24,大专,11.268378207436665,90.8094404060736,21.686733992255117,0,1,0
1827,64,大专,14.895858873004372,102.63192765695564,26.75243280291933,0,4,0
1828,47,本科,32.28736537732353,220.1943973606506,74.59915205121041,2,4,1
1829,64,本科,19.50562371426012,132.03459640240476,45.68296693996665,2,2,0
1830,35,大专,22.03180575315359,152.92574620736852,45.59715596725163,2,7,1
1831,62,大专,20.028365725959777,114.86274379224747,35.2688730426378,0,4,1
1832,46,大专,15.840050182472593,85.55196054962609,33.3297358754364,2,7,0
1833,23,本科,13.054021141846606,119.46166812747305,23.78726018507143,0,3,1
1834,38,本科,23.298768054091177,162.37621115443017,52.24011559327933,1,8,1
1835,26,本科,10.509448291759764,100.09251797002602,31.12458516479093,0,7,1
1836,62,本科,26.00437561838546,161.0547506683482,66.79715779867234,2,3,0
1837,33,大专,15.000026541091277,97.77293248831519,35.79506340770735,1,9,0
1838,30,大专,3.0,49.066238988249225,3.956872557173888,1,8,0
1839,44,高中及以下,8.297469524840805,41.93360879408696,12.294618723737253,1,5,0
1840,39,本科,21.2697391046147,144.92810634828595,49.01878931382793,0,0,1
1841,24,大专,12.814880634801167,59.3730050448307,18.865426974225443,1,5,0
1842,56,大专,17.575029054967867,121.6853201463359,40.40979984418255,2,6,0
1843,58,大专,9.749879161438523,46.94735372902083,15.587212282854054,1,3,0
1844,53,大专,7.470088136061963,43.39840042552195,14.558589890072533,1,1,0
1845,47,本科,17.642772984761972,104.98187669644463,41.886812637696735,1,5,0
1846,38,大专,14.157828336449574,108.30038902015893,26.500490489821814,2,8,0
1847,44,高中及以下,8.258078244688393,58.613670884327206,11.532066234978176,0,3,0
1848,43,本科,24.136455733210962,168.48141889427976,48.82849866182369,1,4,1
1849,27,大专,9.748963124304712,41.18154471202435,14.21587785178015,0,0,0
1850,23,大专,15.565828036661747,116.43357395860997,24.765191542642153,0,7,1
1851,31,大专,14.339849855818127,80.55012322920155,25.03808394788618,1,8,0
1852,40,本科,10.216420239319582,54.9368690629743,26.517553151184746,0,7,0
1853,27,大专,7.404849081657439,17.997324302856473,12.59812701199953,1,4,0
1854,24,本科,18.059555081243158,116.72740859029548,32.31305346338188,0,0,1
1855,58,硕士及以上,37.90599999343482,319.3344281029643,84.0331741653594,0,4,1
1856,36,本科,20.896349059494057,136.932130868616,52.98234124485439,1,9,1
1857,46,大专,5.371825874276837,43.39708625112675,18.466173908424825,1,0,0
1858,43,本科,3.0,15.3689975403715,10.75829827826005,0,2,0
1859,53,大专,17.665267965021897,111.32700852183704,42.9450909008519,1,8,0
1860,53,大专,13.518932585359005,70.26357561917055,35.45199917435585,2,5,0
1861,33,本科,23.70632984755185,166.92184492832644,52.5573792745941,0,1,1
1862,58,大专,9.596410396442792,86.39197470994706,22.548386463935284,3,0,0
1863,36,高中及以下,11.75106248929263,53.528021276059704,29.88449653548303,1,4,0
1864,57,大专,18.230867315139314,115.15164545513076,44.43453110156129,1,5,0
1865,38,高中及以下,7.76268180896759,15.330500632811379,10.731350442967965,0,8,0
1866,24,大专,11.869572148844673,94.0190247293211,20.98041205338571,0,8,0
1867,54,本科,18.12631415549195,119.72609965427067,37.20564785044282,2,4,0
1868,21,硕士及以上,30.713381732801643,292.17844034381227,71.94780737901053,0,4,1
1869,54,高中及以下,9.928329977440445,47.79394545081864,5.932716116749127,0,9,0
1870,21,本科,22.86998168879743,169.26356229689412,34.2974702746637,0,7,1
1871,29,大专,11.69032405366485,80.2071307301541,19.902718412063184,0,2,0
1872,47,高中及以下,3.3580239726844514,10.003514770731499,0.7259019727830749,2,6,0
1873,62,大专,23.8848768405659,159.68785757982317,52.988857829539405,1,7,1
1874,38,高中及以下,6.976831317287768,23.499383626542347,13.773731316663888,1,2,0
1875,25,大专,11.157789581411263,78.61575078888072,25.685540874818678,1,9,0
1876,30,大专,13.670983394639078,76.1728209553365,25.828976100888244,2,2,0
1877,60,大专,14.335905548269906,91.25880251910034,36.31912222956519,2,5,0
1878,52,本科,16.066581787558587,105.53617747759618,40.603940284881794,1,4,0
1879,24,高中及以下,9.912830515254955,50.313792196873706,15.835520359331369,0,6,0
1880,37,高中及以下,9.80118884285913,32.88553868891915,12.395031010625887,1,9,0
1881,31,高中及以下,10.874096635104035,58.08383794585209,19.497293406840132,1,3,0
1882,28,本科,6.212562705063419,44.15075645983772,17.010776234243245,0,3,0
1883,58,大专,23.40438153503925,132.3239858991484,42.76598624580709,0,7,1
1884,47,本科,17.263558432327212,120.01948953043603,40.12192837997406,1,9,0
1885,28,大专,16.903113097234925,103.42874572592821,24.655252264646357,0,9,1
1886,49,高中及以下,3.109493292329879,6.302110662672712,0.8868662727994296,1,7,0
1887,38,硕士及以上,25.64499869375375,228.8736096078387,55.57320741086044,0,7,1
1888,22,高中及以下,6.638420668397927,18.108824228565823,2.1324907155145034,0,7,0
1889,40,高中及以下,17.348618822542726,121.92908969712875,31.837780930225247,1,9,0
1890,28,高中及以下,7.070931965820586,51.2414397322257,12.888223443917525,0,0,0
1891,31,硕士及以上,31.790399934700456,290.2100109967774,97.64506347236257,2,5,1
1892,59,本科,14.747897736634023,120.81697806858858,26.90431888815023,0,0,0
1893,51,本科,15.73690530173028,80.46954996185531,28.08946729655289,0,5,0
1894,26,硕士及以上,26.77224917399657,202.58504649845904,66.71790551231322,0,3,1
1895,58,高中及以下,16.4192256341465,76.1067622444839,19.518476062929327,0,3,0
1896,45,硕士及以上,18.550736704849406,146.27816818961304,56.39352323373961,1,8,0
1897,59,大专,7.421682223627837,40.98101047504208,12.246028894991992,3,7,0
1898,53,本科,8.263474171550916,60.929168809779895,9.641196987834512,0,5,0
1899,35,大专,8.56248940119275,65.18115388226566,21.654651427882754,1,8,0
1900,44,大专,9.941999744039464,42.57803870010858,21.395685450115216,2,0,0
1901,43,硕士及以上,19.927593729548057,185.34280385833358,63.94271126502256,1,6,0
1902,52,高中及以下,6.329261266926656,31.862151731916768,15.075940023001134,0,1,0
1903,31,硕士及以上,17.926427595332925,166.5504880069926,47.80155496092843,0,2,0
1904,34,大专,8.910056381161594,45.66375902566556,11.54915362700472,2,1,0
1905,31,本科,24.002101999551,188.76174109478882,47.76307257464495,0,5,1
1906,33,硕士及以上,30.017940351405514,268.6088334362037,97.03555405129657,1,6,1
1907,27,高中及以下,10.937338360862638,81.29942515686972,12.730885250456444,0,7,0
1908,21,硕士及以上,22.986107218604428,195.01913516220648,54.39153450183687,0,4,1
1909,62,本科,10.31957520477638,83.37943653276795,17.734598472099723,2,9,0
1910,23,本科,12.304219622328596,85.23451014789225,30.137539113301543,0,3,0
1911,59,高中及以下,9.783950865519925,44.00361807759817,16.027652925449434,0,1,0
1912,20,本科,22.340883898633344,165.87091739744662,37.11635090780156,0,0,1
1913,54,本科,22.511837085676603,153.0952574118924,54.59069264480611,3,1,0
1914,34,大专,17.153061812416666,62.988890817140074,29.5640648458278,1,4,0
1915,43,高中及以下,6.312215679660279,5.0,3.5,0,4,0
1916,32,大专,14.12274916201994,103.82282737638036,28.93884325348135,2,8,0
1917,42,本科,16.39328734981377,133.20688831689182,23.78399609828575,0,1,0
1918,40,高中及以下,8.994051182526249,73.28037010647044,20.747357135785606,2,2,0
1919,43,本科,28.185639484799065,197.03655266936082,78.398294832134,1,9,1
1920,37,硕士及以上,19.189998814981937,153.32046730486908,61.17524376364491,1,0,0
1921,44,高中及以下,8.826615920388695,37.83932196217846,15.021670436496965,2,4,0
1922,57,高中及以下,16.058744535980782,80.4650904103236,32.28506901562294,2,1,0
1923,39,本科,10.670542524832308,59.58822430954952,19.695661571088717,0,5,0
1924,36,高中及以下,6.781262873668748,58.634935212951746,7.303971806972973,2,9,0
1925,25,本科,15.354807512161802,141.07619577978866,35.968143260637106,1,2,0
1926,36,本科,16.883551389730076,125.3590702390632,41.6552937670202,2,3,0
1927,25,本科,10.020214201968914,69.97854321330946,19.828430317035817,0,4,1
1928,28,大专,16.976430301690197,82.43407713302469,27.548500678120458,0,7,0
1929,62,本科,21.331436412565722,172.5165633303008,55.553666934041004,1,9,1
1930,24,本科,20.54187662508974,144.93773853836387,30.481041223121856,0,0,1
1931,41,大专,9.648131628544593,53.551323795108374,24.744940935793643,1,4,0
1932,57,本科,18.432553953936477,136.24548900767343,47.112254772350276,1,7,0
1933,62,本科,13.502798802154562,85.73391868024416,47.26319621025568,1,0,0
1934,26,本科,16.337016696142438,116.56224446982434,28.36699412046216,0,8,1
1935,27,大专,24.76733963585439,126.96703505244143,41.740382685630976,0,2,1
1936,36,大专,14.47847688798128,103.17716916667419,46.28831450236095,1,5,0
1937,44,高中及以下,4.062367120064133,18.745669983285566,8.587396497636142,1,9,0
1938,63,大专,14.90167670331957,106.7920731294276,32.74356958498936,3,6,0
1939,29,高中及以下,3.2410203696834516,13.188059180792965,0.0,0,9,0
1940,27,硕士及以上,22.004948037424942,196.0015367050648,58.14268758193517,0,6,1
1941,31,大专,8.794384320256047,34.58154449715691,8.451394667931945,0,2,0
1942,59,本科,15.778452739021581,121.8455237684232,42.449551332440755,1,6,0
1943,21,高中及以下,14.684844977946007,60.28662557938365,17.823885238133848,0,6,0
1944,37,大专,16.891990990084196,94.05561034251674,36.553538685096804,2,3,0
1945,25,大专,16.61497664123664,99.70556763865791,19.796600815753074,0,0,0
1946,27,大专,8.505377172047288,52.85062578762407,20.49434712738608,0,6,0
1947,61,本科,15.293428222821756,81.4625434564859,37.6857225797182,1,5,0
1948,20,硕士及以上,29.36000553441594,260.7779618274232,61.30576440701942,0,7,1
1949,34,本科,14.858400073057936,115.93725379106125,44.22666517186349,2,1,0
1950,61,高中及以下,8.608167798494508,37.365768474614,13.619630556990682,2,5,0
1951,47,本科,20.20679346264975,138.0765779253484,53.301393755723716,1,8,1
1952,23,高中及以下,8.25613659399349,43.71677373260835,19.687338024409627,1,8,0
1953,40,硕士及以上,29.130297945510126,260.28327502138615,69.22420543781735,0,9,1
1954,63,本科,25.963642280097844,166.28776342487083,55.35392827315482,1,2,0
1955,38,大专,13.140706005065013,78.29904417538651,32.649150836133266,2,1,0
1956,43,高中及以下,15.89668904859603,94.3945427930686,29.303223152791915,1,5,0
1957,43,高中及以下,12.79685033653679,48.2166124736776,22.34895089698982,2,4,0
1958,49,大专,6.663790032566167,34.36551185310973,14.248239127420778,1,2,0
1959,28,硕士及以上,22.48931485368238,181.67936382411526,43.56281361949565,0,1,1
1960,57,本科,13.832020584650518,110.9448733499088,36.30166716709109,1,1,0
1961,64,硕士及以上,23.725825415336082,212.14705563545655,68.98205533345224,3,3,0
1962,26,高中及以下,9.548551269465928,34.989761843241695,11.700059447732494,0,7,0
1963,56,本科,21.07322024040911,148.89652568501143,54.623399871936336,2,0,0
1964,56,大专,20.275792083523612,103.60074927770988,38.21696861524632,0,1,0
1965,53,本科,19.54087544362541,121.28369513347178,45.82887095916436,2,2,0
1966,36,大专,11.771602219733952,48.727610370627005,33.39089378703932,1,8,0
1967,41,大专,3.5887937818506295,5.531074127742777,3.871751889419943,0,9,0
1968,57,本科,18.352947877086688,148.83069889960393,44.74473311350382,2,4,0
1969,26,高中及以下,10.128850968474957,39.64747987313584,8.383423749640052,0,0,0
1970,57,大专,14.914643767694788,96.48123944594091,25.89142825313033,1,0,0
1971,61,本科,28.531201488516665,187.1738891202778,54.284148018864116,0,8,1
1972,50,高中及以下,16.20298273096536,92.40791984127509,18.5926805073733,0,4,0
1973,35,硕士及以上,31.92530459124993,271.93651130727966,107.99813219545211,2,0,0
1974,45,本科,13.189614349642001,92.91571936392036,30.301845514193968,1,8,0
1975,22,本科,15.435026254016282,108.83795342614822,34.93313717875175,1,5,1
1976,61,本科,17.52577696535749,157.5975188039013,45.946491902709965,1,3,0
1977,35,本科,14.122964379948233,108.31712997934011,32.653939704970625,2,4,0
1978,22,本科,20.50232262492559,134.62269815954002,38.074558436080984,0,2,1
1979,55,本科,19.78454424607852,148.76754417730734,55.47945719902324,1,9,0
1980,49,本科,12.558461034726538,119.98184430036389,32.673014602069934,1,7,0
1981,48,大专,19.984083545480622,95.45995991561931,32.979037647192236,0,1,0
1982,22,高中及以下,10.511551669044302,39.920527706690606,15.479117089478004,0,7,0
1983,53,本科,9.354644266288744,61.929046477321805,15.435621148940779,1,1,0
1984,48,高中及以下,9.743285708275153,42.4601051342465,20.227849452668362,2,4,0
1985,55,大专,15.406032279614525,87.44484320273904,35.00104954437373,1,7,0
1986,57,高中及以下,14.863961807178702,54.756325051994864,24.90243411978782,0,0,0
1987,29,本科,16.31261798436692,135.24766669381862,44.70779295574308,1,7,1
1988,29,高中及以下,14.139691337236037,49.35932770903089,18.432332430671977,0,2,0
1989,61,本科,18.93570993385108,129.54677739262007,40.287706384847205,0,6,1
1990,43,本科,11.424726954812103,95.66054756009518,27.727023881481323,2,4,0
1991,39,本科,10.92416613258743,76.01639007092422,29.147029989149413,2,0,0
1992,32,大专,19.612799350746744,102.98588360093893,41.98466740626099,2,7,0
1993,48,本科,23.979920891908847,147.62931139775256,63.57748690344317,2,2,0
1994,53,本科,19.614546152023614,133.85183512374857,48.23271650523153,1,9,0
1995,20,大专,21.478533605900143,117.51575814764387,43.03298248626607,0,8,1
1996,44,本科,23.283049245208034,166.05981109200093,69.57500450763473,1,1,0
1997,64,大专,17.418143647398605,83.48709466852893,43.03797016815493,3,6,0
1998,32,硕士及以上,23.44344255633164,223.18651906029908,82.60828221454973,2,3,0
1999,32,高中及以下,18.65714375516172,95.01896162327556,27.28607213663298,1,6,0
